facility_ID,subtype_code,lat,lon,OGI_required_surveys,truck_required_surveys,aircraft_required_surveys,OGI_time,aircraft_time,truck_time,OGI_FU_time,total_emissions_kg,active_leaks,repaired_leaks,currently_flagged,flagged_by,date_flagged,lat_index,lon_index,OGI_t_since_last_LDAR,OGI_surveys_conducted,attempted_today_OGI?,surveys_done_this_year_OGI,OGI_missed_leaks,initial_leaks,cum_frac_sites,cum_frac_emissions
ABRAND01031,601,50.43,-113.26,1,4,2,120,5,30,120,15614.8619545152,2,14,False,,,19,13,162,6,False,1,0,1,0.0,0.034835570752841105
ABRAND01061,601,50.17,-112.78,1,4,2,120,5,30,120,12403.127660342401,1,9,False,,,20,14,162,6,False,1,1,0,0.002004008016032064,0.06669951022566083
ABRAND01019,601,50.42,-113.61,1,4,2,120,5,30,120,893.0318789088,2,8,False,,,19,13,162,6,False,1,0,0,0.004008016032064128,0.09782682828799727
ABRAND00690,621,52.55,-115.03,1,4,2,120,5,30,120,5961.272232182401,1,11,False,,,15,10,161,6,False,1,0,0,0.006012024048096192,0.12756486044014492
ABRAND00642,601,52.45,-115.18,1,4,2,120,5,30,120,2820.5869169376,1,7,False,,,15,10,161,6,False,1,1,0,0.008016032064128256,0.15603044840221103
ABRAND00670,351,52.7,-115.09,1,4,2,120,5,30,120,27933.365279404807,2,13,False,,,15,10,161,6,False,1,0,0,0.01002004008016032,0.1819116084315979
ABRAND00159,601,54.79,-119.06,1,4,2,120,5,30,120,9728.7972581952,1,15,False,,,10,2,161,6,False,1,0,0,0.012024048096192385,0.20557447815002688
ABRAND00242,401,54.28,-118.32,1,4,2,120,5,30,120,8166.409095801601,2,15,False,,,11,3,161,6,False,1,1,0,0.014028056112224449,0.22734650113921376
ABRAND00112,601,55.11,-119.38,1,4,2,120,5,30,120,16145.374995619199,0,15,False,,,10,1,161,6,False,1,0,0,0.01603206412825651,0.24892491583524973
ABRAND00230,322,54.62,-118.59,1,4,2,120,5,30,120,7437.0461943744,1,9,False,,,11,3,161,6,False,1,0,0,0.018036072144288578,0.2679437088415922
ABRAND00236,351,54.39,-118.53,1,4,2,120,5,30,120,4125.1601175552005,0,11,False,,,11,3,161,6,False,1,0,0,0.02004008016032064,0.28667817594250844
ABRAND00058,601,55.27,-119.67,1,4,2,120,5,30,120,16192.770185980802,4,10,False,,,9,1,158,6,False,1,1,0,0.022044088176352707,0.3049834673741165
ABRAND00121,601,55.44,-119.3,1,4,2,120,5,30,120,8765.3659320576,0,12,False,,,9,1,158,6,False,1,0,0,0.02404809619238477,0.32015844393853005
ABRAND00140,601,55.3,-119.19,1,4,2,120,5,30,120,14806.5575278176,1,17,False,,,9,2,158,6,False,1,1,0,0.026052104208416832,0.3352504467015619
ABRAND00170,601,55.34,-118.96,1,4,2,120,5,30,120,24875.386564608005,2,10,False,,,9,2,158,6,False,1,0,0,0.028056112224448898,0.34950529778358413
ABRAND00135,601,55.29,-119.24,1,4,2,120,5,30,120,5516.821827072001,2,9,False,,,9,2,158,6,False,1,0,0,0.03006012024048096,0.36339396256326784
ABRAND00175,601,55.34,-118.94,1,4,2,120,5,30,120,25978.101033974403,1,12,False,,,9,2,158,6,False,1,0,0,0.03206412825651302,0.37508627923186555
ABRAND00022,311,55.33,-119.88,1,4,2,120,5,30,120,8457.6537247392,2,22,False,,,9,0,158,6,False,1,0,10,0.03406813627254509,0.38620032795072506
ABRAND00034,601,55.27,-119.83,1,4,2,120,5,30,120,8628.4266469056,2,8,False,,,9,0,158,6,False,1,0,0,0.036072144288577156,0.3950777264122242
ABRAND00118,311,55.33,-119.33,1,4,2,120,5,30,120,4224.4097498496,1,11,False,,,9,1,158,6,False,1,2,0,0.03807615230460922,0.40338430255742236
ABRAND00117,311,55.4,-119.34,1,4,2,120,5,30,120,7192.531614988801,0,15,False,,,9,1,158,6,False,1,0,1,0.04008016032064128,0.4105822081271156
ABRAND00553,601,53.54,-115.54,1,4,2,120,5,30,120,10380.412795276801,0,11,False,,,13,9,129,6,False,1,0,0,0.04208416833667335,0.4165214392644812
ABRAND00853,351,52.37,-114.35,1,4,2,120,5,30,120,5738.469663744001,2,11,False,,,15,11,129,6,False,1,1,0,0.04408817635270541,0.4224293012958673
ABRAND00771,311,52.25,-114.6,1,4,2,120,5,30,120,13660.644192883197,0,12,False,,,15,11,129,6,False,1,0,0,0.04609218436873747,0.4281540417035323
ABRAND00822,311,52.48,-114.44,1,4,2,120,5,30,120,8575.745698080002,1,11,False,,,15,11,129,6,False,1,0,1,0.04809619238476954,0.43386472676429283
ABRAND00849,361,52.37,-114.36,1,4,2,120,5,30,120,9182.971576454402,2,21,False,,,15,11,129,6,False,1,2,0,0.050100200400801605,0.43949209282886426
ABRAND00835,601,52.42,-114.4,1,4,2,120,5,30,120,5256.9481846752005,0,13,False,,,15,11,129,6,False,1,0,0,0.052104208416833664,0.44496259962862383
ABRAND00830,601,52.55,-114.42,1,4,2,120,5,30,120,7545.875878627199,0,16,False,,,15,11,129,6,False,1,0,0,0.05410821643286573,0.45006002349533153
ABRAND00837,322,52.25,-114.39,1,4,2,120,5,30,120,1603.4476283136,1,5,False,,,15,11,129,6,False,1,0,0,0.056112224448897796,0.4549991450571984
ABRAND01099,601,50.23,-111.31,1,4,2,120,5,30,120,3047.252477328,5,8,False,,,20,17,128,6,False,1,2,0,0.05811623246492986,0.45968156531626864
ABRAND01101,601,50.36,-111.26,1,4,2,120,5,30,120,1704.3520907807997,0,5,False,,,19,17,128,6,False,1,0,0,0.06012024048096192,0.46432739267619805
ABRAND01073,601,50.15,-112.32,1,4,2,120,5,30,120,6671.789390995199,1,15,False,,,20,15,128,6,False,1,1,0,0.06212424849699399,0.4689680091536229
ABRAND01067,601,50.17,-112.68,1,4,2,120,5,30,120,9943.315415769599,0,14,False,,,20,15,128,6,False,1,0,0,0.06412825651302605,0.47355463866884034
ABRAND01074,601,50.13,-112.29,1,4,2,120,5,30,120,4662.270054921601,0,14,False,,,20,15,128,6,False,1,0,0,0.06613226452905811,0.478066648788092
ABRAND01018,601,50.22,-113.66,1,4,2,120,5,30,120,7657.525457913601,0,13,False,,,20,13,128,6,False,1,0,1,0.06813627254509018,0.4825685808427514
ABRAND01030,601,50.11,-113.36,1,4,2,120,5,30,120,7123.4725854816015,1,19,False,,,20,13,128,6,False,1,0,5,0.07014028056112225,0.4869140965078368
ABRAND01020,601,50.2,-113.55,1,4,2,120,5,30,120,4490.101894752,1,10,False,,,20,13,128,6,False,1,0,0,0.07214428857715431,0.4909984864072113
ABRAND00209,351,54.25,-118.72,1,4,2,120,5,30,120,1865.4005234304,1,8,False,,,11,3,117,6,False,1,0,0,0.07414829659318638,0.4947825490484565
ABRAND00208,351,54.34,-118.72,1,4,2,120,5,30,120,6406.971927206399,0,10,False,,,11,3,117,6,False,1,0,0,0.07615230460921844,0.49854537048029357
ABRAND00680,621,52.66,-115.06,1,4,2,120,5,30,120,4062.428182944,0,15,False,,,15,10,117,6,False,1,0,0,0.0781563126252505,0.5022937309428185
ABRAND00663,321,52.4,-115.13,1,4,2,120,5,30,120,8805.4184244672,1,14,False,,,15,10,117,6,False,1,0,0,0.08016032064128256,0.5059441568005228
ABRAND01100,601,50.16,-111.3,1,4,2,120,5,30,120,92140.506612432,0,16,False,,,20,17,117,6,False,1,0,0,0.08216432865731463,0.5095460479734508
ABRAND01006,601,50.19,-113.9,1,4,2,120,5,30,120,9089.815352803202,1,17,False,,,20,12,117,6,False,1,0,0,0.0841683366733467,0.5131437913324682
ABRAND00719,621,52.52,-114.86,1,4,2,120,5,30,120,3946.0856519232007,1,11,False,,,15,10,117,6,False,1,0,0,0.08617234468937876,0.5167388464722077
ABRAND00648,361,52.74,-115.16,1,4,2,120,5,30,120,13110.649658006401,1,11,False,,,15,10,117,6,False,1,1,0,0.08817635270541083,0.5202218470972318
ABRAND00721,311,52.33,-114.83,1,4,2,120,5,30,120,23591.090518387202,1,18,False,,,15,10,117,6,False,1,0,1,0.09018036072144289,0.5236997499168643
ABRAND00019,601,54.97,-119.89,1,4,2,120,5,30,120,3243.2256657216003,1,12,False,,,10,0,115,6,False,1,0,0,0.09218436873747494,0.5271573582061807
ABRAND00093,311,54.84,-119.51,1,4,2,120,5,30,120,13147.988777510403,0,10,False,,,10,1,115,6,False,1,0,0,0.09418837675350701,0.5305472887560599
ABRAND00147,601,54.88,-119.14,1,4,2,120,5,30,120,11393.799627772802,0,15,False,,,10,2,115,6,False,1,0,0,0.09619238476953908,0.5339120869052874
ABRAND00155,601,54.8,-119.1,1,4,2,120,5,30,120,12749.435159270402,1,12,False,,,10,2,115,6,False,1,0,0,0.09819639278557114,0.5372261159472584
ABRAND00069,601,55.01,-119.6,1,4,2,120,5,30,120,5552.387555385601,1,12,False,,,10,1,115,6,False,1,0,0,0.10020040080160321,0.5405034507622568
ABRAND00080,601,54.85,-119.56,1,4,2,120,5,30,120,3963.1682640384006,0,11,False,,,10,1,115,6,False,1,0,0,0.10220440881763528,0.5437471918234558
ABRAND00106,311,55.2,-119.4,1,4,2,120,5,30,120,9923.8442256288,1,14,False,,,10,1,115,6,False,1,2,0,0.10420841683366733,0.5469711121887366
ABRAND00152,601,54.8,-119.12,1,4,2,120,5,30,120,9269.7129221184,1,14,False,,,10,2,115,6,False,1,0,1,0.1062124248496994,0.5501595465998388
ABRAND00768,311,52.04,-114.62,1,4,2,120,5,30,120,7834.775002790402,0,13,False,,,16,11,114,6,False,1,0,0,0.10821643286573146,0.5533242712765069
ABRAND00801,621,52.48,-114.5,1,4,2,120,5,30,120,10351.6777001952,1,18,False,,,15,11,114,6,False,1,0,0,0.11022044088176353,0.5564620339292089
ABRAND00872,621,52.26,-114.32,1,4,2,120,5,30,120,8385.3899244864,1,12,False,,,15,11,114,6,False,1,0,0,0.11222444889779559,0.5595821278641566
ABRAND00897,362,52.67,-114.26,1,4,2,120,5,30,120,25916.896771459207,0,13,False,,,15,11,114,6,False,1,0,8,0.11422845691382766,0.5626972032892956
ABRAND00826,621,52.12,-114.43,1,4,2,120,5,30,120,10105.1629054272,0,18,False,,,16,11,114,6,False,1,0,0,0.11623246492985972,0.5657706212905904
ABRAND00730,601,52.22,-114.8,1,4,2,120,5,30,120,9202.375713110401,2,13,False,,,16,10,114,6,False,1,0,0,0.11823647294589178,0.568767916592479
ABRAND00774,311,51.68,-114.6,1,4,2,120,5,30,120,144153.56193825597,2,14,False,,,17,11,114,6,False,1,0,0,0.12024048096192384,0.5717063397100769
ABRAND00713,351,52.12,-114.9,1,4,2,120,5,30,120,361566.1898269633,1,25,False,,,16,10,114,6,False,1,0,7,0.12224448897795591,0.5745729261867718
ABRAND00727,601,52.24,-114.81,1,4,2,120,5,30,120,16824.2632669152,0,13,False,,,16,10,114,6,False,1,0,1,0.12424849699398798,0.5774217522167142
ABRAND00423,311,53.21,-115.92,1,4,2,120,5,30,120,19212.6623010912,0,18,False,,,14,8,108,6,False,1,0,0,0.12625250501002003,0.580236741115535
ABRAND00382,351,52.99,-116.03,1,4,2,120,5,30,120,9009.205155561602,2,11,False,,,14,8,108,6,False,1,0,0,0.1282565130260521,0.5830457616873855
ABRAND00449,361,53.17,-115.87,1,4,2,120,5,30,120,7360.2251103456,0,9,False,,,14,8,108,6,False,1,0,0,0.13026052104208416,0.5857649788809515
ABRAND00474,311,53.07,-115.8,1,4,2,120,5,30,120,28223.364186144005,0,10,False,,,14,8,108,6,False,1,0,2,0.13226452905811623,0.5884569117069979
ABRAND00394,361,52.88,-116,1,4,2,120,5,30,120,59418.36267399361,0,14,False,,,14,8,108,6,False,1,0,0,0.1342685370741483,0.5911481885739563
ABRAND00374,351,52.92,-116.07,1,4,2,120,5,30,120,11457.583262841603,2,18,False,,,14,8,108,6,False,1,0,2,0.13627254509018036,0.593824790896826
ABRAND00333,361,53.15,-116.24,1,4,2,120,5,30,120,121357.17304905597,2,11,False,,,14,8,108,6,False,1,5,2,0.13827655310621242,0.5964750444343563
ABRAND01025,601,55.63,-113.44,1,4,2,120,5,30,120,147954.29157299516,1,12,False,,,9,13,108,6,False,1,0,0,0.1402805611222445,0.5991008382522282
ABRAND01162,601,50.7,-110.44,1,4,2,120,5,30,120,10092.721710384,1,9,False,,,19,19,105,6,False,1,0,0,0.14228456913827656,0.6016921522268169
ABRAND01150,601,50.58,-110.53,1,4,2,120,5,30,120,10067.2910741088,1,9,False,,,19,19,105,6,False,1,0,0,0.14428857715430862,0.6042628398839596
ABRAND01091,601,50.8,-111.46,1,4,2,120,5,30,120,1935.6573131999999,2,6,False,,,18,17,105,6,False,1,6,0,0.1462925851703407,0.6068251795981902
ABRAND01084,601,51.02,-111.72,1,4,2,120,5,30,120,11470.185977846404,2,6,False,,,18,17,105,6,False,1,2,0,0.14829659318637275,0.6093395995221702
ABRAND01086,601,51.03,-111.55,1,4,2,120,5,30,120,32384.1536561952,0,27,False,,,18,17,105,6,False,1,0,0,0.15030060120240482,0.6118424938802587
ABRAND01089,601,51.04,-111.48,1,4,2,120,5,30,120,7181.865472780801,0,11,False,,,18,17,105,6,False,1,0,0,0.1523046092184369,0.6143394914330673
ABRAND01088,601,50.97,-111.51,1,4,2,120,5,30,120,5108.586660028799,3,16,False,,,18,17,105,6,False,1,0,0,0.15430861723446893,0.6167891966724051
ABRAND01079,601,51.07,-112.03,1,4,2,120,5,30,120,115355.2005029664,0,8,False,,,18,16,105,6,False,1,0,0,0.156312625250501,0.6192124019735266
ABRAND00604,311,53.32,-115.31,1,4,2,120,5,30,120,11671.6563423936,0,14,False,,,13,9,104,6,False,1,0,0,0.15831663326653306,0.6216090538537545
ABRAND00228,351,54.55,-118.63,1,4,2,120,5,30,120,3074.382559612801,0,16,False,,,11,3,104,6,False,1,0,1,0.16032064128256512,0.6239691762384039
ABRAND00251,361,53.88,-117.85,1,4,2,120,5,30,120,21384.9381210048,1,18,False,,,12,4,104,6,False,1,0,0,0.1623246492985972,0.6263075421914683
ABRAND01117,601,50.17,-110.93,1,4,2,120,5,30,120,4415.6762738784,0,9,False,,,20,18,104,6,False,1,0,1,0.16432865731462926,0.6286245968946309
ABRAND01111,601,50.19,-110.98,1,4,2,120,5,30,120,12942.8667787392,1,12,False,,,20,18,104,6,False,1,0,0,0.16633266533066132,0.6309189483162764
ABRAND01040,601,51.61,-113.12,1,4,2,120,5,30,120,4285.0314715104005,0,9,False,,,17,14,104,6,False,1,0,0,0.1683366733466934,0.6332070787652129
ABRAND01043,601,51.67,-113.06,1,4,2,120,5,30,120,5221.3910671584,0,17,False,,,17,14,104,6,False,1,0,0,0.17034068136272545,0.6354799934514097
ABRAND01042,601,51.66,-113.08,1,4,2,120,5,30,120,18107.3513152512,1,22,False,,,17,14,104,6,False,1,1,0,0.17234468937875752,0.6377181498225096
ABRAND00884,351,52.33,-114.28,1,4,2,120,5,30,120,7293.1095639936,0,11,False,,,15,11,103,6,False,1,0,1,0.1743486973947896,0.6399406510241606
ABRAND01029,601,52.02,-113.37,1,4,2,120,5,30,120,7426.9334029536,2,10,False,,,16,13,103,6,False,1,0,0,0.17635270541082165,0.6421448734106467
ABRAND01032,601,51.68,-113.26,1,4,2,120,5,30,120,15758.789975481603,0,14,False,,,17,13,103,6,False,1,0,1,0.17835671342685372,0.644347218493044
ABRAND00785,351,52.4,-114.55,1,4,2,120,5,30,120,2825.4448416096,0,10,False,,,15,11,103,6,False,1,0,0,0.18036072144288579,0.6465057257065753
ABRAND00786,311,52.45,-114.55,1,4,2,120,5,30,120,29155.4535596832,1,10,False,,,15,11,103,6,False,1,0,0,0.18236472945891782,0.6486090118589798
ABRAND01167,506,55.26,-110.32,1,4,2,120,5,30,120,46726.5609457632,1,14,False,,,9,19,103,6,False,1,0,0,0.1843687374749499,0.6507017608505143
ABRAND01012,331,55.51,-113.85,1,4,2,120,5,30,120,8006.144195808,2,10,False,,,9,12,103,6,False,1,3,0,0.18637274549098196,0.6527926494290663
ABRAND01129,331,55.52,-110.76,1,4,2,120,5,30,120,3429.8250276384,1,11,False,,,9,18,103,6,False,1,0,0,0.18837675350701402,0.654871949196693
ABRAND00089,601,54.78,-119.52,1,4,2,120,5,30,120,23230.326182313598,1,11,False,,,10,1,81,6,False,1,0,0,0.1903807615230461,0.6569444634263341
ABRAND00127,601,55.09,-119.29,1,4,2,120,5,30,120,5154.6604593311995,0,11,False,,,10,1,81,6,False,1,0,0,0.19238476953907815,0.6590048234542335
ABRAND00274,601,54.85,-117.54,1,4,2,120,5,30,120,7652.413261065601,0,10,False,,,10,5,81,6,False,1,0,0,0.19438877755511022,0.6610397144912254
ABRAND00219,351,54.46,-118.69,1,4,2,120,5,30,120,7132.169330928,1,13,False,,,11,3,81,6,False,1,0,0,0.1963927855711423,0.6630398021841417
ABRAND00232,351,54.26,-118.56,1,4,2,120,5,30,120,7573.564445846401,0,12,False,,,11,3,81,6,False,1,0,1,0.19839679358717435,0.6650179648907766
ABRAND00214,351,54.45,-118.7,1,4,2,120,5,30,120,21830.477980003205,1,15,False,,,11,3,81,6,False,1,0,0,0.20040080160320642,0.6669942228153524
ABRAND00253,361,54.42,-117.79,1,4,2,120,5,30,120,7296.9381514656,2,12,False,,,11,4,81,6,False,1,0,0,0.20240480961923848,0.6689678047701227
ABRAND00032,601,55.04,-119.83,1,4,2,120,5,30,120,6779.130999840001,1,10,False,,,10,0,81,6,False,1,0,1,0.20440881763527055,0.6709230837333923
ABRAND00992,351,52.77,-113.99,1,4,2,120,5,30,120,17722.1582857728,2,18,False,,,14,12,80,6,False,1,5,0,0.20641282565130262,0.6728627482615488
ABRAND00998,621,52.77,-113.94,1,4,2,120,5,30,120,4337.4031282944,0,9,False,,,14,12,80,6,False,1,0,0,0.20841683366733466,0.6747740277654746
ABRAND00933,361,52.96,-114.18,1,4,2,120,5,30,120,11782.1408754816,0,16,False,,,14,12,80,6,False,1,0,0,0.21042084168336672,0.6766760613192147
ABRAND00958,361,52.83,-114.12,1,4,2,120,5,30,120,3319.9041297888,0,10,False,,,14,12,80,6,False,1,0,0,0.2124248496993988,0.6785650767687855
ABRAND00957,621,52.9,-114.12,1,4,2,120,5,30,120,16251.212952000002,0,13,False,,,14,12,80,6,False,1,0,0,0.21442885771543085,0.6804525905773582
ABRAND01003,361,52.9,-113.91,1,4,2,120,5,30,120,8870.1161638464,0,18,False,,,14,12,80,6,False,1,0,0,0.21643286573146292,0.6823315792960736
ABRAND00956,362,52.85,-114.12,1,4,2,120,5,30,120,36150.8434608384,1,10,False,,,14,12,80,6,False,1,5,0,0.218436873747495,0.6841886284644905
ABRAND00972,351,53.04,-114.08,1,4,2,120,5,30,120,6554.908991635201,2,15,False,,,14,12,80,6,False,1,0,1,0.22044088176352705,0.6860396977175652
ABRAND01008,361,52.77,-113.88,1,4,2,120,5,30,120,14108.5176674112,3,16,False,,,14,12,80,6,False,1,3,1,0.22244488977955912,0.6878184165896226
ABRAND00273,601,54.07,-117.55,1,4,2,120,5,30,120,268626.3557017824,0,10,False,,,12,5,72,6,False,1,1,0,0.22444889779559118,0.6895685318971313
ABRAND00420,601,52.87,-115.92,1,4,2,120,5,30,120,9508.558499855999,0,11,False,,,14,8,72,6,False,1,0,1,0.22645290581162325,0.6913131085075462
ABRAND00612,621,53.35,-115.28,1,4,2,120,5,30,120,11106.0776344896,1,16,False,,,13,9,72,6,False,1,0,0,0.22845691382765532,0.6930491633354237
ABRAND00504,311,53.28,-115.7,1,4,2,120,5,30,120,10221.452186227203,0,13,False,,,13,9,72,6,False,1,0,0,0.23046092184368738,0.6947739921000062
ABRAND00555,601,53.33,-115.53,1,4,2,120,5,30,120,7366.890770812801,0,15,False,,,13,9,72,6,False,1,0,0,0.23246492985971945,0.6964851080654658
ABRAND00558,311,53.34,-115.52,1,4,2,120,5,30,120,10369.2981134304,1,24,False,,,13,9,72,6,False,1,2,0,0.23446893787575152,0.6981925727461444
ABRAND00540,601,53.74,-115.59,1,4,2,120,5,30,120,11017.848129177602,0,18,False,,,13,9,72,6,False,1,0,0,0.23647294589178355,0.699895846729353
ABRAND00549,311,53.34,-115.54,1,4,2,120,5,30,120,11616.818762217601,1,17,False,,,13,9,72,6,False,1,4,0,0.23847695390781562,0.7015873746146417
ABRAND00701,601,52.99,-114.98,1,4,2,120,5,30,120,9947.375954409601,0,11,False,,,14,10,71,6,False,1,0,0,0.24048096192384769,0.7032559634599683
ABRAND00625,311,52.75,-115.24,1,4,2,120,5,30,120,19606.5143720928,0,17,False,,,14,10,71,6,False,1,0,0,0.24248496993987975,0.7049233779732166
ABRAND00679,351,52.91,-115.06,1,4,2,120,5,30,120,14360.830357334404,0,19,False,,,14,10,71,6,False,1,0,0,0.24448897795591182,0.7065839880773416
ABRAND00685,351,53.14,-115.05,1,4,2,120,5,30,120,12370.419656352002,0,11,False,,,14,10,71,6,False,1,0,0,0.24649298597194388,0.708208146672005
ABRAND00650,621,52.98,-115.15,1,4,2,120,5,30,120,24496.238749680004,1,12,False,,,14,10,71,6,False,1,5,0,0.24849699398797595,0.7098291024745361
ABRAND00645,361,53.02,-115.17,1,4,2,120,5,30,120,157504.4800051392,0,14,False,,,14,10,71,6,False,1,0,0,0.250501002004008,0.71144373333417
ABRAND00715,351,52.8,-114.88,1,4,2,120,5,30,120,14457.0951425664,1,17,False,,,14,10,71,6,False,1,0,0,0.25250501002004005,0.7130546524675792
ABRAND01109,601,49.39,-110.99,1,4,2,120,5,30,120,8833.220387884801,1,18,False,,,21,18,71,6,False,1,2,3,0.2545090180360721,0.7146655659723067
ABRAND01130,601,55.06,-110.75,1,4,2,120,5,30,120,10938.298235414399,1,13,False,,,10,18,70,6,False,1,0,1,0.2565130260521042,0.7162673242589426
ABRAND01105,601,50.74,-111.21,1,4,2,120,5,30,120,6052.137811430402,0,13,False,,,19,18,70,6,False,1,1,0,0.25851703406813625,0.7178667393515166
ABRAND01127,601,50.75,-110.76,1,4,2,120,5,30,120,23749.0183272384,1,13,False,,,18,18,70,6,False,1,1,0,0.2605210420841683,0.719434623090578
ABRAND01125,601,50.35,-110.77,1,4,2,120,5,30,120,2163.235319712,0,11,False,,,19,18,70,6,False,1,0,0,0.2625250501002004,0.7210003676057933
ABRAND01128,601,50.29,-110.76,1,4,2,120,5,30,120,17318.6572849056,0,14,False,,,19,18,70,6,False,1,0,0,0.26452905811623245,0.7225604813757457
ABRAND01065,601,51.69,-112.69,1,4,2,120,5,30,120,59272.479080956815,2,16,False,,,17,15,70,6,False,1,5,0,0.2665330661322645,0.7241160287936617
ABRAND01140,601,50.42,-110.66,1,4,2,120,5,30,120,12056.7566647584,0,12,False,,,19,19,70,6,False,1,0,0,0.2685370741482966,0.7256498038787818
ABRAND01163,601,50.4,-110.44,1,4,2,120,5,30,120,9199.8513363168,2,15,False,,,19,19,70,6,False,1,0,0,0.27054108216432865,0.727168105253788
ABRAND00031,601,55.29,-119.83,1,4,2,120,5,30,120,13046.5310226624,1,10,False,,,9,0,69,6,False,1,0,0,0.2725450901803607,0.7286835102945541
ABRAND00004,601,55.32,-119.96,1,4,2,120,5,30,120,13397.4798325632,1,20,False,,,9,0,69,6,False,1,0,0,0.2745490981963928,0.7301983775932392
ABRAND00105,601,55.84,-119.42,1,4,2,120,5,30,120,51264.248744102406,2,17,False,,,8,1,69,6,False,1,0,0,0.27655310621242485,0.7317029317325519
ABRAND00060,601,56.12,-119.65,1,4,2,120,5,30,120,11421.4263706944,0,19,False,,,8,1,69,6,False,1,0,2,0.2785571142284569,0.7332073661728203
ABRAND00057,601,56.03,-119.68,1,4,2,120,5,30,120,2804.3669380608003,1,8,False,,,8,1,69,6,False,1,0,0,0.280561122244489,0.7347058173873223
ABRAND00046,601,56.03,-119.71,1,4,2,120,5,30,120,7611.085749772801,0,17,False,,,8,1,69,6,False,1,0,1,0.28256513026052105,0.7361892935603072
ABRAND00111,601,55.55,-119.38,1,4,2,120,5,30,120,58407.692561280004,0,23,False,,,9,1,69,6,False,1,0,0,0.2845691382765531,0.7376512005440653
ABRAND00048,311,55.26,-119.71,1,4,2,120,5,30,120,19741.6321905024,1,15,False,,,9,1,69,6,False,1,0,2,0.2865731462925852,0.739095832513505
ABRAND00965,362,52.67,-114.1,1,4,2,120,5,30,120,32567.541234451204,1,8,False,,,15,12,67,6,False,1,0,0,0.28857715430861725,0.7405396338607061
ABRAND00951,362,52.7,-114.14,1,4,2,120,5,30,120,8271.9652171968,0,14,False,,,15,12,67,6,False,1,0,0,0.2905811623246493,0.7419806512893958
ABRAND00926,361,52.67,-114.2,1,4,2,120,5,30,120,22878.1177569216,2,17,False,,,15,12,67,6,False,1,0,0,0.2925851703406814,0.743413579381734
ABRAND00936,601,52.42,-114.18,1,4,2,120,5,30,120,10252.359295488002,2,14,False,,,15,12,67,6,False,1,0,0,0.29458917835671344,0.7448415457609114
ABRAND00949,351,52.58,-114.15,1,4,2,120,5,30,120,9272.1650924448,1,10,False,,,15,12,67,6,False,1,0,0,0.2965931863727455,0.7462681030466277
ABRAND00961,351,52.71,-114.11,1,4,2,120,5,30,120,4439.0069565984,0,17,False,,,15,12,67,6,False,1,0,0,0.2985971943887776,0.7476927686242816
ABRAND00583,601,52.68,-115.4,1,4,2,120,5,30,120,6469.5870108288,0,12,False,,,15,9,67,6,False,1,0,0,0.30060120240480964,0.7491164549086249
ABRAND00699,351,52.9,-114.98,1,4,2,120,5,30,120,17235.8441432352,1,11,False,,,14,10,67,6,False,1,0,0,0.3026052104208417,0.7505325735413976
ABRAND00041,601,55.18,-119.78,1,4,2,120,5,30,120,6388.1880730848,0,12,False,,,10,0,57,6,False,1,0,0,0.3046092184368738,0.7519254614133538
ABRAND00026,601,55.07,-119.86,1,4,2,120,5,30,120,18461.721494563197,1,12,False,,,10,0,57,6,False,1,0,1,0.3066132264529058,0.7533091087976109
ABRAND00052,601,55.11,-119.69,1,4,2,120,5,30,120,5658.706671984,0,10,False,,,10,1,57,6,False,1,0,0,0.30861723446893785,0.7546927219120503
ABRAND00062,601,55.13,-119.64,1,4,2,120,5,30,120,2167.9884392832005,1,11,False,,,10,1,57,6,False,1,1,0,0.3106212424849699,0.756072720322533
ABRAND00078,601,54.98,-119.56,1,4,2,120,5,30,120,4977.9625371552,0,13,False,,,10,1,57,6,False,1,0,0,0.312625250501002,0.7574394918541153
ABRAND00065,503,55.03,-119.62,1,4,2,120,5,30,120,15919.3950778944,1,16,False,,,10,1,57,6,False,1,0,2,0.31462925851703405,0.758804842207269
ABRAND00039,601,55,-119.79,1,4,2,120,5,30,120,12085.1583747264,1,11,False,,,10,0,57,6,False,1,0,0,0.3166332665330661,0.7601651015449638
ABRAND00018,601,55.04,-119.9,1,4,2,120,5,30,120,12570.766165814402,0,11,False,,,10,0,57,6,False,1,0,0,0.3186372745490982,0.7615244052609887
ABRAND00043,501,55.23,-119.77,1,4,2,120,5,30,120,47605.654855814406,0,20,False,,,10,0,57,6,False,1,0,2,0.32064128256513025,0.7628828940813421
ABRAND00749,601,53.07,-114.69,1,4,2,120,5,30,120,31899.693688329597,0,14,False,,,14,11,56,6,False,1,0,3,0.3226452905811623,0.7642155299763517
ABRAND00864,351,53.07,-114.33,1,4,2,120,5,30,120,23067.837672825597,0,15,False,,,14,11,56,6,False,1,0,3,0.3246492985971944,0.7655432963783085
ABRAND00746,621,52.76,-114.7,1,4,2,120,5,30,120,3059.217702288,0,10,False,,,14,11,56,6,False,1,0,1,0.32665330661322645,0.7668710053266539
ABRAND01009,351,52.73,-113.86,1,4,2,120,5,30,120,13494.9062065248,0,11,False,,,15,12,56,6,False,1,0,0,0.3286573146292585,0.7681944754027061
ABRAND00996,361,52.74,-113.98,1,4,2,120,5,30,120,13831.726381171202,0,16,False,,,15,12,56,6,False,1,0,0,0.3306613226452906,0.7695110915656176
ABRAND01077,601,52.15,-112.13,1,4,2,120,5,30,120,18018.9018259488,0,8,False,,,16,16,56,6,False,1,0,1,0.33266533066132264,0.7708272443218759
ABRAND00753,601,53.22,-114.67,1,4,2,120,5,30,120,225976.70217254406,1,15,False,,,14,11,56,6,False,1,0,0,0.3346693386773547,0.772142922084283
ABRAND00931,351,52.49,-114.19,1,4,2,120,5,30,120,74708.67378729601,0,15,False,,,15,12,56,6,False,1,0,2,0.3366733466933868,0.7734431065959636
ABRAND00973,311,52.73,-114.07,1,4,2,120,5,30,120,9242.4676638816,2,18,False,,,15,12,56,6,False,1,6,2,0.33867735470941884,0.7747354448163996
ABRAND00541,601,52.83,-115.59,1,4,2,120,5,30,120,10116.8583571872,0,15,False,,,14,9,55,6,False,1,1,0,0.3406813627254509,0.7760277346956259
ABRAND00502,311,53.1,-115.71,1,4,2,120,5,30,120,12552.265926864002,1,16,False,,,14,9,55,6,False,1,0,0,0.342685370741483,0.7773185325349935
ABRAND00547,601,52.97,-115.56,1,4,2,120,5,30,120,8475.7210395552,0,8,False,,,14,9,55,6,False,1,0,0,0.34468937875751504,0.7786000336014605
ABRAND00529,311,52.94,-115.61,1,4,2,120,5,30,120,3344.8329654912004,0,9,False,,,14,9,55,6,False,1,0,0,0.3466933867735471,0.7798788790556088
ABRAND00869,311,52.06,-114.33,1,4,2,120,5,30,120,5705.923120272001,3,7,False,,,16,11,55,6,False,1,4,0,0.3486973947895792,0.7811456393506899
ABRAND00762,351,52.19,-114.64,1,4,2,120,5,30,120,22403.6297394912,1,16,False,,,16,11,55,6,False,1,0,0,0.35070140280561124,0.7824088021591256
ABRAND00811,311,52,-114.47,1,4,2,120,5,30,120,5782.336947187201,1,7,False,,,16,11,55,6,False,1,1,0,0.3527054108216433,0.7836702573674916
ABRAND00860,601,52.4,-114.34,1,4,2,120,5,30,120,5826.736976486401,0,11,False,,,15,11,55,6,False,1,0,0,0.35470941883767537,0.7849272425815588
ABRAND01028,601,56.12,-113.37,1,4,2,120,5,30,120,4366.188070992001,0,11,False,,,8,13,54,6,False,1,0,0,0.35671342685370744,0.7861757730615629
ABRAND01064,601,56.1,-112.75,1,4,2,120,5,30,120,6497.5797171072,0,9,False,,,8,14,54,6,False,1,0,0,0.3587174348697395,0.7874228123345235
ABRAND01033,621,56.26,-113.24,1,4,2,120,5,30,120,6312.241667404801,0,12,False,,,7,14,54,6,False,1,0,1,0.36072144288577157,0.7886698098804809
ABRAND01050,601,56.17,-112.93,1,4,2,120,5,30,120,2650.5461045664006,1,9,False,,,8,14,54,6,False,1,0,0,0.3627254509018036,0.7899070270518216
ABRAND01046,601,56.22,-113,1,4,2,120,5,30,120,223967.19834181442,0,15,False,,,8,14,54,6,False,1,0,0,0.36472945891783565,0.7911358767406032
ABRAND01027,601,56.22,-113.41,1,4,2,120,5,30,120,9543.5674559424,0,16,False,,,8,13,54,6,False,1,0,0,0.3667334669338677,0.7923642378624273
ABRAND01045,601,56.05,-113.03,1,4,2,120,5,30,120,16600.6874145024,1,16,False,,,8,14,54,6,False,1,3,0,0.3687374749498998,0.7935823768822959
ABRAND01024,601,56.19,-113.48,1,4,2,120,5,30,120,3174.7801255487993,0,12,False,,,8,13,54,6,False,1,0,0,0.37074148296593185,0.7947935239046329
ABRAND01112,344,55.76,-110.97,1,4,2,120,5,30,120,5177.8794614112,0,12,False,,,8,18,54,6,False,1,0,0,0.3727454909819639,0.7960028884970828
ABRAND00424,601,53.82,-115.91,1,4,2,120,5,30,120,2452.3612995168,0,7,False,,,12,8,53,6,False,1,0,0,0.374749498997996,0.7972023882686589
ABRAND01160,601,55.02,-110.45,1,4,2,120,5,30,120,15723.1469283264,0,13,False,,,10,19,53,6,False,1,0,0,0.37675350701402804,0.798397383938401
ABRAND01131,361,55.1,-110.73,1,4,2,120,5,30,120,24049.229639068802,0,12,False,,,10,19,53,6,False,1,0,0,0.3787575150300601,0.7995905898911697
ABRAND01143,601,55.13,-110.62,1,4,2,120,5,30,120,11775.818905660803,0,15,False,,,10,19,53,6,False,1,0,0,0.3807615230460922,0.8007824342651899
ABRAND01146,506,54.99,-110.59,1,4,2,120,5,30,120,25426.039259433604,1,10,False,,,10,19,53,6,False,1,0,1,0.38276553106212424,0.8019710584690403
ABRAND01145,601,55.15,-110.6,1,4,2,120,5,30,120,7196.188367808001,0,13,False,,,10,19,53,6,False,1,0,1,0.3847695390781563,0.8031525665027244
ABRAND01151,344,55.09,-110.53,1,4,2,120,5,30,120,33667.5148687584,0,10,False,,,10,19,53,6,False,1,0,0,0.3867735470941884,0.8043213703459604
ABRAND01153,601,54.87,-110.51,1,4,2,120,5,30,120,12841.354080403202,1,12,False,,,10,19,53,6,False,1,1,0,0.38877755511022044,0.8054857308461044
ABRAND00085,601,57.51,-119.55,1,4,2,120,5,30,120,32847.3861189984,1,13,False,,,5,1,52,6,False,1,0,0,0.3907815631262525,0.8066492032739112
ABRAND00077,601,57.41,-119.56,1,4,2,120,5,30,120,39055.16627706241,0,16,False,,,5,1,52,6,False,1,0,0,0.3927855711422846,0.8078108273739024
ABRAND00011,601,57.57,-119.91,1,4,2,120,5,30,120,999.6362603136001,1,7,False,,,5,0,52,6,False,1,1,0,0.39478957915831664,0.8089646987224703
ABRAND00016,601,57.3,-119.9,1,4,2,120,5,30,120,3693.4911655488,0,11,False,,,5,0,52,6,False,1,0,0,0.3967935871743487,0.8101158207600705
ABRAND00303,601,54.11,-116.81,1,4,2,120,5,30,120,56779.61512515841,1,21,False,,,12,6,52,6,False,1,0,4,0.39879759519038077,0.8112620580724909
ABRAND00557,351,53.82,-115.53,1,4,2,120,5,30,120,25150.9904663616,0,20,False,,,12,9,52,6,False,1,0,5,0.40080160320641284,0.8123972239525865
ABRAND00634,621,53.33,-115.2,1,4,2,120,5,30,120,7969.533676185601,0,10,False,,,13,10,52,6,False,1,0,0,0.4028056112224449,0.8135317807341736
ABRAND00544,601,53.84,-115.57,1,4,2,120,5,30,120,13273.423349788802,1,13,False,,,12,9,52,6,False,1,0,0,0.40480961923847697,0.8146563018364174
ABRAND00120,601,54.94,-119.32,1,4,2,120,5,30,120,13780.588498416002,0,17,False,,,10,1,51,6,False,1,0,0,0.40681362725450904,0.8157755395397761
ABRAND00125,601,54.95,-119.29,1,4,2,120,5,30,120,6772.317508713601,1,13,False,,,10,1,51,6,False,1,0,2,0.4088176352705411,0.8168932381825038
ABRAND00124,601,54.83,-119.3,1,4,2,120,5,30,120,6897.776171212801,0,11,False,,,10,1,51,6,False,1,0,1,0.41082164328657317,0.8180056870343393
ABRAND00110,601,54.85,-119.38,1,4,2,120,5,30,120,4709.7340303104,1,10,False,,,10,1,51,6,False,1,0,0,0.41282565130260523,0.819110797208968
ABRAND00061,601,55.06,-119.64,1,4,2,120,5,30,120,29217.400161840007,0,17,False,,,10,1,51,6,False,1,0,0,0.4148296593186373,0.820215068149198
ABRAND00047,351,55.23,-119.71,1,4,2,120,5,30,120,10841.849545622401,0,8,False,,,10,1,51,6,False,1,0,0,0.4168336673346693,0.8213189640986515
ABRAND00036,601,54.89,-119.82,1,4,2,120,5,30,120,10472.142674246401,2,12,False,,,10,0,51,6,False,1,6,0,0.4188376753507014,0.8224220211432327
ABRAND00014,601,54.94,-119.91,1,4,2,120,5,30,120,8617.8326991552,0,14,False,,,10,0,51,6,False,1,0,0,0.42084168336673344,0.8235224335092926
ABRAND00013,601,55.03,-119.91,1,4,2,120,5,30,120,19502.444687184005,0,11,False,,,10,0,50,6,False,1,1,0,0.4228456913827655,0.8246201841404203
ABRAND00246,601,56.99,-118.03,1,4,2,120,5,30,120,5799.5604972288,0,13,False,,,6,4,50,6,False,1,0,0,0.4248496993987976,0.8257168885935772
ABRAND00068,601,57.4,-119.6,1,4,2,120,5,30,120,9585.9328626144,1,18,False,,,5,1,50,6,False,1,0,8,0.42685370741482964,0.8268118490207976
ABRAND00102,601,57.45,-119.44,1,4,2,120,5,30,120,2098.077058656,1,9,False,,,5,1,50,6,False,1,0,0,0.4288577154308617,0.8279063839517748
ABRAND01052,601,56.17,-112.92,1,4,2,120,5,30,120,61644.60999002882,2,16,False,,,8,14,50,6,False,1,3,0,0.4308617234468938,0.8289983263558485
ABRAND00082,601,55.14,-119.56,1,4,2,120,5,30,120,9347.784983625601,1,11,False,,,10,1,50,6,False,1,5,0,0.43286573146292584,0.8300724119624578
ABRAND00157,351,54.56,-119.09,1,4,2,120,5,30,120,8016.354920678401,0,12,False,,,11,2,50,6,False,1,0,0,0.4348697394789579,0.8311463381293364
ABRAND00901,331,55.52,-114.25,1,4,2,120,5,30,120,3660.6284947584,0,7,False,,,9,11,50,6,False,1,0,0,0.43687374749499,0.8322163678060822
ABRAND00362,361,53.89,-116.1,1,4,2,120,5,30,120,4381.797972124799,0,6,False,,,12,8,49,6,False,1,0,1,0.43887775551102204,0.8332778968949379
ABRAND00995,351,52.89,-113.99,1,4,2,120,5,30,120,14956.642589904,0,10,False,,,14,12,49,6,False,1,0,0,0.4408817635270541,0.8343340064907715
ABRAND00689,361,52.83,-115.03,1,4,2,120,5,30,120,4648.9421637216,1,5,False,,,14,10,49,6,False,1,0,0,0.44288577154308617,0.8353895905912747
ABRAND00020,601,55.03,-119.89,1,4,2,120,5,30,120,16720.032009168,0,12,False,,,10,0,49,6,False,1,0,0,0.44488977955911824,0.8364435482194416
ABRAND00005,601,55.19,-119.95,1,4,2,120,5,30,120,12336.996789043202,1,15,False,,,10,0,49,6,False,1,6,5,0.4468937875751503,0.837497448893431
ABRAND00893,361,52.79,-114.27,1,4,2,120,5,30,120,29752.942977216,0,14,False,,,14,11,49,6,False,1,0,1,0.44889779559118237,0.8385513136430024
ABRAND00763,351,53.11,-114.64,1,4,2,120,5,30,120,189994.7190059712,0,6,False,,,14,11,49,6,False,1,0,0,0.45090180360721444,0.8395958859165298
ABRAND00025,601,55.21,-119.87,1,4,2,120,5,30,120,20294.2782196416,0,17,False,,,10,0,49,6,False,1,0,0,0.4529058116232465,0.8406370830550288
ABRAND00916,362,52.7,-114.23,1,4,2,120,5,30,120,13092.926094489601,2,15,False,,,15,12,48,6,False,1,0,0,0.45490981963927857,0.8416550312193367
ABRAND01039,601,53.87,-113.14,1,4,2,120,5,30,120,24270.423874185606,1,27,False,,,12,14,48,6,False,1,0,13,0.45691382765531063,0.842663983597426
ABRAND01056,601,54.6,-112.86,1,4,2,120,5,30,120,15173.459959910402,1,12,False,,,11,14,48,6,False,1,0,0,0.4589178356713427,0.8436649751165133
ABRAND01106,601,55.03,-111.09,1,4,2,120,5,30,120,10956.143763763199,0,15,False,,,10,18,48,6,False,1,2,0,0.46092184368737477,0.8446650896586021
ABRAND01082,601,52.86,-111.77,1,4,2,120,5,30,120,11600.844507273598,0,13,False,,,14,16,48,6,False,1,0,0,0.46292585170340683,0.8456641333420298
ABRAND00482,351,53.76,-115.77,1,4,2,120,5,30,120,6538.848815347201,1,11,False,,,12,8,48,6,False,1,0,2,0.4649298597194389,0.846661479363538
ABRAND00440,601,53.45,-115.89,1,4,2,120,5,30,120,34923.9934946016,0,15,False,,,13,8,48,6,False,1,1,0,0.46693386773547096,0.8476529880179876
ABRAND00361,361,53.42,-116.11,1,4,2,120,5,30,120,3707.9085416544003,0,8,False,,,13,8,48,6,False,1,0,0,0.46893787575150303,0.8486407650769887
ABRAND00380,311,53.34,-116.03,1,4,2,120,5,30,120,14698.212411312003,0,14,False,,,13,8,48,6,False,1,1,0,0.4709418837675351,0.8496255643498424
ABRAND01142,601,54.83,-110.63,1,4,2,120,5,30,120,37888.5874435776,0,12,False,,,10,19,47,6,False,1,0,0,0.4729458917835671,0.8506075803680244
ABRAND01164,601,55.19,-110.43,1,4,2,120,5,30,120,8948.110911782402,2,16,False,,,10,19,47,6,False,1,2,2,0.4749498997995992,0.851582302410666
ABRAND01166,601,54.76,-110.4,1,4,2,120,5,30,120,12754.5061051296,0,9,False,,,10,19,47,6,False,1,0,0,0.47695390781563124,0.8525558976396044
ABRAND01141,601,55.11,-110.65,1,4,2,120,5,30,120,2921.4587164032005,0,11,False,,,10,19,47,6,False,1,0,0,0.4789579158316633,0.853528294205221
ABRAND01123,601,55.14,-110.82,1,4,2,120,5,30,120,17902.3840010784,0,13,False,,,10,18,47,6,False,1,0,0,0.48096192384769537,0.8545001770311976
ABRAND00914,601,52.49,-114.23,1,4,2,120,5,30,120,16273.416435350402,0,15,False,,,15,12,47,6,False,1,0,0,0.48296593186372744,0.8554701234486694
ABRAND00978,361,52.74,-114.05,1,4,2,120,5,30,120,11360.4231557952,1,7,False,,,15,12,47,6,False,1,0,0,0.4849699398797595,0.8564390663992165
ABRAND00084,601,55.08,-119.55,1,4,2,120,5,30,120,4101.2743398912,1,10,False,,,10,1,46,6,False,1,0,0,0.48697394789579157,0.8574063813854176
ABRAND00040,601,55.03,-119.79,1,4,2,120,5,30,120,37341.7839921312,0,14,False,,,10,0,46,6,False,1,0,0,0.48897795591182364,0.858365881204189
ABRAND00295,361,54.87,-117.13,1,4,2,120,5,30,120,4536.4127856768,1,12,False,,,10,6,46,6,False,1,0,0,0.4909819639278557,0.8593242742415214
ABRAND00309,311,54.43,-116.41,1,4,2,120,5,30,120,3271.7923674624,0,13,False,,,11,7,46,6,False,1,0,0,0.49298597194388777,0.8602822760609106
ABRAND00437,361,54.31,-115.89,1,4,2,120,5,30,120,5698.867417891201,1,9,False,,,11,8,46,6,False,1,1,1,0.49498997995991983,0.8612384019028415
ABRAND00070,601,55.14,-119.59,1,4,2,120,5,30,120,48165.99762625921,1,10,False,,,10,1,46,6,False,1,0,0,0.4969939879759519,0.8621811560066984
ABRAND00051,601,54.83,-119.7,1,4,2,120,5,30,120,6906.540008937601,0,10,False,,,10,1,46,6,False,1,0,0,0.49899799599198397,0.8631203240448545
ABRAND00107,601,54.9,-119.4,1,4,2,120,5,30,120,21721.110427670403,0,19,False,,,10,1,46,6,False,1,0,0,0.501002004008016,0.8640586844718112
ABRAND00066,601,54.94,-119.61,1,4,2,120,5,30,120,4414.200163488,0,9,False,,,10,1,46,6,False,1,0,0,0.503006012024048,0.8649960182567817
ABRAND00510,601,53.87,-115.69,1,4,2,120,5,30,120,330722.9633125728,0,19,False,,,12,9,44,6,False,1,0,4,0.5050100200400801,0.8659324590015431
ABRAND00525,351,53.94,-115.62,1,4,2,120,5,30,120,14171.277068236801,1,12,False,,,12,9,44,6,False,1,4,1,0.5070140280561122,0.8668618536123784
ABRAND00388,361,53.83,-116.01,1,4,2,120,5,30,120,34016.19196233599,0,20,False,,,12,8,44,6,False,1,0,0,0.5090180360721442,0.867785422939
ABRAND00744,351,53.27,-114.73,1,4,2,120,5,30,120,11364.8394765888,1,9,False,,,13,11,44,6,False,1,0,2,0.5110220440881763,0.8687049105147191
ABRAND00414,601,53.96,-115.95,1,4,2,120,5,30,120,5848.998820012801,0,14,False,,,12,8,44,6,False,1,0,0,0.5130260521042084,0.8696210251064561
ABRAND00413,361,53.92,-115.95,1,4,2,120,5,30,120,26595.097697404803,0,10,False,,,12,8,44,6,False,1,0,0,0.5150300601202404,0.8705354708372698
ABRAND00386,601,54.16,-116.02,1,4,2,120,5,30,120,6520.138896297602,0,14,False,,,12,8,44,6,False,1,0,0,0.5170340681362725,0.871436095492842
ABRAND00278,601,54.15,-117.51,1,4,2,120,5,30,120,14323.312535500801,1,18,False,,,12,5,44,6,False,1,1,2,0.5190380761523046,0.8723342360632828
ABRAND00657,361,52.87,-115.14,1,4,2,120,5,30,120,7853.7787901856,0,14,False,,,14,10,43,6,False,1,0,0,0.5210420841683366,0.873230791548625
ABRAND00738,322,53.1,-114.76,1,4,2,120,5,30,120,19837.5979779936,0,11,False,,,14,10,43,6,False,1,0,0,0.5230460921843687,0.8741241305061875
ABRAND00736,351,53.13,-114.76,1,4,2,120,5,30,120,14821.182824400003,0,18,False,,,14,10,43,6,False,1,0,0,0.5250501002004008,0.8750172332061704
ABRAND00662,361,53.13,-115.13,1,4,2,120,5,30,120,4768.6751556768,1,11,False,,,14,10,43,6,False,1,0,1,0.5270541082164328,0.8759077109258656
ABRAND00717,361,52.85,-114.87,1,4,2,120,5,30,120,3735.768952598401,1,11,False,,,14,10,43,6,False,1,2,0,0.5290581162324649,0.8767943259337614
ABRAND00640,311,53.04,-115.18,1,4,2,120,5,30,120,4419.192092918401,0,12,False,,,14,10,43,6,False,1,0,0,0.531062124248497,0.8776806977272503
ABRAND00656,601,53.43,-115.14,1,4,2,120,5,30,120,2502.8891512704004,0,4,False,,,13,10,43,6,False,1,0,0,0.533066132264529,0.8785654432180442
ABRAND01093,601,55.92,-111.38,1,4,2,120,5,30,120,11448.876081311999,0,15,False,,,8,17,43,6,False,1,0,1,0.5350701402805611,0.8794501251263195
ABRAND00129,601,54.66,-119.26,1,4,2,120,5,30,120,14118.436278720003,0,15,False,,,11,1,42,6,False,1,0,1,0.5370741482965932,0.8803340899896112
ABRAND00197,351,54.54,-118.78,1,4,2,120,5,30,120,2168.1362116224,0,8,False,,,11,2,42,6,False,1,0,0,0.5390781563126252,0.881217741441721
ABRAND00095,601,54.72,-119.5,1,4,2,120,5,30,120,6250.5270599616015,0,14,False,,,11,1,42,6,False,1,0,0,0.5410821643286573,0.8821009117793559
ABRAND00202,351,54.32,-118.75,1,4,2,120,5,30,120,3841.5966509664004,0,8,False,,,11,2,42,6,False,1,0,0,0.5430861723446894,0.8829832748338364
ABRAND00164,351,54.52,-119.01,1,4,2,120,5,30,120,10389.5151359328,0,14,False,,,11,2,42,6,False,1,2,3,0.5450901803607214,0.8838590450655729
ABRAND00064,601,54.71,-119.63,1,4,2,120,5,30,120,4229.8175471904,0,11,False,,,11,1,42,6,False,1,0,0,0.5470941883767535,0.88472704880169
ABRAND00099,601,54.69,-119.47,1,4,2,120,5,30,120,10806.818263344001,1,14,False,,,11,1,42,6,False,1,1,0,0.5490981963927856,0.8855891663324271
ABRAND00180,601,54.53,-118.89,1,4,2,120,5,30,120,7706.0033058528,0,13,False,,,11,2,42,6,False,1,0,0,0.5511022044088176,0.8864503239396849
ABRAND00668,361,52.95,-115.1,1,4,2,120,5,30,120,9747.8353827648,1,16,False,,,14,10,41,6,False,1,0,0,0.5531062124248497,0.8873095762664233
ABRAND00163,351,54.45,-119.02,1,4,2,120,5,30,120,9182.311639257603,0,11,False,,,11,2,41,6,False,1,0,0,0.5551102204408818,0.8881657617300367
ABRAND00156,362,54.63,-119.09,1,4,2,120,5,30,120,2755.2378788064,1,5,False,,,11,2,41,6,False,1,0,0,0.5571142284569138,0.8890212288218776
ABRAND00144,601,54.7,-119.15,1,4,2,120,5,30,120,7117.360226899201,1,14,False,,,11,2,41,6,False,1,0,1,0.5591182364729459,0.8898758318459034
ABRAND00146,351,54.43,-119.15,1,4,2,120,5,30,120,8584.4974727232,0,13,False,,,11,2,41,6,False,1,0,0,0.561122244488978,0.8907270057596401
ABRAND00167,621,54.36,-118.99,1,4,2,120,5,30,120,37384.835081558405,0,18,False,,,11,2,41,6,False,1,0,0,0.56312625250501,0.8915780540115381
ABRAND00150,351,54.71,-119.13,1,4,2,120,5,30,120,6756.494516928002,0,15,False,,,11,2,41,6,False,1,0,1,0.5651302605210421,0.8924264236466544
ABRAND00177,601,54.62,-118.91,1,4,2,120,5,30,120,27940.173625670403,1,19,False,,,11,2,41,6,False,1,2,0,0.5671342685370742,0.893270934371639
ABRAND00390,361,53.88,-116.01,1,4,2,120,5,30,120,8201.4609433536,0,12,False,,,12,8,40,6,False,1,0,0,0.5691382765531062,0.8941137235888018
ABRAND00469,351,53.85,-115.81,1,4,2,120,5,30,120,32332.065419059196,0,19,False,,,12,8,40,6,False,1,0,0,0.5711422845691383,0.8949506701414158
ABRAND00450,351,54.04,-115.85,1,4,2,120,5,30,120,1551.1825009152,0,7,False,,,12,8,40,6,False,1,1,0,0.5731462925851704,0.8957837478510098
ABRAND00994,601,52.92,-113.99,1,4,2,120,5,30,120,11148.175038816,0,12,False,,,14,12,40,6,False,1,1,1,0.5751503006012024,0.8966150649802132
ABRAND00918,351,52.78,-114.22,1,4,2,120,5,30,120,1567.6619531616002,1,12,False,,,14,12,40,6,False,1,2,0,0.5771543086172345,0.897445361421568
ABRAND00979,351,52.8,-114.04,1,4,2,120,5,30,120,2590.3144426176004,0,11,False,,,14,12,40,6,False,1,0,0,0.5791583166332666,0.8982754634942877
ABRAND00921,362,52.82,-114.22,1,4,2,120,5,30,120,3734.1794258784003,0,11,False,,,14,12,40,6,False,1,1,0,0.5811623246492986,0.8991025482093485
ABRAND00672,361,53.23,-115.08,1,4,2,120,5,30,120,3916.7405149536007,1,12,False,,,14,10,40,6,False,1,3,1,0.5831663326653307,0.8999287897231548
ABRAND00493,601,52.48,-115.74,1,4,2,120,5,30,120,4267.8216885312,0,13,False,,,15,9,39,6,False,1,0,0,0.5851703406813628,0.9007462385941535
ABRAND00210,351,54.19,-118.72,1,4,2,120,5,30,120,1742.3750935008002,0,9,False,,,12,3,39,6,False,1,0,0,0.5871743486973948,0.9015628431004987
ABRAND00240,621,54.2,-118.42,1,4,2,120,5,30,120,5841.669901392001,1,12,False,,,12,3,39,6,False,1,0,0,0.5891783567134269,0.9023777068876028
ABRAND00328,621,53.16,-116.26,1,4,2,120,5,30,120,4060.2217971167997,2,15,False,,,14,7,39,6,False,1,1,0,0.591182364729459,0.9031856083236979
ABRAND00772,601,52.24,-114.6,1,4,2,120,5,30,120,197400.3116297472,1,11,False,,,16,11,39,6,False,1,2,0,0.593186372745491,0.9039825817069852
ABRAND00800,601,52.06,-114.5,1,4,2,120,5,30,120,8879.084517196801,0,15,False,,,16,11,39,6,False,1,0,0,0.5951903807615231,0.9047787292687121
ABRAND00831,351,52.21,-114.42,1,4,2,120,5,30,120,8484.484889376003,0,11,False,,,16,11,39,6,False,1,0,0,0.5971943887775552,0.9055689098248797
ABRAND00300,601,53.17,-117.06,1,4,2,120,5,30,120,20484.249067152003,0,14,False,,,14,6,39,6,False,1,1,0,0.5991983967935872,0.9063588675375961
ABRAND00092,601,54.74,-119.51,1,4,2,120,5,30,120,1734.860562192,0,10,False,,,11,1,38,6,False,1,0,0,0.6012024048096193,0.9071456709773468
ABRAND00113,601,54.91,-119.38,1,4,2,120,5,30,120,61319.02301435521,0,13,False,,,10,1,38,6,False,1,1,5,0.6032064128256514,0.9079283572275346
ABRAND00143,601,54.51,-119.17,1,4,2,120,5,30,120,9958.863486815999,0,16,False,,,11,2,38,6,False,1,0,0,0.6052104208416834,0.9087007035001571
ABRAND00185,351,54.5,-118.86,1,4,2,120,5,30,120,4403.819287641601,0,12,False,,,11,2,38,6,False,1,0,0,0.6072144288577155,0.9094720660070441
ABRAND00161,351,54.57,-119.03,1,4,2,120,5,30,120,12958.7774444928,1,10,False,,,11,2,38,6,False,1,0,0,0.6092184368737475,0.9102399012252008
ABRAND00186,351,54.34,-118.86,1,4,2,120,5,30,120,14872.6815564096,0,14,False,,,11,2,38,6,False,1,0,0,0.6112224448897795,0.9110059601339698
ABRAND00444,361,53.86,-115.88,1,4,2,120,5,30,120,27507.574956614397,0,11,False,,,12,8,38,6,False,1,0,0,0.6132264529058116,0.9117702960453377
ABRAND00514,601,54.13,-115.65,1,4,2,120,5,30,120,12643.337673964801,0,14,False,,,12,9,38,6,False,1,0,0,0.6152304609218436,0.91252697870655
ABRAND00977,362,52.98,-114.05,1,4,2,120,5,30,120,9158.243736441602,0,16,False,,,14,12,37,6,False,1,0,0,0.6172344689378757,0.9132818304228372
ABRAND00952,362,52.79,-114.14,1,4,2,120,5,30,120,13665.453994310403,0,14,False,,,14,12,37,6,False,1,0,0,0.6192384769539078,0.9140353909280405
ABRAND00942,621,52.87,-114.17,1,4,2,120,5,30,120,9171.616303958399,0,12,False,,,14,12,37,6,False,1,0,0,0.6212424849699398,0.9147779482138915
ABRAND01007,361,53.01,-113.88,1,4,2,120,5,30,120,15397.33140504,1,12,False,,,14,12,37,6,False,1,0,0,0.6232464929859719,0.9155203932514407
ABRAND00938,351,52.81,-114.18,1,4,2,120,5,30,120,48599.888437382404,0,13,False,,,14,12,37,6,False,1,0,0,0.625250501002004,0.9162581676268835
ABRAND00326,621,53.45,-116.27,1,4,2,120,5,30,120,6593.9012009568005,1,19,False,,,13,7,37,6,False,1,1,0,0.627254509018036,0.9169954494609881
ABRAND00624,601,53.01,-115.25,1,4,2,120,5,30,120,8918.3723178528,0,15,False,,,14,9,37,6,False,1,1,0,0.6292585170340681,0.9177287495415876
ABRAND00094,601,54.65,-119.51,1,4,2,120,5,30,120,3154.7744834112,1,13,False,,,11,1,37,6,False,1,3,0,0.6312625250501002,0.9184584345827435
ABRAND00079,601,54.72,-119.56,1,4,2,120,5,30,120,13655.714125334398,0,16,False,,,11,1,37,6,False,1,0,0,0.6332665330661322,0.919185451932424
ABRAND00122,601,54.73,-119.3,1,4,2,120,5,30,120,26097.727463366402,0,11,False,,,11,1,37,6,False,1,0,1,0.6352705410821643,0.9199069925106228
ABRAND00276,361,54.23,-117.52,1,4,2,120,5,30,120,5516.3011625280005,1,11,False,,,12,5,36,6,False,1,0,0,0.6372745490981964,0.9206235245210419
ABRAND00288,601,54.65,-117.35,1,4,2,120,5,30,120,5051.089035360001,0,16,False,,,11,5,36,6,False,1,0,1,0.6392785571142284,0.9213390822012526
ABRAND00272,621,53.98,-117.56,1,4,2,120,5,30,120,37313.8823622528,0,19,False,,,12,5,36,6,False,1,0,0,0.6412825651302605,0.9220513255024883
ABRAND00277,601,54,-117.52,1,4,2,120,5,30,120,7002.507528921601,1,16,False,,,12,5,36,6,False,1,0,0,0.6432865731462926,0.9227610982962274
ABRAND00257,621,54.08,-117.71,1,4,2,120,5,30,120,4574.2364527968,1,10,False,,,12,5,36,6,False,1,4,0,0.6452905811623246,0.9234702288781301
ABRAND00279,621,54.11,-117.5,1,4,2,120,5,30,120,6143.493115036801,0,22,False,,,12,5,36,6,False,1,1,10,0.6472945891783567,0.9241732619946285
ABRAND00458,311,53.34,-115.84,1,4,2,120,5,30,120,5742.2432488896,0,14,False,,,13,8,36,6,False,1,0,0,0.6492985971943888,0.9248759262408245
ABRAND00463,601,53.61,-115.83,1,4,2,120,5,30,120,308657.6951613984,1,14,False,,,13,8,36,6,False,1,5,0,0.6513026052104208,0.9255735272860425
ABRAND00269,601,54.25,-117.58,1,4,2,120,5,30,120,35887.2907222368,0,12,False,,,11,5,35,6,False,1,0,0,0.6533066132264529,0.9262689127829482
ABRAND00248,621,54.07,-117.94,1,4,2,120,5,30,120,10291.0903602912,1,10,False,,,12,4,35,6,False,1,2,1,0.655310621242485,0.9269633721352569
ABRAND00427,361,53.9,-115.91,1,4,2,120,5,30,120,4488.3147504096005,0,12,False,,,12,8,35,6,False,1,0,0,0.657314629258517,0.9276566983811583
ABRAND00073,601,54.72,-119.58,1,4,2,120,5,30,120,86215.81396314241,0,18,False,,,11,1,35,6,False,1,0,1,0.6593186372745491,0.9283496723123931
ABRAND00935,351,52.76,-114.18,1,4,2,120,5,30,120,4422.895265433601,1,12,False,,,14,12,35,6,False,1,1,0,0.6613226452905812,0.9290416186001093
ABRAND00264,621,53.99,-117.62,1,4,2,120,5,30,120,16758.615268195204,1,17,False,,,12,5,35,6,False,1,1,0,0.6633266533066132,0.9297287768475873
ABRAND00543,322,52.98,-115.59,1,4,2,120,5,30,120,10939.2622431552,0,18,False,,,14,9,35,6,False,1,0,0,0.6653306613226453,0.9304150971956714
ABRAND00485,621,53.76,-115.76,1,4,2,120,5,30,120,3100.4163183456003,0,11,False,,,12,8,34,6,False,1,0,0,0.6673346693386774,0.9311008286405177
ABRAND00298,311,54.12,-117.09,1,4,2,120,5,30,120,7951.096963267201,0,13,False,,,12,6,34,6,False,1,1,0,0.6693386773547094,0.9317754944509127
ABRAND00851,601,52.85,-114.36,1,4,2,120,5,30,120,2400.9622488288005,0,9,False,,,14,11,34,6,False,1,0,0,0.6713426853707415,0.9324416724172798
ABRAND00960,322,52.22,-114.11,1,4,2,120,5,30,120,17678.662098278408,0,17,False,,,16,12,34,6,False,1,0,0,0.6733466933867736,0.9331070921105699
ABRAND00620,351,52.82,-115.27,1,4,2,120,5,30,120,6452.507825424001,0,13,False,,,14,9,34,6,False,1,0,0,0.6753507014028056,0.933771667440372
ABRAND00563,311,53,-115.5,1,4,2,120,5,30,120,8263.393830288001,2,14,False,,,14,9,34,6,False,1,5,0,0.6773547094188377,0.9344248117448788
ABRAND00873,351,52.81,-114.31,1,4,2,120,5,30,120,23813.587196092798,1,10,False,,,14,11,34,6,False,1,0,0,0.6793587174348698,0.9350772995946095
ABRAND00537,601,52.68,-115.6,1,4,2,120,5,30,120,9719.528193878401,0,13,False,,,15,9,34,6,False,1,0,1,0.6813627254509018,0.9357282629573572
ABRAND00548,601,52.68,-115.55,1,4,2,120,5,30,120,9174.869268796801,2,6,False,,,15,9,34,6,False,1,0,0,0.6833667334669339,0.9363739313280536
ABRAND00109,321,54.68,-119.38,1,4,2,120,5,30,120,4901.562451296,0,14,False,,,11,1,33,6,False,1,1,0,0.685370741482966,0.937016733663884
ABRAND00204,351,54.23,-118.75,1,4,2,120,5,30,120,34397.0495612928,1,11,False,,,12,2,33,6,False,1,0,0,0.687374749498998,0.9376520317594641
ABRAND00256,601,53.5,-117.74,1,4,2,120,5,30,120,14361.186051446402,0,14,False,,,13,5,33,6,False,1,0,0,0.6893787575150301,0.9382863363221822
ABRAND00206,351,54.2,-118.74,1,4,2,120,5,30,120,18164.838692707202,0,13,False,,,12,3,33,6,False,1,0,0,0.6913827655310621,0.938917877662001
ABRAND00293,601,53.23,-117.25,1,4,2,120,5,30,120,12075.9408730656,1,15,False,,,14,5,33,6,False,1,0,1,0.6933867735470942,0.9395478716629838
ABRAND00149,351,54.54,-119.14,1,4,2,120,5,30,120,4401.618011683201,0,13,False,,,11,2,33,6,False,1,0,0,0.6953907815631263,0.940176063032174
ABRAND00243,311,54.21,-118.16,1,4,2,120,5,30,120,6484.9924458432015,0,12,False,,,12,4,33,6,False,1,1,1,0.6973947895791583,0.9408041433055735
ABRAND00252,601,53.78,-117.83,1,4,2,120,5,30,120,5536.6848049248,0,12,False,,,12,4,33,6,False,1,0,0,0.6993987975951904,0.9414301611809336
ABRAND00151,601,54.23,-119.13,1,4,2,120,5,30,120,17760.055788172802,0,12,False,,,12,2,32,6,False,1,0,0,0.7014028056112225,0.9420549663190658
ABRAND00254,601,53.41,-117.78,1,4,2,120,5,30,120,20531.793716553602,0,17,False,,,13,4,32,6,False,1,1,0,0.7034068136272545,0.9426782872002722
ABRAND00294,361,54.04,-117.24,1,4,2,120,5,30,120,8834.524660252799,2,15,False,,,12,6,32,6,False,1,0,0,0.7054108216432866,0.9432999625648671
ABRAND00304,601,54.19,-116.69,1,4,2,120,5,30,120,6256.500233500801,1,9,False,,,12,7,32,6,False,1,0,0,0.7074148296593187,0.943917250713376
ABRAND00327,361,53.95,-116.26,1,4,2,120,5,30,120,9166.622709081601,2,16,False,,,12,7,32,6,False,1,1,1,0.7094188376753507,0.9445327291067206
ABRAND00002,601,54.74,-119.98,1,4,2,120,5,30,120,14985.537503558404,0,14,False,,,11,0,32,6,False,1,0,0,0.7114228456913828,0.945147425553574
ABRAND00825,361,52.32,-114.44,1,4,2,120,5,30,120,1991.2028759712002,0,6,False,,,15,11,31,6,False,1,0,0,0.7134268537074149,0.9457619509770447
ABRAND00810,361,52.69,-114.47,1,4,2,120,5,30,120,6701.536608681601,0,8,False,,,15,11,31,6,False,1,0,0,0.7154308617234469,0.9463701122139103
ABRAND00969,351,52.6,-114.09,1,4,2,120,5,30,120,8938.1476510272,0,14,False,,,15,12,31,6,False,1,1,0,0.717434869739479,0.9469729804535316
ABRAND00980,351,52.66,-114.04,1,4,2,120,5,30,120,178.21870076160002,0,2,False,,,15,12,31,6,False,1,0,0,0.7194388777555111,0.9475757712085345
ABRAND00950,351,52.63,-114.14,1,4,2,120,5,30,120,21701.8007847072,0,12,False,,,15,12,31,6,False,1,0,1,0.7214428857715431,0.9481779864702657
ABRAND00989,351,52.64,-114.02,1,4,2,120,5,30,120,6380.072075347201,1,7,False,,,15,12,31,6,False,1,0,0,0.7234468937875751,0.9487698894056064
ABRAND00940,601,52.43,-114.17,1,4,2,120,5,30,120,1109.9455113024,0,8,False,,,15,12,31,6,False,1,0,0,0.7254509018036072,0.9493529905939031
ABRAND00927,601,52.42,-114.19,1,4,2,120,5,30,120,5835.7861031232,0,17,False,,,15,12,31,6,False,1,1,5,0.7274549098196392,0.9499330370044667
ABRAND01001,601,52.42,-113.92,1,4,2,120,5,30,120,8646.7001050368,2,13,False,,,15,12,31,6,False,1,2,0,0.7294589178356713,0.950507383628858
ABRAND01016,601,53.74,-113.8,1,4,2,120,5,30,120,11897.053750886402,0,16,False,,,13,12,31,6,False,1,0,2,0.7314629258517034,0.9510709131234862
ABRAND00472,351,53.69,-115.81,1,4,2,120,5,30,120,4702.968669772799,0,10,False,,,13,8,30,6,False,1,0,2,0.7334669338677354,0.9516337365037975
ABRAND00369,361,53.48,-116.08,1,4,2,120,5,30,120,21511.089302659202,0,9,False,,,13,8,30,6,False,1,0,0,0.7354709418837675,0.9521959930018155
ABRAND00929,601,52.33,-114.19,1,4,2,120,5,30,120,3625.5627891648005,0,13,False,,,15,12,30,6,False,1,0,0,0.7374749498997996,0.9527573776498095
ABRAND00984,351,52.71,-114.04,1,4,2,120,5,30,120,7207.949132956799,1,16,False,,,15,12,30,6,False,1,6,1,0.7394789579158316,0.9533161439441172
ABRAND00925,351,52.7,-114.21,1,4,2,120,5,30,120,12449.8767419136,0,11,False,,,15,12,30,6,False,1,0,0,0.7414829659318637,0.953873624156472
ABRAND00770,601,52.68,-114.61,1,4,2,120,5,30,120,14100.0596827488,1,17,False,,,15,11,30,6,False,1,4,0,0.7434869739478958,0.9544307310251672
ABRAND00769,351,52.53,-114.62,1,4,2,120,5,30,120,7240.557467203201,0,14,False,,,15,11,30,6,False,1,0,0,0.7454909819639278,0.954983975013695
ABRAND00791,351,52.62,-114.53,1,4,2,120,5,30,120,2945.3152529376002,0,11,False,,,15,11,30,6,False,1,0,0,0.7474949899799599,0.9555368554311923
ABRAND00859,621,52.7,-114.34,1,4,2,120,5,30,120,29568.60332314561,0,15,False,,,15,11,30,6,False,1,0,0,0.749498997995992,0.9560866001090937
ABRAND00349,351,53.94,-116.17,1,4,2,120,5,30,120,6583.5891008928,0,5,False,,,12,8,29,6,False,1,0,0,0.751503006012024,0.9566356649960568
ABRAND00500,351,53.78,-115.72,1,4,2,120,5,30,120,30498.5515600512,0,13,False,,,12,9,29,6,False,1,0,2,0.7535070140280561,0.9571808605430625
ABRAND00461,601,53.8,-115.84,1,4,2,120,5,30,120,14776.758761644802,0,16,False,,,12,8,29,6,False,1,0,0,0.7555110220440882,0.9577158126347539
ABRAND00728,351,53.31,-114.81,1,4,2,120,5,30,120,8886.540658694401,1,14,False,,,13,10,29,6,False,1,4,0,0.7575150300601202,0.9582495322860723
ABRAND00550,322,54.11,-115.54,1,4,2,120,5,30,120,5122.567610899199,0,10,False,,,12,9,29,6,False,1,0,0,0.7595190380761523,0.9587829714755898
ABRAND00697,311,53.38,-115,1,4,2,120,5,30,120,20759.358058992002,2,8,False,,,13,10,29,6,False,1,8,0,0.7615230460921844,0.9593154525629726
ABRAND00760,601,51.97,-114.64,1,4,2,120,5,30,120,7392.532721356801,0,14,False,,,16,11,28,6,False,1,1,0,0.7635270541082164,0.9598469780277284
ABRAND00852,311,51.98,-114.36,1,4,2,120,5,30,120,11461.475376086402,0,23,False,,,16,11,28,6,False,1,0,0,0.7655310621242485,0.9603784533283731
ABRAND00796,361,52.18,-114.51,1,4,2,120,5,30,120,5337.5033496096,0,11,False,,,16,11,28,6,False,1,0,0,0.7675350701402806,0.9609056177378809
ABRAND00716,401,52.13,-114.88,1,4,2,120,5,30,120,245602.2238064352,1,17,False,,,16,10,28,6,False,1,0,3,0.7695390781563126,0.961421808067874
ABRAND00614,621,52.97,-115.27,1,4,2,120,5,30,120,46831.1634350208,0,32,False,,,14,9,28,6,False,1,0,14,0.7715430861723447,0.9619369551948009
ABRAND00569,601,52.79,-115.47,1,4,2,120,5,30,120,10056.875866185599,0,15,False,,,14,9,28,6,False,1,0,0,0.7735470941883767,0.9624512039846777
ABRAND00621,322,52.9,-115.26,1,4,2,120,5,30,120,26895.82803408001,0,13,False,,,14,9,28,6,False,1,0,2,0.7755511022044088,0.9629594765011613
ABRAND00533,361,52.85,-115.6,1,4,2,120,5,30,120,3157.6837333248,0,7,False,,,14,9,28,6,False,1,0,0,0.7775551102204409,0.9634659640975788
ABRAND00589,361,53.01,-115.38,1,4,2,120,5,30,120,9739.453005273599,1,12,False,,,14,9,28,6,False,1,0,1,0.779559118236473,0.9639690258966792
ABRAND00782,351,51.89,-114.56,1,4,2,120,5,30,120,5526.740448316801,0,15,False,,,16,11,27,6,False,1,0,0,0.781563126252505,0.9644716767708955
ABRAND00896,311,51.99,-114.27,1,4,2,120,5,30,120,6914.4102950112,0,15,False,,,16,11,27,6,False,1,0,0,0.7835671342685371,0.9649733678859211
ABRAND00962,361,52.21,-114.11,1,4,2,120,5,30,120,9785.055961728,0,18,False,,,16,12,27,6,False,1,0,0,0.7855711422845691,0.9654723027319365
ABRAND00775,311,51.97,-114.59,1,4,2,120,5,30,120,10938.6711029952,0,11,False,,,16,11,27,6,False,1,0,0,0.7875751503006012,0.9659711723480751
ABRAND00747,311,52.21,-114.69,1,4,2,120,5,30,120,12943.2998726496,0,15,False,,,16,11,27,6,False,1,0,0,0.7895791583166333,0.9664678048988781
ABRAND00338,311,53.05,-116.21,1,4,2,120,5,30,120,7489.0312409664,2,9,False,,,14,8,27,6,False,1,6,0,0.7915831663326653,0.9669613454219316
ABRAND00308,311,53.24,-116.45,1,4,2,120,5,30,120,31109.599144483207,0,19,False,,,14,7,27,6,False,1,0,5,0.7935871743486974,0.9674535389318603
ABRAND00371,311,53.18,-116.08,1,4,2,120,5,30,120,20512.0235570112,0,11,False,,,14,8,27,6,False,1,0,0,0.7955911823647295,0.967940192757414
ABRAND00431,311,52.99,-115.9,1,4,2,120,5,30,120,48220.08254268481,2,15,False,,,14,8,27,6,False,1,0,1,0.7975951903807615,0.9684198011141883
ABRAND00805,361,52.5,-114.49,1,4,2,120,5,30,120,16625.007950400002,0,14,False,,,15,11,26,6,False,1,0,0,0.7995991983967936,0.9688920486040692
ABRAND00850,311,52.46,-114.36,1,4,2,120,5,30,120,3296.9514405888,0,12,False,,,15,11,26,6,False,1,0,0,0.8016032064128257,0.9693514928924369
ABRAND00804,401,52.35,-114.49,1,4,2,120,5,30,120,8123.675863334401,1,11,False,,,15,11,26,6,False,1,1,0,0.8036072144288577,0.969805258420454
ABRAND00819,601,52.52,-114.45,1,4,2,120,5,30,120,12384.5517870912,1,20,False,,,15,11,26,6,False,1,0,0,0.8056112224448898,0.9702583721308997
ABRAND00784,351,52.58,-114.55,1,4,2,120,5,30,120,33093.474762182406,0,17,False,,,15,11,26,6,False,1,0,1,0.8076152304609219,0.9707082936563636
ABRAND00552,601,52.69,-115.54,1,4,2,120,5,30,120,19274.729181551997,0,15,False,,,15,9,26,6,False,1,0,0,0.8096192384769539,0.9711574862051602
ABRAND00545,362,52.72,-115.57,1,4,2,120,5,30,120,33461.791427232005,0,14,False,,,15,9,26,6,False,1,0,0,0.811623246492986,0.9716053946607258
ABRAND00315,362,53.18,-116.33,1,4,2,120,5,30,120,9491.2370186112,1,10,False,,,14,7,26,6,False,1,1,0,0.8136272545090181,0.9720468309880891
ABRAND00644,361,52.97,-115.17,1,4,2,120,5,30,120,11382.941112336002,0,18,False,,,14,10,25,6,False,1,0,0,0.8156312625250501,0.9724875418235461
ABRAND00688,361,53.15,-115.03,1,4,2,120,5,30,120,1609.6269955392002,0,9,False,,,14,10,25,6,False,1,0,0,0.8176352705410822,0.9729246084879795
ABRAND00627,311,52.75,-115.23,1,4,2,120,5,30,120,1675.7561858400002,1,8,False,,,14,10,25,6,False,1,0,0,0.8196392785571143,0.9733572132686337
ABRAND00693,361,52.97,-115.01,1,4,2,120,5,30,120,3260.5591980384,0,8,False,,,14,10,25,6,False,1,0,0,0.8216432865731463,0.9737896458645124
ABRAND00637,361,53.03,-115.19,1,4,2,120,5,30,120,7217.561795126401,0,14,False,,,14,10,25,6,False,1,0,0,0.8236472945891784,0.9742173278360566
ABRAND00607,351,52.61,-115.3,1,4,2,120,5,30,120,8199.1480012704,0,12,False,,,15,9,25,6,False,1,0,0,0.8256513026052105,0.97464498480893
ABRAND00428,311,52.7,-115.91,1,4,2,120,5,30,120,17556.746717577607,0,18,False,,,15,8,25,6,False,1,0,0,0.8276553106212425,0.9750711144783695
ABRAND00515,361,52.48,-115.65,1,4,2,120,5,30,120,14786.9230662144,0,10,False,,,15,9,25,6,False,1,0,0,0.8296593186372746,0.9754968873607756
ABRAND00466,601,52.72,-115.82,1,4,2,120,5,30,120,3239.1273107519996,0,13,False,,,15,8,24,6,False,1,1,0,0.8316633266533067,0.975922321506966
ABRAND00539,311,52.88,-115.59,1,4,2,120,5,30,120,5275.474269753601,0,18,False,,,14,9,24,6,False,1,0,1,0.8336673346693386,0.9763476134353566
ABRAND00722,311,52.91,-114.83,1,4,2,120,5,30,120,21581.517920947204,1,15,False,,,14,10,24,6,False,1,2,0,0.8356713426853707,0.9767719052045919
ABRAND00630,601,52.83,-115.21,1,4,2,120,5,30,120,21120.589760918407,0,9,False,,,14,10,24,6,False,1,0,0,0.8376753507014028,0.9771959848889958
ABRAND00341,311,53.35,-116.21,1,4,2,120,5,30,120,12131.2768277088,1,13,False,,,13,8,24,6,False,1,0,0,0.8396793587174348,0.9776185823057372
ABRAND00389,601,53.71,-116.01,1,4,2,120,5,30,120,3776.4761469696,0,11,False,,,13,8,24,6,False,1,0,0,0.8416833667334669,0.9780407524023262
ABRAND00425,322,53.68,-115.91,1,4,2,120,5,30,120,12263.136465312,1,11,False,,,13,8,24,6,False,1,0,0,0.843687374749499,0.978461418542432
ABRAND00330,311,53.2,-116.25,1,4,2,120,5,30,120,8686.855693123201,0,12,False,,,14,7,24,6,False,1,0,0,0.845691382765531,0.9788793113593228
ABRAND00468,311,53.07,-115.82,1,4,2,120,5,30,120,15728.7282738048,0,9,False,,,14,8,23,6,False,1,0,0,0.8476953907815631,0.979296789112102
ABRAND00617,601,52.53,-115.27,1,4,2,120,5,30,120,39275.633546208,0,13,False,,,15,9,23,6,False,1,0,0,0.8496993987975952,0.979709636112745
ABRAND00364,351,53.14,-116.09,1,4,2,120,5,30,120,13300.986544732801,1,13,False,,,14,8,23,6,False,1,0,0,0.8517034068136272,0.9801208250141809
ABRAND00595,361,52.4,-115.36,1,4,2,120,5,30,120,1974.7818326304002,0,9,False,,,15,9,23,6,False,1,0,0,0.8537074148296593,0.98052841924469
ABRAND00477,311,53.33,-115.79,1,4,2,120,5,30,120,6518.985808204801,0,15,False,,,13,8,23,6,False,1,0,0,0.8557114228456913,0.980935946587076
ABRAND00310,362,53.2,-116.39,1,4,2,120,5,30,120,5207.1644301984,0,11,False,,,14,7,23,6,False,1,0,0,0.8577154308617234,0.9813429529081047
ABRAND00325,311,53.18,-116.28,1,4,2,120,5,30,120,14186.0277974016,1,14,False,,,14,7,23,6,False,1,1,0,0.8597194388777555,0.9817403968925952
ABRAND00542,311,53.14,-115.59,1,4,2,120,5,30,120,11146.520178144001,0,15,False,,,14,9,22,6,False,1,0,0,0.8617234468937875,0.9821355395703785
ABRAND00600,361,53.09,-115.33,1,4,2,120,5,30,120,7933.2135873984025,0,15,False,,,14,9,22,6,False,1,1,0,0.8637274549098196,0.982526939564009
ABRAND00700,361,52.87,-114.98,1,4,2,120,5,30,120,10961.5979974752,0,15,False,,,14,10,22,6,False,1,0,0,0.8657314629258517,0.9829181269804911
ABRAND00665,322,52.99,-115.11,1,4,2,120,5,30,120,4230.511794,0,14,False,,,14,10,22,6,False,1,0,1,0.8677354709418837,0.9832999636465063
ABRAND00507,311,53.23,-115.7,1,4,2,120,5,30,120,6257.3044637088005,0,12,False,,,14,9,22,6,False,1,0,0,0.8697394789579158,0.9836801544657588
ABRAND00863,601,52.55,-114.33,1,4,2,120,5,30,120,5217.125985763199,0,7,False,,,15,11,22,6,False,1,0,0,0.8717434869739479,0.9840575179891415
ABRAND00443,311,52.9,-115.88,1,4,2,120,5,30,120,13781.184822316798,0,16,False,,,14,8,22,6,False,1,0,1,0.87374749498998,0.9844276416779816
ABRAND00519,361,52.59,-115.64,1,4,2,120,5,30,120,8747.498016864001,0,18,False,,,15,9,22,6,False,1,0,0,0.875751503006012,0.9847914912460983
ABRAND00447,311,53,-115.87,1,4,2,120,5,30,120,8615.8153035648,0,15,False,,,14,8,22,6,False,1,0,1,0.8777555110220441,0.9851514188259609
ABRAND00441,311,53.21,-115.89,1,4,2,120,5,30,120,13412.966048380802,0,23,False,,,14,8,21,6,False,1,0,10,0.8797595190380761,0.9855111932607781
ABRAND00484,361,53.1,-115.76,1,4,2,120,5,30,120,3647.3211922463997,0,7,False,,,14,8,21,6,False,1,0,0,0.8817635270541082,0.9858684365926551
ABRAND00881,351,52.61,-114.29,1,4,2,120,5,30,120,45103.08021091201,1,9,False,,,15,11,21,6,False,1,0,0,0.8837675350701403,0.9862242908634431
ABRAND00402,311,53.13,-115.98,1,4,2,120,5,30,120,9646.394791968,1,12,False,,,14,8,21,6,False,1,1,0,0.8857715430861723,0.9865769789369326
ABRAND00823,501,52.53,-114.44,1,4,2,120,5,30,120,15552.760714416001,0,13,False,,,15,11,21,6,False,1,0,0,0.8877755511022044,0.9869283849008355
ABRAND00764,621,52.61,-114.64,1,4,2,120,5,30,120,323077.40473616635,0,13,False,,,15,11,21,6,False,1,0,0,0.8897795591182365,0.987277694522737
ABRAND00820,322,52.54,-114.44,1,4,2,120,5,30,120,2793.5049512448004,1,9,False,,,15,11,21,6,False,1,6,0,0.8917835671342685,0.9876236781810458
ABRAND00433,361,53.68,-115.9,1,4,2,120,5,30,120,7821.373233801601,0,11,False,,,13,8,21,6,False,1,0,1,0.8937875751503006,0.9879671688156334
ABRAND00695,361,52.67,-115,1,4,2,120,5,30,120,9322.002107769602,1,20,False,,,15,10,21,6,False,1,0,0,0.8957915831663327,0.988297619825108
ABRAND00815,351,52.53,-114.46,1,4,2,120,5,30,120,11546.355751977602,0,14,False,,,15,11,20,6,False,1,0,0,0.8977955911823647,0.9886198821624177
ABRAND00793,621,52.29,-114.52,1,4,2,120,5,30,120,2946.2328837504,1,13,False,,,15,11,20,6,False,1,0,0,0.8997995991983968,0.9889397426982196
ABRAND00732,311,52.95,-114.78,1,4,2,120,5,30,120,35184.848309049594,1,12,False,,,14,10,20,6,False,1,2,0,0.9018036072144289,0.9892573918269512
ABRAND00658,361,52.81,-115.14,1,4,2,120,5,30,120,2772.4132224864,1,12,False,,,14,10,20,6,False,1,1,0,0.9038076152304609,0.989572616971647
ABRAND00418,351,52.81,-115.94,1,4,2,120,5,30,120,5178.556496908802,0,9,False,,,14,8,20,6,False,1,0,0,0.905811623246493,0.9898867598418404
ABRAND00412,601,53.18,-115.96,1,4,2,120,5,30,120,17306.468629286403,0,10,False,,,14,8,20,6,False,1,0,0,0.9078156312625251,0.9901992326900338
ABRAND00446,311,52.97,-115.87,1,4,2,120,5,30,120,22858.632797385602,0,17,False,,,14,8,20,6,False,1,0,1,0.9098196392785571,0.9905113106768201
ABRAND00426,311,53.07,-115.91,1,4,2,120,5,30,120,1024.3708986240001,1,8,False,,,14,8,20,6,False,1,5,1,0.9118236472945892,0.9908171890493007
ABRAND00410,322,53.04,-115.96,1,4,2,120,5,30,120,6020.4315892608,0,17,False,,,14,8,20,6,False,1,0,0,0.9138276553106213,0.991121420247356
ABRAND00574,351,52.87,-115.44,1,4,2,120,5,30,120,38905.072638220816,1,14,False,,,14,9,19,6,False,1,0,0,0.9158316633266533,0.9914253711498967
ABRAND00528,351,52.5,-115.62,1,4,2,120,5,30,120,5539.5957807648,0,11,False,,,15,9,19,6,False,1,0,0,0.9178356713426854,0.9917240848434329
ABRAND00705,601,52.14,-114.95,1,4,2,120,5,30,120,5346.8273910240005,1,7,False,,,16,10,19,6,False,1,1,2,0.9198396793587175,0.9920202902801966
ABRAND00599,311,52.84,-115.33,1,4,2,120,5,30,120,42392.79741280321,2,13,False,,,14,9,19,6,False,1,6,1,0.9218436873747495,0.9923150346388088
ABRAND00579,361,53.07,-115.42,1,4,2,120,5,30,120,4333.0950849312,1,17,False,,,14,9,19,6,False,1,0,0,0.9238476953907816,0.9926086261920635
ABRAND00375,401,53.31,-116.05,1,4,2,120,5,30,120,295450.71196484164,0,12,False,,,13,8,19,6,False,1,1,0,0.9258517034068137,0.9928924848795291
ABRAND00754,361,52.46,-114.66,1,4,2,120,5,30,120,5471.557458048001,0,11,False,,,15,11,19,6,False,1,0,2,0.9278557114228457,0.9931762551566454
ABRAND00891,351,52.65,-114.28,1,4,2,120,5,30,120,194449.22938615683,0,20,False,,,15,11,19,6,False,1,0,0,0.9298597194388778,0.9934577269443298
ABRAND00875,322,52.46,-114.31,1,4,2,120,5,30,120,11333.514738499201,1,16,False,,,15,11,19,6,False,1,5,0,0.9318637274549099,0.9937299481487938
ABRAND00396,351,53.19,-116,1,4,2,120,5,30,120,11947.7534073984,0,11,False,,,14,8,18,6,False,1,0,0,0.9338677354709419,0.9940017013101072
ABRAND00259,601,53.21,-117.7,1,4,2,120,5,30,120,26681.742866304,0,15,False,,,14,5,18,6,False,1,0,3,0.935871743486974,0.9942718917361935
ABRAND00833,361,52.33,-114.42,1,4,2,120,5,30,120,10039.978859673602,0,20,False,,,15,11,18,6,False,1,0,0,0.9378757515030061,0.9945410356498543
ABRAND00817,311,53.01,-114.45,1,4,2,120,5,30,120,15616.104337699202,0,27,False,,,14,11,18,6,False,1,0,0,0.9398797595190381,0.9948081474531295
ABRAND00899,351,52.56,-114.26,1,4,2,120,5,30,120,5357.6550292608,0,10,False,,,15,11,18,6,False,1,0,0,0.9418837675350702,0.9950736044752976
ABRAND00581,601,52.56,-115.41,1,4,2,120,5,30,120,2378.9237367744004,0,7,False,,,15,9,18,6,False,1,0,0,0.9438877755511023,0.995328974830594
ABRAND00594,601,52.95,-115.36,1,4,2,120,5,30,120,20132.212500950398,0,14,False,,,14,9,18,6,False,1,0,0,0.9458917835671342,0.9955785420870931
ABRAND00879,361,52.95,-114.3,1,4,2,120,5,30,120,13413.4677926208,0,13,False,,,14,11,18,6,False,1,0,0,0.9478957915831663,0.9958196862387553
ABRAND00331,601,53.42,-116.24,1,4,2,120,5,30,120,3591.0418682304,3,6,False,,,13,8,15,6,False,1,0,1,0.9498997995991983,0.9960559622179936
ABRAND00606,311,53.3,-115.3,1,4,2,120,5,30,120,16857.505763683203,4,16,False,,,13,9,15,6,False,1,0,0,0.9519038076152304,0.9962872860879992
ABRAND00465,361,53.67,-115.83,1,4,2,120,5,30,120,27781.054900128005,1,15,False,,,13,8,15,6,False,1,0,0,0.9539078156312625,0.9965164866285358
ABRAND00317,361,53.27,-116.32,1,4,2,120,5,30,120,5786.2119646368,0,11,False,,,13,7,15,6,False,1,0,0,0.9559118236472945,0.9967253785673476
ABRAND00841,361,52.35,-114.38,1,4,2,120,5,30,120,6378.29698536,1,11,False,,,15,11,14,6,False,1,1,0,0.9579158316633266,0.9969342562688387
ABRAND00847,311,52.83,-114.36,1,4,2,120,5,30,120,36097.932197088005,1,13,False,,,14,11,14,6,False,1,0,0,0.9599198396793587,0.9971426760247648
ABRAND00743,311,52.69,-114.74,1,4,2,120,5,30,120,7707.168356112,1,11,False,,,15,11,14,6,False,1,0,0,0.9619238476953907,0.997344818022214
ABRAND00880,351,52.76,-114.29,1,4,2,120,5,30,120,156643.27633967038,3,12,False,,,14,11,14,6,False,1,0,0,0.9639278557114228,0.9975366630857758
ABRAND00478,601,53,-115.79,1,4,2,120,5,30,120,10565.511953904,5,12,False,,,14,8,11,6,False,1,0,0,0.9659318637274549,0.99772692604229
ABRAND00654,601,52.44,-115.14,1,4,2,120,5,30,120,19590.9285038976,6,15,False,,,15,10,11,6,False,1,1,2,0.9679358717434869,0.9979134194954512
ABRAND00476,351,53.02,-115.79,1,4,2,120,5,30,120,4669.836266995201,3,9,False,,,14,8,11,6,False,1,1,0,0.969939879759519,0.9980931439656718
ABRAND00556,601,53.17,-115.53,1,4,2,120,5,30,120,11976.289121606404,3,11,False,,,14,9,11,6,False,1,2,0,0.9719438877755511,0.9982610153888176
ABRAND00593,311,53.04,-115.36,1,4,2,120,5,30,120,4581.766495756801,3,10,False,,,14,9,11,6,False,1,0,1,0.9739478957915831,0.9984281628145476
ABRAND00355,601,53.15,-116.13,1,4,2,120,5,30,120,1034.0472108096,2,4,False,,,14,8,11,6,False,1,1,0,0.9759519038076152,0.9985923708614188
ABRAND00392,351,53.1,-116.01,1,4,2,120,5,30,120,4386.2332236768,4,8,False,,,14,8,11,6,False,1,0,2,0.9779559118236473,0.9987538237981669
ABRAND00358,601,53.02,-116.12,1,4,2,120,5,30,120,27253.7020488384,3,26,False,,,14,8,11,6,False,1,1,14,0.9799599198396793,0.9989089054309811
ABRAND00357,351,53.23,-116.12,1,4,2,120,5,30,120,16720.090430515203,4,11,False,,,14,8,9,6,False,1,5,0,0.9819639278557114,0.9990633917045216
ABRAND00409,351,52.99,-115.96,1,4,2,120,5,30,120,1363.1723254944002,2,6,False,,,14,8,9,6,False,1,0,0,0.9839679358717435,0.9992144301600587
ABRAND00347,601,53.16,-116.19,1,4,2,120,5,30,120,3565.1662167455997,1,5,False,,,14,8,9,6,False,1,0,0,0.9859719438877755,0.9993638808810653
ABRAND00359,401,53.11,-116.12,1,4,2,120,5,30,120,9305.5501545696,3,17,False,,,14,8,9,6,False,1,0,0,0.9879759519038076,0.9994952175141055
ABRAND00421,601,53.19,-115.92,1,4,2,120,5,30,120,14994.158717779199,1,17,False,,,14,8,9,6,False,1,0,0,0.9899799599198397,0.9996021566762248
ABRAND00499,351,53.11,-115.72,1,4,2,120,5,30,120,10192.564162713601,3,9,False,,,14,9,8,6,False,1,0,0,0.9919839679358717,0.9997017833166226
ABRAND00580,311,53.2,-115.42,1,4,2,120,5,30,120,10087.389491616,5,8,False,,,14,9,8,6,False,1,0,0,0.9939879759519038,0.9998004776799791
ABRAND00587,621,52.83,-115.39,1,4,2,120,5,30,120,13736.592293644802,1,14,False,,,14,9,8,6,False,1,0,0,0.9959919839679359,0.9998967889520313
ABRAND00618,361,53.09,-115.27,1,4,2,120,5,30,120,52907.30381583359,2,15,False,,,14,9,8,6,False,1,0,0,0.9979959919839679,0.9999828292845556
ABRAND00566,311,53.16,-115.48,1,4,2,120,5,30,120,4438.7474897952,2,5,False,,,14,9,8,6,False,1,0,0,1.0,1.0
