facility_ID,lat,lon,OGI_required_surveys,truck_required_surveys,aircraft_required_surveys,OGI_time,aircraft_time,truck_time,OGI_FU_time
ABRAND00001,55.05,-119.99,3,4,6,120,5,30,120
ABRAND00002,54.74,-119.98,3,4,6,120,5,30,120
ABRAND00003,55.25,-119.96,3,4,6,120,5,30,120
ABRAND00004,55.32,-119.96,3,4,6,120,5,30,120
ABRAND00005,55.19,-119.95,3,4,6,120,5,30,120
ABRAND00006,55.25,-119.95,1,4,6,120,5,30,120
ABRAND00007,54.63,-119.95,3,4,6,120,5,30,120
ABRAND00008,55.28,-119.92,3,4,6,120,5,30,120
ABRAND00009,57.73,-119.92,3,4,6,120,5,30,120
ABRAND00010,55.12,-119.92,3,4,6,120,5,30,120
ABRAND00011,57.57,-119.91,3,4,6,120,5,30,120
ABRAND00012,54.75,-119.91,3,4,6,120,5,30,120
ABRAND00013,55.03,-119.91,3,4,6,120,5,30,120
ABRAND00014,54.94,-119.91,3,4,6,120,5,30,120
ABRAND00015,54.91,-119.91,3,4,6,120,5,30,120
ABRAND00016,57.3,-119.9,3,4,6,120,5,30,120
ABRAND00017,55.09,-119.9,3,4,6,120,5,30,120
ABRAND00018,55.04,-119.9,3,4,6,120,5,30,120
ABRAND00019,54.97,-119.89,3,4,6,120,5,30,120
ABRAND00020,55.03,-119.89,3,4,6,120,5,30,120
ABRAND00021,57.31,-119.89,1,4,6,120,5,30,120
ABRAND00022,55.33,-119.88,1,4,6,120,5,30,120
ABRAND00023,55.24,-119.87,1,4,6,120,5,30,120
ABRAND00024,54.87,-119.87,3,4,6,120,5,30,120
ABRAND00025,55.21,-119.87,3,4,6,120,5,30,120
ABRAND00026,55.07,-119.86,3,4,6,120,5,30,120
ABRAND00027,55.24,-119.86,1,4,6,120,5,30,120
ABRAND00028,57.69,-119.86,3,4,6,120,5,30,120
ABRAND00029,54.67,-119.85,3,4,6,120,5,30,120
ABRAND00030,54.68,-119.85,3,4,6,120,5,30,120
ABRAND00031,55.29,-119.83,3,4,6,120,5,30,120
ABRAND00032,55.04,-119.83,3,4,6,120,5,30,120
ABRAND00033,57.85,-119.83,3,4,6,120,5,30,120
ABRAND00034,55.27,-119.83,3,4,6,120,5,30,120
ABRAND00035,55.35,-119.82,3,4,6,120,5,30,120
ABRAND00036,54.89,-119.82,3,4,6,120,5,30,120
ABRAND00037,54.95,-119.82,3,4,6,120,5,30,120
ABRAND00038,55.06,-119.82,3,4,6,120,5,30,120
ABRAND00039,55,-119.79,3,4,6,120,5,30,120
ABRAND00040,55.03,-119.79,3,4,6,120,5,30,120
ABRAND00041,55.18,-119.78,3,4,6,120,5,30,120
ABRAND00042,54.86,-119.78,3,4,6,120,5,30,120
ABRAND00043,55.23,-119.77,1,4,6,120,5,30,120
ABRAND00044,55.12,-119.76,3,4,6,120,5,30,120
ABRAND00045,54.81,-119.75,1,4,6,120,5,30,120
ABRAND00046,56.03,-119.71,1,4,6,120,5,30,120
ABRAND00047,55.23,-119.71,1,4,6,120,5,30,120
ABRAND00048,55.26,-119.71,1,4,6,120,5,30,120
ABRAND00049,54.88,-119.71,3,4,6,120,5,30,120
ABRAND00050,55.11,-119.7,1,4,6,120,5,30,120
ABRAND00051,54.83,-119.7,3,4,6,120,5,30,120
ABRAND00052,55.11,-119.69,3,4,6,120,5,30,120
ABRAND00053,54.78,-119.69,3,4,6,120,5,30,120
ABRAND00054,55.13,-119.69,3,4,6,120,5,30,120
ABRAND00055,54.81,-119.68,3,4,6,120,5,30,120
ABRAND00056,54.91,-119.68,3,4,6,120,5,30,120
ABRAND00057,56.03,-119.68,1,4,6,120,5,30,120
ABRAND00058,55.27,-119.67,3,4,6,120,5,30,120
ABRAND00059,55.1,-119.66,3,4,6,120,5,30,120
ABRAND00060,56.12,-119.65,1,4,6,120,5,30,120
ABRAND00061,55.06,-119.64,3,4,6,120,5,30,120
ABRAND00062,55.13,-119.64,3,4,6,120,5,30,120
ABRAND00063,54.79,-119.63,3,4,6,120,5,30,120
ABRAND00064,54.71,-119.63,3,4,6,120,5,30,120
ABRAND00065,55.03,-119.62,1,4,6,120,5,30,120
ABRAND00066,54.94,-119.61,3,4,6,120,5,30,120
ABRAND00067,54.85,-119.61,3,4,6,120,5,30,120
ABRAND00068,57.4,-119.6,3,4,6,120,5,30,120
ABRAND00069,55.01,-119.6,3,4,6,120,5,30,120
ABRAND00070,55.14,-119.59,3,4,6,120,5,30,120
ABRAND00071,54.55,-119.58,3,4,6,120,5,30,120
ABRAND00072,54.84,-119.58,3,4,6,120,5,30,120
ABRAND00073,54.72,-119.58,3,4,6,120,5,30,120
ABRAND00074,55.13,-119.57,3,4,6,120,5,30,120
ABRAND00075,57.6,-119.57,3,4,6,120,5,30,120
ABRAND00076,55.15,-119.57,1,4,6,120,5,30,120
ABRAND00077,57.41,-119.56,3,4,6,120,5,30,120
ABRAND00078,54.98,-119.56,3,4,6,120,5,30,120
ABRAND00079,54.72,-119.56,3,4,6,120,5,30,120
ABRAND00080,54.85,-119.56,3,4,6,120,5,30,120
ABRAND00081,55.09,-119.56,3,4,6,120,5,30,120
ABRAND00082,55.14,-119.56,3,4,6,120,5,30,120
ABRAND00083,55.43,-119.55,1,4,6,120,5,30,120
ABRAND00084,55.08,-119.55,3,4,6,120,5,30,120
ABRAND00085,57.51,-119.55,1,4,6,120,5,30,120
ABRAND00086,54.86,-119.54,3,4,6,120,5,30,120
ABRAND00087,54.43,-119.53,3,4,6,120,5,30,120
ABRAND00088,54.55,-119.53,3,4,6,120,5,30,120
ABRAND00089,54.78,-119.52,3,4,6,120,5,30,120
ABRAND00090,55.08,-119.52,3,4,6,120,5,30,120
ABRAND00091,55.04,-119.51,1,4,6,120,5,30,120
ABRAND00092,54.74,-119.51,3,4,6,120,5,30,120
ABRAND00093,54.84,-119.51,1,4,6,120,5,30,120
ABRAND00094,54.65,-119.51,3,4,6,120,5,30,120
ABRAND00095,54.72,-119.5,3,4,6,120,5,30,120
ABRAND00096,55.35,-119.5,1,4,6,120,5,30,120
ABRAND00097,55.37,-119.5,3,4,6,120,5,30,120
ABRAND00098,54.94,-119.5,3,4,6,120,5,30,120
ABRAND00099,54.69,-119.47,3,4,6,120,5,30,120
ABRAND00100,55.23,-119.46,3,4,6,120,5,30,120
ABRAND00101,54.88,-119.44,3,4,6,120,5,30,120
ABRAND00102,57.45,-119.44,3,4,6,120,5,30,120
ABRAND00103,54.98,-119.44,3,4,6,120,5,30,120
ABRAND00104,54.58,-119.42,3,4,6,120,5,30,120
ABRAND00105,55.84,-119.42,1,4,6,120,5,30,120
ABRAND00106,55.2,-119.4,1,4,6,120,5,30,120
ABRAND00107,54.9,-119.4,3,4,6,120,5,30,120
ABRAND00108,54.82,-119.39,3,4,6,120,5,30,120
ABRAND00109,54.68,-119.38,1,4,6,120,5,30,120
ABRAND00110,54.85,-119.38,3,4,6,120,5,30,120
ABRAND00111,55.55,-119.38,3,4,6,120,5,30,120
ABRAND00112,55.11,-119.38,3,4,6,120,5,30,120
ABRAND00113,54.91,-119.38,3,4,6,120,5,30,120
ABRAND00114,55.12,-119.37,1,4,6,120,5,30,120
ABRAND00115,54.86,-119.36,3,4,6,120,5,30,120
ABRAND00116,55.29,-119.34,3,4,6,120,5,30,120
ABRAND00117,55.4,-119.34,1,4,6,120,5,30,120
ABRAND00118,55.33,-119.33,1,4,6,120,5,30,120
ABRAND00119,55.6,-119.32,3,4,6,120,5,30,120
ABRAND00120,54.94,-119.32,3,4,6,120,5,30,120
ABRAND00121,55.44,-119.3,3,4,6,120,5,30,120
ABRAND00122,54.73,-119.3,3,4,6,120,5,30,120
ABRAND00123,55.02,-119.3,3,4,6,120,5,30,120
ABRAND00124,54.83,-119.3,3,4,6,120,5,30,120
ABRAND00125,54.95,-119.29,3,4,6,120,5,30,120
ABRAND00126,54.9,-119.29,3,4,6,120,5,30,120
ABRAND00127,55.09,-119.29,3,4,6,120,5,30,120
ABRAND00128,54.86,-119.27,3,4,6,120,5,30,120
ABRAND00129,54.66,-119.26,3,4,6,120,5,30,120
ABRAND00130,54.61,-119.26,3,4,6,120,5,30,120
ABRAND00131,54.9,-119.26,3,4,6,120,5,30,120
ABRAND00132,55.27,-119.26,1,4,6,120,5,30,120
ABRAND00133,54.99,-119.26,3,4,6,120,5,30,120
ABRAND00134,55.38,-119.24,1,4,6,120,5,30,120
ABRAND00135,55.29,-119.24,3,4,6,120,5,30,120
ABRAND00136,55.43,-119.24,1,4,6,120,5,30,120
ABRAND00137,55.32,-119.23,1,4,6,120,5,30,120
ABRAND00138,55.35,-119.22,1,4,6,120,5,30,120
ABRAND00139,55.02,-119.19,3,4,6,120,5,30,120
ABRAND00140,55.3,-119.19,1,4,6,120,5,30,120
ABRAND00141,54.52,-119.18,1,4,6,120,5,30,120
ABRAND00142,55.08,-119.17,3,4,6,120,5,30,120
ABRAND00143,54.51,-119.17,3,4,6,120,5,30,120
ABRAND00144,54.7,-119.15,3,4,6,120,5,30,120
ABRAND00145,55.56,-119.15,3,4,6,120,5,30,120
ABRAND00146,54.43,-119.15,1,4,6,120,5,30,120
ABRAND00147,54.88,-119.14,3,4,6,120,5,30,120
ABRAND00148,54.97,-119.14,3,4,6,120,5,30,120
ABRAND00149,54.54,-119.14,1,4,6,120,5,30,120
ABRAND00150,54.71,-119.13,1,4,6,120,5,30,120
ABRAND00151,54.23,-119.13,3,4,6,120,5,30,120
ABRAND00152,54.8,-119.12,3,4,6,120,5,30,120
ABRAND00153,54.58,-119.12,3,4,6,120,5,30,120
ABRAND00154,54.95,-119.11,3,4,6,120,5,30,120
ABRAND00155,54.8,-119.1,3,4,6,120,5,30,120
ABRAND00156,54.63,-119.09,1,4,6,120,5,30,120
ABRAND00157,54.56,-119.09,1,4,6,120,5,30,120
ABRAND00158,54.38,-119.07,1,4,6,120,5,30,120
ABRAND00159,54.79,-119.06,3,4,6,120,5,30,120
ABRAND00160,54.76,-119.04,3,4,6,120,5,30,120
ABRAND00161,54.57,-119.03,1,4,6,120,5,30,120
ABRAND00162,54.7,-119.03,3,4,6,120,5,30,120
ABRAND00163,54.45,-119.02,1,4,6,120,5,30,120
ABRAND00164,54.52,-119.01,1,4,6,120,5,30,120
ABRAND00165,55.6,-119,1,4,6,120,5,30,120
ABRAND00166,55.25,-119,3,4,6,120,5,30,120
ABRAND00167,54.36,-118.99,3,4,6,120,5,30,120
ABRAND00168,54.5,-118.98,1,4,6,120,5,30,120
ABRAND00169,54.69,-118.97,3,4,6,120,5,30,120
ABRAND00170,55.34,-118.96,3,4,6,120,5,30,120
ABRAND00171,54.42,-118.95,1,4,6,120,5,30,120
ABRAND00172,54.44,-118.94,1,4,6,120,5,30,120
ABRAND00173,54.43,-118.94,1,4,6,120,5,30,120
ABRAND00174,54.54,-118.94,1,4,6,120,5,30,120
ABRAND00175,55.34,-118.94,3,4,6,120,5,30,120
ABRAND00176,54.42,-118.93,1,4,6,120,5,30,120
ABRAND00177,54.62,-118.91,3,4,6,120,5,30,120
ABRAND00178,54.22,-118.91,1,4,6,120,5,30,120
ABRAND00179,54.72,-118.9,3,4,6,120,5,30,120
ABRAND00180,54.53,-118.89,3,4,6,120,5,30,120
ABRAND00181,54.38,-118.89,1,4,6,120,5,30,120
ABRAND00182,54.95,-118.88,3,4,6,120,5,30,120
ABRAND00183,54.42,-118.87,1,4,6,120,5,30,120
ABRAND00184,54.65,-118.86,1,4,6,120,5,30,120
ABRAND00185,54.5,-118.86,1,4,6,120,5,30,120
ABRAND00186,54.34,-118.86,1,4,6,120,5,30,120
ABRAND00187,54.65,-118.85,3,4,6,120,5,30,120
ABRAND00188,54.37,-118.85,1,4,6,120,5,30,120
ABRAND00189,54.46,-118.82,1,4,6,120,5,30,120
ABRAND00190,54.43,-118.82,3,4,6,120,5,30,120
ABRAND00191,54.12,-118.81,1,4,6,120,5,30,120
ABRAND00192,54.49,-118.81,1,4,6,120,5,30,120
ABRAND00193,54.5,-118.8,1,4,6,120,5,30,120
ABRAND00194,54.55,-118.8,3,4,6,120,5,30,120
ABRAND00195,54.52,-118.79,1,4,6,120,5,30,120
ABRAND00196,54.93,-118.79,3,4,6,120,5,30,120
ABRAND00197,54.54,-118.78,1,4,6,120,5,30,120
ABRAND00198,54.31,-118.78,1,4,6,120,5,30,120
ABRAND00199,54.41,-118.77,3,4,6,120,5,30,120
ABRAND00200,54.45,-118.76,1,4,6,120,5,30,120
ABRAND00201,54.53,-118.76,1,4,6,120,5,30,120
ABRAND00202,54.32,-118.75,1,4,6,120,5,30,120
ABRAND00203,54.37,-118.75,3,4,6,120,5,30,120
ABRAND00204,54.23,-118.75,1,4,6,120,5,30,120
ABRAND00205,54.47,-118.75,1,4,6,120,5,30,120
ABRAND00206,54.2,-118.74,1,4,6,120,5,30,120
ABRAND00207,54.46,-118.74,1,4,6,120,5,30,120
ABRAND00208,54.34,-118.72,1,4,6,120,5,30,120
ABRAND00209,54.25,-118.72,1,4,6,120,5,30,120
ABRAND00210,54.19,-118.72,1,4,6,120,5,30,120
ABRAND00211,54.54,-118.72,1,4,6,120,5,30,120
ABRAND00212,54.53,-118.71,1,4,6,120,5,30,120
ABRAND00213,54.36,-118.71,1,4,6,120,5,30,120
ABRAND00214,54.45,-118.7,1,4,6,120,5,30,120
ABRAND00215,54.36,-118.7,3,4,6,120,5,30,120
ABRAND00216,54.19,-118.7,1,4,6,120,5,30,120
ABRAND00217,54.44,-118.7,1,4,6,120,5,30,120
ABRAND00218,54.35,-118.69,1,4,6,120,5,30,120
ABRAND00219,54.46,-118.69,1,4,6,120,5,30,120
ABRAND00220,54.45,-118.69,1,4,6,120,5,30,120
ABRAND00221,54.4,-118.68,1,4,6,120,5,30,120
ABRAND00222,54.4,-118.68,1,4,6,120,5,30,120
ABRAND00223,54.32,-118.67,1,4,6,120,5,30,120
ABRAND00224,54.44,-118.67,1,4,6,120,5,30,120
ABRAND00225,54.52,-118.66,1,4,6,120,5,30,120
ABRAND00226,54.3,-118.65,1,4,6,120,5,30,120
ABRAND00227,54.49,-118.63,1,4,6,120,5,30,120
ABRAND00228,54.55,-118.63,1,4,6,120,5,30,120
ABRAND00229,54.41,-118.63,1,4,6,120,5,30,120
ABRAND00230,54.62,-118.59,1,4,6,120,5,30,120
ABRAND00231,54.47,-118.58,1,4,6,120,5,30,120
ABRAND00232,54.26,-118.56,1,4,6,120,5,30,120
ABRAND00233,54.54,-118.55,1,4,6,120,5,30,120
ABRAND00234,54.25,-118.55,1,4,6,120,5,30,120
ABRAND00235,57.13,-118.54,3,4,6,120,5,30,120
ABRAND00236,54.39,-118.53,1,4,6,120,5,30,120
ABRAND00237,54.5,-118.48,3,4,6,120,5,30,120
ABRAND00238,54.31,-118.44,1,4,6,120,5,30,120
ABRAND00239,54.36,-118.42,1,4,6,120,5,30,120
ABRAND00240,54.2,-118.42,3,4,6,120,5,30,120
ABRAND00241,54.03,-118.38,1,4,6,120,5,30,120
ABRAND00242,54.28,-118.32,3,4,6,120,5,30,120
ABRAND00243,54.21,-118.16,1,4,6,120,5,30,120
ABRAND00244,54.12,-118.13,1,4,6,120,5,30,120
ABRAND00245,54.29,-118.1,1,4,6,120,5,30,120
ABRAND00246,56.99,-118.03,3,4,6,120,5,30,120
ABRAND00247,54.21,-118,1,4,6,120,5,30,120
ABRAND00248,54.07,-117.94,3,4,6,120,5,30,120
ABRAND00249,53.58,-117.9,1,4,6,120,5,30,120
ABRAND00250,56.24,-117.87,3,4,6,120,5,30,120
ABRAND00251,53.88,-117.85,1,4,6,120,5,30,120
ABRAND00252,53.78,-117.83,3,4,6,120,5,30,120
ABRAND00253,54.42,-117.79,1,4,6,120,5,30,120
ABRAND00254,53.41,-117.78,1,4,6,120,5,30,120
ABRAND00255,54.05,-117.75,1,4,6,120,5,30,120
ABRAND00256,53.5,-117.74,1,4,6,120,5,30,120
ABRAND00257,54.08,-117.71,1,4,6,120,5,30,120
ABRAND00258,54.02,-117.7,1,4,6,120,5,30,120
ABRAND00259,53.21,-117.7,3,4,6,120,5,30,120
ABRAND00260,54.14,-117.67,1,4,6,120,5,30,120
ABRAND00261,54.06,-117.65,1,4,6,120,5,30,120
ABRAND00262,54.02,-117.63,1,4,6,120,5,30,120
ABRAND00263,53.63,-117.63,1,4,6,120,5,30,120
ABRAND00264,53.99,-117.62,3,4,6,120,5,30,120
ABRAND00265,54.2,-117.62,1,4,6,120,5,30,120
ABRAND00266,54.09,-117.62,3,4,6,120,5,30,120
ABRAND00267,54.17,-117.59,1,4,6,120,5,30,120
ABRAND00268,54.26,-117.58,1,4,6,120,5,30,120
ABRAND00269,54.25,-117.58,3,4,6,120,5,30,120
ABRAND00270,54.15,-117.57,3,4,6,120,5,30,120
ABRAND00271,54.23,-117.57,3,4,6,120,5,30,120
ABRAND00272,53.98,-117.56,3,4,6,120,5,30,120
ABRAND00273,54.07,-117.55,3,4,6,120,5,30,120
ABRAND00274,54.85,-117.54,3,4,6,120,5,30,120
ABRAND00275,54.09,-117.53,1,4,6,120,5,30,120
ABRAND00276,54.23,-117.52,1,4,6,120,5,30,120
ABRAND00277,54,-117.52,3,4,6,120,5,30,120
ABRAND00278,54.15,-117.51,3,4,6,120,5,30,120
ABRAND00279,54.11,-117.5,3,4,6,120,5,30,120
ABRAND00280,54.22,-117.49,3,4,6,120,5,30,120
ABRAND00281,54.34,-117.45,1,4,6,120,5,30,120
ABRAND00282,53.96,-117.43,1,4,6,120,5,30,120
ABRAND00283,54.11,-117.41,1,4,6,120,5,30,120
ABRAND00284,54.16,-117.41,3,4,6,120,5,30,120
ABRAND00285,54,-117.38,3,4,6,120,5,30,120
ABRAND00286,54.08,-117.38,3,4,6,120,5,30,120
ABRAND00287,54.15,-117.37,1,4,6,120,5,30,120
ABRAND00288,54.65,-117.35,3,4,6,120,5,30,120
ABRAND00289,54.67,-117.3,3,4,6,120,5,30,120
ABRAND00290,54.07,-117.29,1,4,6,120,5,30,120
ABRAND00291,54.07,-117.25,1,4,6,120,5,30,120
ABRAND00292,53.97,-117.25,1,4,6,120,5,30,120
ABRAND00293,53.23,-117.25,3,4,6,120,5,30,120
ABRAND00294,54.04,-117.24,1,4,6,120,5,30,120
ABRAND00295,54.87,-117.13,1,4,6,120,5,30,120
ABRAND00296,53.99,-117.1,1,4,6,120,5,30,120
ABRAND00297,53.99,-117.09,1,4,6,120,5,30,120
ABRAND00298,54.12,-117.09,1,4,6,120,5,30,120
ABRAND00299,53.85,-117.08,1,4,6,120,5,30,120
ABRAND00300,53.17,-117.06,3,4,6,120,5,30,120
ABRAND00301,54.15,-116.92,3,4,6,120,5,30,120
ABRAND00302,54.24,-116.84,3,4,6,120,5,30,120
ABRAND00303,54.11,-116.81,3,4,6,120,5,30,120
ABRAND00304,54.19,-116.69,3,4,6,120,5,30,120
ABRAND00305,53.25,-116.61,3,4,6,120,5,30,120
ABRAND00306,54.19,-116.55,3,4,6,120,5,30,120
ABRAND00307,53.41,-116.53,1,4,6,120,5,30,120
ABRAND00308,53.24,-116.45,1,4,6,120,5,30,120
ABRAND00309,54.43,-116.41,1,4,6,120,5,30,120
ABRAND00310,53.2,-116.39,1,4,6,120,5,30,120
ABRAND00311,53.33,-116.39,3,4,6,120,5,30,120
ABRAND00312,53.14,-116.38,1,4,6,120,5,30,120
ABRAND00313,52.97,-116.34,1,4,6,120,5,30,120
ABRAND00314,54.26,-116.33,1,4,6,120,5,30,120
ABRAND00315,53.18,-116.33,1,4,6,120,5,30,120
ABRAND00316,53.42,-116.33,1,4,6,120,5,30,120
ABRAND00317,53.27,-116.32,1,4,6,120,5,30,120
ABRAND00318,53.33,-116.31,1,4,6,120,5,30,120
ABRAND00319,53.3,-116.3,1,4,6,120,5,30,120
ABRAND00320,53.06,-116.3,1,4,6,120,5,30,120
ABRAND00321,53.25,-116.3,1,4,6,120,5,30,120
ABRAND00322,54.39,-116.29,1,4,6,120,5,30,120
ABRAND00323,53.31,-116.29,3,4,6,120,5,30,120
ABRAND00324,53.16,-116.28,3,4,6,120,5,30,120
ABRAND00325,53.18,-116.28,1,4,6,120,5,30,120
ABRAND00326,53.45,-116.27,3,4,6,120,5,30,120
ABRAND00327,53.95,-116.26,1,4,6,120,5,30,120
ABRAND00328,53.16,-116.26,3,4,6,120,5,30,120
ABRAND00329,53.16,-116.26,1,4,6,120,5,30,120
ABRAND00330,53.2,-116.25,1,4,6,120,5,30,120
ABRAND00331,53.42,-116.24,3,4,6,120,5,30,120
ABRAND00332,53.12,-116.24,3,4,6,120,5,30,120
ABRAND00333,53.15,-116.24,1,4,6,120,5,30,120
ABRAND00334,53.21,-116.24,1,4,6,120,5,30,120
ABRAND00335,53.25,-116.23,1,4,6,120,5,30,120
ABRAND00336,53.19,-116.23,3,4,6,120,5,30,120
ABRAND00337,53.16,-116.21,3,4,6,120,5,30,120
ABRAND00338,53.05,-116.21,1,4,6,120,5,30,120
ABRAND00339,53.39,-116.21,1,4,6,120,5,30,120
ABRAND00340,53.43,-116.21,1,4,6,120,5,30,120
ABRAND00341,53.35,-116.21,1,4,6,120,5,30,120
ABRAND00342,53.19,-116.2,1,4,6,120,5,30,120
ABRAND00343,53.56,-116.19,3,4,6,120,5,30,120
ABRAND00344,53.02,-116.19,3,4,6,120,5,30,120
ABRAND00345,53.09,-116.19,1,4,6,120,5,30,120
ABRAND00346,53.11,-116.19,1,4,6,120,5,30,120
ABRAND00347,53.16,-116.19,3,4,6,120,5,30,120
ABRAND00348,53.08,-116.18,1,4,6,120,5,30,120
ABRAND00349,53.94,-116.17,1,4,6,120,5,30,120
ABRAND00350,53.2,-116.16,3,4,6,120,5,30,120
ABRAND00351,53.06,-116.15,1,4,6,120,5,30,120
ABRAND00352,53,-116.14,1,4,6,120,5,30,120
ABRAND00353,53.48,-116.14,1,4,6,120,5,30,120
ABRAND00354,53.02,-116.13,1,4,6,120,5,30,120
ABRAND00355,53.15,-116.13,3,4,6,120,5,30,120
ABRAND00356,53.25,-116.12,3,4,6,120,5,30,120
ABRAND00357,53.23,-116.12,1,4,6,120,5,30,120
ABRAND00358,53.02,-116.12,1,4,6,120,5,30,120
ABRAND00359,53.11,-116.12,3,4,6,120,5,30,120
ABRAND00360,52.99,-116.12,1,4,6,120,5,30,120
ABRAND00361,53.42,-116.11,1,4,6,120,5,30,120
ABRAND00362,53.89,-116.1,1,4,6,120,5,30,120
ABRAND00363,52.92,-116.09,1,4,6,120,5,30,120
ABRAND00364,53.14,-116.09,1,4,6,120,5,30,120
ABRAND00365,53.07,-116.08,1,4,6,120,5,30,120
ABRAND00366,53.19,-116.08,3,4,6,120,5,30,120
ABRAND00367,53.11,-116.08,1,4,6,120,5,30,120
ABRAND00368,52.98,-116.08,1,4,6,120,5,30,120
ABRAND00369,53.48,-116.08,1,4,6,120,5,30,120
ABRAND00370,53.08,-116.08,1,4,6,120,5,30,120
ABRAND00371,53.18,-116.08,1,4,6,120,5,30,120
ABRAND00372,52.82,-116.08,1,4,6,120,5,30,120
ABRAND00373,53.25,-116.07,3,4,6,120,5,30,120
ABRAND00374,52.92,-116.07,1,4,6,120,5,30,120
ABRAND00375,53.31,-116.05,3,4,6,120,5,30,120
ABRAND00376,53.21,-116.05,1,4,6,120,5,30,120
ABRAND00377,53.4,-116.04,1,4,6,120,5,30,120
ABRAND00378,53.08,-116.04,3,4,6,120,5,30,120
ABRAND00379,54.04,-116.04,1,4,6,120,5,30,120
ABRAND00380,53.34,-116.03,1,4,6,120,5,30,120
ABRAND00381,53.25,-116.03,3,4,6,120,5,30,120
ABRAND00382,52.99,-116.03,1,4,6,120,5,30,120
ABRAND00383,53.79,-116.03,3,4,6,120,5,30,120
ABRAND00384,53.28,-116.03,1,4,6,120,5,30,120
ABRAND00385,53.01,-116.02,3,4,6,120,5,30,120
ABRAND00386,54.16,-116.02,3,4,6,120,5,30,120
ABRAND00387,53.08,-116.02,1,4,6,120,5,30,120
ABRAND00388,53.83,-116.01,1,4,6,120,5,30,120
ABRAND00389,53.71,-116.01,3,4,6,120,5,30,120
ABRAND00390,53.88,-116.01,1,4,6,120,5,30,120
ABRAND00391,53.28,-116.01,1,4,6,120,5,30,120
ABRAND00392,53.1,-116.01,1,4,6,120,5,30,120
ABRAND00393,53,-116.01,1,4,6,120,5,30,120
ABRAND00394,52.88,-116,1,4,6,120,5,30,120
ABRAND00395,52.9,-116,1,4,6,120,5,30,120
ABRAND00396,53.19,-116,1,4,6,120,5,30,120
ABRAND00397,52.95,-115.99,1,4,6,120,5,30,120
ABRAND00398,53.64,-115.99,1,4,6,120,5,30,120
ABRAND00399,52.83,-115.99,1,4,6,120,5,30,120
ABRAND00400,52.77,-115.98,1,4,6,120,5,30,120
ABRAND00401,53.42,-115.98,1,4,6,120,5,30,120
ABRAND00402,53.13,-115.98,1,4,6,120,5,30,120
ABRAND00403,54.24,-115.98,1,4,6,120,5,30,120
ABRAND00404,53.12,-115.98,1,4,6,120,5,30,120
ABRAND00405,53.06,-115.97,3,4,6,120,5,30,120
ABRAND00406,53.09,-115.97,1,4,6,120,5,30,120
ABRAND00407,52.87,-115.97,1,4,6,120,5,30,120
ABRAND00408,53.95,-115.97,1,4,6,120,5,30,120
ABRAND00409,52.99,-115.96,1,4,6,120,5,30,120
ABRAND00410,53.04,-115.96,1,4,6,120,5,30,120
ABRAND00411,53.49,-115.96,3,4,6,120,5,30,120
ABRAND00412,53.18,-115.96,3,4,6,120,5,30,120
ABRAND00413,53.92,-115.95,1,4,6,120,5,30,120
ABRAND00414,53.96,-115.95,3,4,6,120,5,30,120
ABRAND00415,53.4,-115.94,1,4,6,120,5,30,120
ABRAND00416,53.75,-115.94,1,4,6,120,5,30,120
ABRAND00417,53.88,-115.94,1,4,6,120,5,30,120
ABRAND00418,52.81,-115.94,1,4,6,120,5,30,120
ABRAND00419,52.96,-115.92,1,4,6,120,5,30,120
ABRAND00420,52.87,-115.92,1,4,6,120,5,30,120
ABRAND00421,53.19,-115.92,1,4,6,120,5,30,120
ABRAND00422,53.14,-115.92,1,4,6,120,5,30,120
ABRAND00423,53.21,-115.92,1,4,6,120,5,30,120
ABRAND00424,53.82,-115.91,3,4,6,120,5,30,120
ABRAND00425,53.68,-115.91,1,4,6,120,5,30,120
ABRAND00426,53.07,-115.91,1,4,6,120,5,30,120
ABRAND00427,53.9,-115.91,1,4,6,120,5,30,120
ABRAND00428,52.7,-115.91,1,4,6,120,5,30,120
ABRAND00429,52.98,-115.91,1,4,6,120,5,30,120
ABRAND00430,53.05,-115.9,1,4,6,120,5,30,120
ABRAND00431,52.99,-115.9,1,4,6,120,5,30,120
ABRAND00432,53.8,-115.9,1,4,6,120,5,30,120
ABRAND00433,53.68,-115.9,1,4,6,120,5,30,120
ABRAND00434,53.24,-115.9,1,4,6,120,5,30,120
ABRAND00435,53.02,-115.9,1,4,6,120,5,30,120
ABRAND00436,53.02,-115.89,1,4,6,120,5,30,120
ABRAND00437,54.31,-115.89,1,4,6,120,5,30,120
ABRAND00438,53.31,-115.89,1,4,6,120,5,30,120
ABRAND00439,54.33,-115.89,3,4,6,120,5,30,120
ABRAND00440,53.45,-115.89,3,4,6,120,5,30,120
ABRAND00441,53.21,-115.89,1,4,6,120,5,30,120
ABRAND00442,53.86,-115.88,1,4,6,120,5,30,120
ABRAND00443,52.9,-115.88,1,4,6,120,5,30,120
ABRAND00444,53.86,-115.88,1,4,6,120,5,30,120
ABRAND00445,53.96,-115.87,3,4,6,120,5,30,120
ABRAND00446,52.97,-115.87,1,4,6,120,5,30,120
ABRAND00447,53,-115.87,1,4,6,120,5,30,120
ABRAND00448,53.27,-115.87,1,4,6,120,5,30,120
ABRAND00449,53.17,-115.87,1,4,6,120,5,30,120
ABRAND00450,54.04,-115.85,1,4,6,120,5,30,120
ABRAND00451,52.89,-115.85,1,4,6,120,5,30,120
ABRAND00452,53.79,-115.85,1,4,6,120,5,30,120
ABRAND00453,54.15,-115.84,1,4,6,120,5,30,120
ABRAND00454,53.05,-115.84,1,4,6,120,5,30,120
ABRAND00455,54.35,-115.84,3,4,6,120,5,30,120
ABRAND00456,53.34,-115.84,1,4,6,120,5,30,120
ABRAND00457,54.04,-115.84,1,4,6,120,5,30,120
ABRAND00458,53.34,-115.84,1,4,6,120,5,30,120
ABRAND00459,53.03,-115.84,1,4,6,120,5,30,120
ABRAND00460,53.36,-115.84,1,4,6,120,5,30,120
ABRAND00461,53.8,-115.84,3,4,6,120,5,30,120
ABRAND00462,53.67,-115.84,1,4,6,120,5,30,120
ABRAND00463,53.61,-115.83,3,4,6,120,5,30,120
ABRAND00464,52.96,-115.83,1,4,6,120,5,30,120
ABRAND00465,53.67,-115.83,1,4,6,120,5,30,120
ABRAND00466,52.72,-115.82,1,4,6,120,5,30,120
ABRAND00467,53.5,-115.82,3,4,6,120,5,30,120
ABRAND00468,53.07,-115.82,1,4,6,120,5,30,120
ABRAND00469,53.85,-115.81,1,4,6,120,5,30,120
ABRAND00470,53.17,-115.81,1,4,6,120,5,30,120
ABRAND00471,53.85,-115.81,3,4,6,120,5,30,120
ABRAND00472,53.69,-115.81,1,4,6,120,5,30,120
ABRAND00473,53.2,-115.8,1,4,6,120,5,30,120
ABRAND00474,53.07,-115.8,1,4,6,120,5,30,120
ABRAND00475,53.59,-115.79,1,4,6,120,5,30,120
ABRAND00476,53.02,-115.79,1,4,6,120,5,30,120
ABRAND00477,53.33,-115.79,1,4,6,120,5,30,120
ABRAND00478,53,-115.79,1,4,6,120,5,30,120
ABRAND00479,53.68,-115.78,1,4,6,120,5,30,120
ABRAND00480,53,-115.78,1,4,6,120,5,30,120
ABRAND00481,52.74,-115.77,1,4,6,120,5,30,120
ABRAND00482,53.76,-115.77,1,4,6,120,5,30,120
ABRAND00483,53.87,-115.77,1,4,6,120,5,30,120
ABRAND00484,53.1,-115.76,1,4,6,120,5,30,120
ABRAND00485,53.76,-115.76,3,4,6,120,5,30,120
ABRAND00486,53.15,-115.76,1,4,6,120,5,30,120
ABRAND00487,53.65,-115.76,1,4,6,120,5,30,120
ABRAND00488,53.09,-115.75,1,4,6,120,5,30,120
ABRAND00489,52.72,-115.75,1,4,6,120,5,30,120
ABRAND00490,53.04,-115.74,1,4,6,120,5,30,120
ABRAND00491,52.89,-115.74,1,4,6,120,5,30,120
ABRAND00492,53.16,-115.74,1,4,6,120,5,30,120
ABRAND00493,52.48,-115.74,3,4,6,120,5,30,120
ABRAND00494,52.89,-115.73,1,4,6,120,5,30,120
ABRAND00495,53.44,-115.73,1,4,6,120,5,30,120
ABRAND00496,52.78,-115.73,1,4,6,120,5,30,120
ABRAND00497,53.86,-115.72,3,4,6,120,5,30,120
ABRAND00498,53.05,-115.72,1,4,6,120,5,30,120
ABRAND00499,53.11,-115.72,1,4,6,120,5,30,120
ABRAND00500,53.78,-115.72,1,4,6,120,5,30,120
ABRAND00501,52.85,-115.72,1,4,6,120,5,30,120
ABRAND00502,53.1,-115.71,1,4,6,120,5,30,120
ABRAND00503,53.97,-115.71,1,4,6,120,5,30,120
ABRAND00504,53.28,-115.7,1,4,6,120,5,30,120
ABRAND00505,52.79,-115.7,1,4,6,120,5,30,120
ABRAND00506,53.61,-115.7,1,4,6,120,5,30,120
ABRAND00507,53.23,-115.7,1,4,6,120,5,30,120
ABRAND00508,52.83,-115.7,3,4,6,120,5,30,120
ABRAND00509,53.73,-115.69,3,4,6,120,5,30,120
ABRAND00510,53.87,-115.69,3,4,6,120,5,30,120
ABRAND00511,53.13,-115.69,3,4,6,120,5,30,120
ABRAND00512,52.98,-115.67,1,4,6,120,5,30,120
ABRAND00513,53.44,-115.67,1,4,6,120,5,30,120
ABRAND00514,54.13,-115.65,3,4,6,120,5,30,120
ABRAND00515,52.48,-115.65,1,4,6,120,5,30,120
ABRAND00516,53.65,-115.64,3,4,6,120,5,30,120
ABRAND00517,54.11,-115.64,1,4,6,120,5,30,120
ABRAND00518,54.07,-115.64,1,4,6,120,5,30,120
ABRAND00519,52.59,-115.64,1,4,6,120,5,30,120
ABRAND00520,53.86,-115.64,1,4,6,120,5,30,120
ABRAND00521,54.1,-115.64,3,4,6,120,5,30,120
ABRAND00522,53.02,-115.63,1,4,6,120,5,30,120
ABRAND00523,52.84,-115.63,1,4,6,120,5,30,120
ABRAND00524,53.74,-115.63,1,4,6,120,5,30,120
ABRAND00525,53.94,-115.62,1,4,6,120,5,30,120
ABRAND00526,52.9,-115.62,1,4,6,120,5,30,120
ABRAND00527,54.18,-115.62,1,4,6,120,5,30,120
ABRAND00528,52.5,-115.62,1,4,6,120,5,30,120
ABRAND00529,52.94,-115.61,1,4,6,120,5,30,120
ABRAND00530,52.83,-115.61,1,4,6,120,5,30,120
ABRAND00531,53.03,-115.6,3,4,6,120,5,30,120
ABRAND00532,54.12,-115.6,1,4,6,120,5,30,120
ABRAND00533,52.85,-115.6,1,4,6,120,5,30,120
ABRAND00534,53.75,-115.6,1,4,6,120,5,30,120
ABRAND00535,53.06,-115.6,1,4,6,120,5,30,120
ABRAND00536,53.7,-115.6,1,4,6,120,5,30,120
ABRAND00537,52.68,-115.6,1,4,6,120,5,30,120
ABRAND00538,53.79,-115.6,1,4,6,120,5,30,120
ABRAND00539,52.88,-115.59,1,4,6,120,5,30,120
ABRAND00540,53.74,-115.59,3,4,6,120,5,30,120
ABRAND00541,52.83,-115.59,3,4,6,120,5,30,120
ABRAND00542,53.14,-115.59,1,4,6,120,5,30,120
ABRAND00543,52.98,-115.59,1,4,6,120,5,30,120
ABRAND00544,53.84,-115.57,3,4,6,120,5,30,120
ABRAND00545,52.72,-115.57,1,4,6,120,5,30,120
ABRAND00546,53.2,-115.57,3,4,6,120,5,30,120
ABRAND00547,52.97,-115.56,1,4,6,120,5,30,120
ABRAND00548,52.68,-115.55,3,4,6,120,5,30,120
ABRAND00549,53.34,-115.54,1,4,6,120,5,30,120
ABRAND00550,54.11,-115.54,1,4,6,120,5,30,120
ABRAND00551,52.78,-115.54,1,4,6,120,5,30,120
ABRAND00552,52.69,-115.54,1,4,6,120,5,30,120
ABRAND00553,53.54,-115.54,3,4,6,120,5,30,120
ABRAND00554,52.85,-115.53,1,4,6,120,5,30,120
ABRAND00555,53.33,-115.53,3,4,6,120,5,30,120
ABRAND00556,53.17,-115.53,1,4,6,120,5,30,120
ABRAND00557,53.82,-115.53,1,4,6,120,5,30,120
ABRAND00558,53.34,-115.52,1,4,6,120,5,30,120
ABRAND00559,54.1,-115.52,1,4,6,120,5,30,120
ABRAND00560,53.21,-115.51,1,4,6,120,5,30,120
ABRAND00561,53.12,-115.51,1,4,6,120,5,30,120
ABRAND00562,53.18,-115.5,1,4,6,120,5,30,120
ABRAND00563,53,-115.5,1,4,6,120,5,30,120
ABRAND00564,53.03,-115.49,1,4,6,120,5,30,120
ABRAND00565,53.19,-115.49,3,4,6,120,5,30,120
ABRAND00566,53.16,-115.48,1,4,6,120,5,30,120
ABRAND00567,52.72,-115.48,1,4,6,120,5,30,120
ABRAND00568,52.86,-115.48,1,4,6,120,5,30,120
ABRAND00569,52.79,-115.47,1,4,6,120,5,30,120
ABRAND00570,53.84,-115.47,1,4,6,120,5,30,120
ABRAND00571,52.85,-115.45,1,4,6,120,5,30,120
ABRAND00572,53.21,-115.44,3,4,6,120,5,30,120
ABRAND00573,52.55,-115.44,3,4,6,120,5,30,120
ABRAND00574,52.87,-115.44,1,4,6,120,5,30,120
ABRAND00575,53.07,-115.43,1,4,6,120,5,30,120
ABRAND00576,53.74,-115.43,1,4,6,120,5,30,120
ABRAND00577,53.02,-115.43,3,4,6,120,5,30,120
ABRAND00578,53.12,-115.42,1,4,6,120,5,30,120
ABRAND00579,53.07,-115.42,1,4,6,120,5,30,120
ABRAND00580,53.2,-115.42,1,4,6,120,5,30,120
ABRAND00581,52.56,-115.41,3,4,6,120,5,30,120
ABRAND00582,53.3,-115.4,3,4,6,120,5,30,120
ABRAND00583,52.68,-115.4,3,4,6,120,5,30,120
ABRAND00584,53.36,-115.4,1,4,6,120,5,30,120
ABRAND00585,53.13,-115.4,1,4,6,120,5,30,120
ABRAND00586,53.17,-115.39,1,4,6,120,5,30,120
ABRAND00587,52.83,-115.39,3,4,6,120,5,30,120
ABRAND00588,52.85,-115.38,1,4,6,120,5,30,120
ABRAND00589,53.01,-115.38,1,4,6,120,5,30,120
ABRAND00590,52.87,-115.38,1,4,6,120,5,30,120
ABRAND00591,52.76,-115.38,3,4,6,120,5,30,120
ABRAND00592,52.83,-115.37,1,4,6,120,5,30,120
ABRAND00593,53.04,-115.36,1,4,6,120,5,30,120
ABRAND00594,52.95,-115.36,3,4,6,120,5,30,120
ABRAND00595,52.4,-115.36,1,4,6,120,5,30,120
ABRAND00596,53.1,-115.34,1,4,6,120,5,30,120
ABRAND00597,53.29,-115.34,1,4,6,120,5,30,120
ABRAND00598,52.8,-115.33,3,4,6,120,5,30,120
ABRAND00599,52.84,-115.33,1,4,6,120,5,30,120
ABRAND00600,53.09,-115.33,1,4,6,120,5,30,120
ABRAND00601,53.36,-115.32,1,4,6,120,5,30,120
ABRAND00602,52.76,-115.32,1,4,6,120,5,30,120
ABRAND00603,53.19,-115.32,1,4,6,120,5,30,120
ABRAND00604,53.32,-115.31,1,4,6,120,5,30,120
ABRAND00605,52.32,-115.31,3,4,6,120,5,30,120
ABRAND00606,53.3,-115.3,1,4,6,120,5,30,120
ABRAND00607,52.61,-115.3,1,4,6,120,5,30,120
ABRAND00608,52.49,-115.3,1,4,6,120,5,30,120
ABRAND00609,53.21,-115.29,1,4,6,120,5,30,120
ABRAND00610,52.43,-115.29,1,4,6,120,5,30,120
ABRAND00611,53.06,-115.28,1,4,6,120,5,30,120
ABRAND00612,53.35,-115.28,1,4,6,120,5,30,120
ABRAND00613,53.2,-115.28,1,4,6,120,5,30,120
ABRAND00614,52.97,-115.27,3,4,6,120,5,30,120
ABRAND00615,52.91,-115.27,3,4,6,120,5,30,120
ABRAND00616,52.97,-115.27,1,4,6,120,5,30,120
ABRAND00617,52.53,-115.27,1,4,6,120,5,30,120
ABRAND00618,53.09,-115.27,1,4,6,120,5,30,120
ABRAND00619,52.9,-115.27,1,4,6,120,5,30,120
ABRAND00620,52.82,-115.27,1,4,6,120,5,30,120
ABRAND00621,52.9,-115.26,1,4,6,120,5,30,120
ABRAND00622,52.68,-115.26,1,4,6,120,5,30,120
ABRAND00623,53.12,-115.26,1,4,6,120,5,30,120
ABRAND00624,53.01,-115.25,3,4,6,120,5,30,120
ABRAND00625,52.75,-115.24,1,4,6,120,5,30,120
ABRAND00626,53.28,-115.24,1,4,6,120,5,30,120
ABRAND00627,52.75,-115.23,1,4,6,120,5,30,120
ABRAND00628,53.22,-115.22,1,4,6,120,5,30,120
ABRAND00629,52.99,-115.22,3,4,6,120,5,30,120
ABRAND00630,52.83,-115.21,3,4,6,120,5,30,120
ABRAND00631,53.18,-115.21,1,4,6,120,5,30,120
ABRAND00632,53,-115.21,1,4,6,120,5,30,120
ABRAND00633,52.95,-115.2,1,4,6,120,5,30,120
ABRAND00634,53.33,-115.2,3,4,6,120,5,30,120
ABRAND00635,52.98,-115.2,1,4,6,120,5,30,120
ABRAND00636,52.53,-115.2,1,4,6,120,5,30,120
ABRAND00637,53.03,-115.19,1,4,6,120,5,30,120
ABRAND00638,52.89,-115.19,1,4,6,120,5,30,120
ABRAND00639,53.26,-115.18,3,4,6,120,5,30,120
ABRAND00640,53.04,-115.18,1,4,6,120,5,30,120
ABRAND00641,52.42,-115.18,1,4,6,120,5,30,120
ABRAND00642,52.45,-115.18,1,4,6,120,5,30,120
ABRAND00643,52.88,-115.17,1,4,6,120,5,30,120
ABRAND00644,52.97,-115.17,1,4,6,120,5,30,120
ABRAND00645,53.02,-115.17,1,4,6,120,5,30,120
ABRAND00646,52.82,-115.16,1,4,6,120,5,30,120
ABRAND00647,53.14,-115.16,1,4,6,120,5,30,120
ABRAND00648,52.74,-115.16,1,4,6,120,5,30,120
ABRAND00649,52.94,-115.16,1,4,6,120,5,30,120
ABRAND00650,52.98,-115.15,3,4,6,120,5,30,120
ABRAND00651,52.78,-115.15,1,4,6,120,5,30,120
ABRAND00652,52.37,-115.15,1,4,6,120,5,30,120
ABRAND00653,52.89,-115.15,1,4,6,120,5,30,120
ABRAND00654,52.44,-115.14,3,4,6,120,5,30,120
ABRAND00655,52.96,-115.14,1,4,6,120,5,30,120
ABRAND00656,53.43,-115.14,3,4,6,120,5,30,120
ABRAND00657,52.87,-115.14,1,4,6,120,5,30,120
ABRAND00658,52.81,-115.14,1,4,6,120,5,30,120
ABRAND00659,52.87,-115.13,1,4,6,120,5,30,120
ABRAND00660,52.87,-115.13,1,4,6,120,5,30,120
ABRAND00661,52.92,-115.13,1,4,6,120,5,30,120
ABRAND00662,53.13,-115.13,1,4,6,120,5,30,120
ABRAND00663,52.4,-115.13,1,4,6,120,5,30,120
ABRAND00664,52.66,-115.12,1,4,6,120,5,30,120
ABRAND00665,52.99,-115.11,1,4,6,120,5,30,120
ABRAND00666,52.88,-115.11,1,4,6,120,5,30,120
ABRAND00667,52.85,-115.1,1,4,6,120,5,30,120
ABRAND00668,52.95,-115.1,1,4,6,120,5,30,120
ABRAND00669,53.17,-115.1,1,4,6,120,5,30,120
ABRAND00670,52.7,-115.09,1,4,6,120,5,30,120
ABRAND00671,52.95,-115.09,1,4,6,120,5,30,120
ABRAND00672,53.23,-115.08,1,4,6,120,5,30,120
ABRAND00673,53.01,-115.08,1,4,6,120,5,30,120
ABRAND00674,52.92,-115.08,1,4,6,120,5,30,120
ABRAND00675,52.96,-115.08,1,4,6,120,5,30,120
ABRAND00676,52.93,-115.07,1,4,6,120,5,30,120
ABRAND00677,52.67,-115.06,1,4,6,120,5,30,120
ABRAND00678,52.93,-115.06,1,4,6,120,5,30,120
ABRAND00679,52.91,-115.06,1,4,6,120,5,30,120
ABRAND00680,52.66,-115.06,3,4,6,120,5,30,120
ABRAND00681,52.79,-115.06,1,4,6,120,5,30,120
ABRAND00682,52.92,-115.05,1,4,6,120,5,30,120
ABRAND00683,52.94,-115.05,3,4,6,120,5,30,120
ABRAND00684,53.02,-115.05,1,4,6,120,5,30,120
ABRAND00685,53.14,-115.05,1,4,6,120,5,30,120
ABRAND00686,53.07,-115.04,1,4,6,120,5,30,120
ABRAND00687,52.91,-115.04,1,4,6,120,5,30,120
ABRAND00688,53.15,-115.03,1,4,6,120,5,30,120
ABRAND00689,52.83,-115.03,1,4,6,120,5,30,120
ABRAND00690,52.55,-115.03,1,4,6,120,5,30,120
ABRAND00691,53.03,-115.02,3,4,6,120,5,30,120
ABRAND00692,53.09,-115.02,3,4,6,120,5,30,120
ABRAND00693,52.97,-115.01,1,4,6,120,5,30,120
ABRAND00694,52.1,-115,3,4,6,120,5,30,120
ABRAND00695,52.67,-115,1,4,6,120,5,30,120
ABRAND00696,52.58,-115,1,4,6,120,5,30,120
ABRAND00697,53.38,-115,1,4,6,120,5,30,120
ABRAND00698,52.87,-114.99,1,4,6,120,5,30,120
ABRAND00699,52.9,-114.98,1,4,6,120,5,30,120
ABRAND00700,52.87,-114.98,1,4,6,120,5,30,120
ABRAND00701,52.99,-114.98,3,4,6,120,5,30,120
ABRAND00702,52.92,-114.95,1,4,6,120,5,30,120
ABRAND00703,52.83,-114.95,1,4,6,120,5,30,120
ABRAND00704,52.81,-114.95,3,4,6,120,5,30,120
ABRAND00705,52.14,-114.95,3,4,6,120,5,30,120
ABRAND00706,52.3,-114.95,1,4,6,120,5,30,120
ABRAND00707,53.02,-114.94,1,4,6,120,5,30,120
ABRAND00708,52.68,-114.94,3,4,6,120,5,30,120
ABRAND00709,52.72,-114.93,1,4,6,120,5,30,120
ABRAND00710,52.05,-114.91,3,4,6,120,5,30,120
ABRAND00711,52.96,-114.9,1,4,6,120,5,30,120
ABRAND00712,52.95,-114.9,3,4,6,120,5,30,120
ABRAND00713,52.12,-114.9,1,4,6,120,5,30,120
ABRAND00714,52.98,-114.89,1,4,6,120,5,30,120
ABRAND00715,52.8,-114.88,1,4,6,120,5,30,120
ABRAND00716,52.13,-114.88,3,4,6,120,5,30,120
ABRAND00717,52.85,-114.87,1,4,6,120,5,30,120
ABRAND00718,52.94,-114.87,1,4,6,120,5,30,120
ABRAND00719,52.52,-114.86,3,4,6,120,5,30,120
ABRAND00720,52.1,-114.84,1,4,6,120,5,30,120
ABRAND00721,52.33,-114.83,1,4,6,120,5,30,120
ABRAND00722,52.91,-114.83,1,4,6,120,5,30,120
ABRAND00723,53.01,-114.83,1,4,6,120,5,30,120
ABRAND00724,52.95,-114.83,3,4,6,120,5,30,120
ABRAND00725,52.14,-114.82,1,4,6,120,5,30,120
ABRAND00726,52.01,-114.81,1,4,6,120,5,30,120
ABRAND00727,52.24,-114.81,1,4,6,120,5,30,120
ABRAND00728,53.31,-114.81,1,4,6,120,5,30,120
ABRAND00729,52.94,-114.81,1,4,6,120,5,30,120
ABRAND00730,52.22,-114.8,1,4,6,120,5,30,120
ABRAND00731,53.13,-114.79,1,4,6,120,5,30,120
ABRAND00732,52.95,-114.78,1,4,6,120,5,30,120
ABRAND00733,52.15,-114.77,1,4,6,120,5,30,120
ABRAND00734,53.14,-114.77,1,4,6,120,5,30,120
ABRAND00735,53.18,-114.76,1,4,6,120,5,30,120
ABRAND00736,53.13,-114.76,1,4,6,120,5,30,120
ABRAND00737,52.6,-114.76,3,4,6,120,5,30,120
ABRAND00738,53.1,-114.76,1,4,6,120,5,30,120
ABRAND00739,53.09,-114.75,1,4,6,120,5,30,120
ABRAND00740,52.29,-114.75,1,4,6,120,5,30,120
ABRAND00741,52.13,-114.74,1,4,6,120,5,30,120
ABRAND00742,52.23,-114.74,1,4,6,120,5,30,120
ABRAND00743,52.69,-114.74,1,4,6,120,5,30,120
ABRAND00744,53.27,-114.73,1,4,6,120,5,30,120
ABRAND00745,52.35,-114.72,3,4,6,120,5,30,120
ABRAND00746,52.76,-114.7,1,4,6,120,5,30,120
ABRAND00747,52.21,-114.69,1,4,6,120,5,30,120
ABRAND00748,53.03,-114.69,1,4,6,120,5,30,120
ABRAND00749,53.07,-114.69,3,4,6,120,5,30,120
ABRAND00750,51.97,-114.69,1,4,6,120,5,30,120
ABRAND00751,52.28,-114.68,3,4,6,120,5,30,120
ABRAND00752,52.64,-114.68,1,4,6,120,5,30,120
ABRAND00753,53.22,-114.67,3,4,6,120,5,30,120
ABRAND00754,52.46,-114.66,1,4,6,120,5,30,120
ABRAND00755,52,-114.66,1,4,6,120,5,30,120
ABRAND00756,53,-114.66,1,4,6,120,5,30,120
ABRAND00757,52.71,-114.66,3,4,6,120,5,30,120
ABRAND00758,52.95,-114.66,1,4,6,120,5,30,120
ABRAND00759,52.56,-114.65,1,4,6,120,5,30,120
ABRAND00760,51.97,-114.64,1,4,6,120,5,30,120
ABRAND00761,51.97,-114.64,1,4,6,120,5,30,120
ABRAND00762,52.19,-114.64,1,4,6,120,5,30,120
ABRAND00763,53.11,-114.64,1,4,6,120,5,30,120
ABRAND00764,52.61,-114.64,1,4,6,120,5,30,120
ABRAND00765,53.06,-114.63,1,4,6,120,5,30,120
ABRAND00766,53,-114.63,1,4,6,120,5,30,120
ABRAND00767,52.53,-114.63,1,4,6,120,5,30,120
ABRAND00768,52.04,-114.62,1,4,6,120,5,30,120
ABRAND00769,52.53,-114.62,1,4,6,120,5,30,120
ABRAND00770,52.68,-114.61,3,4,6,120,5,30,120
ABRAND00771,52.25,-114.6,1,4,6,120,5,30,120
ABRAND00772,52.24,-114.6,3,4,6,120,5,30,120
ABRAND00773,51.94,-114.6,1,4,6,120,5,30,120
ABRAND00774,51.68,-114.6,1,4,6,120,5,30,120
ABRAND00775,51.97,-114.59,1,4,6,120,5,30,120
ABRAND00776,52.43,-114.58,1,4,6,120,5,30,120
ABRAND00777,52.4,-114.57,1,4,6,120,5,30,120
ABRAND00778,52.16,-114.57,1,4,6,120,5,30,120
ABRAND00779,52.81,-114.57,3,4,6,120,5,30,120
ABRAND00780,52.65,-114.56,3,4,6,120,5,30,120
ABRAND00781,52.53,-114.56,1,4,6,120,5,30,120
ABRAND00782,51.89,-114.56,1,4,6,120,5,30,120
ABRAND00783,52.16,-114.56,1,4,6,120,5,30,120
ABRAND00784,52.58,-114.55,1,4,6,120,5,30,120
ABRAND00785,52.4,-114.55,1,4,6,120,5,30,120
ABRAND00786,52.45,-114.55,1,4,6,120,5,30,120
ABRAND00787,52,-114.54,1,4,6,120,5,30,120
ABRAND00788,52.56,-114.54,3,4,6,120,5,30,120
ABRAND00789,52.21,-114.54,1,4,6,120,5,30,120
ABRAND00790,52.1,-114.53,1,4,6,120,5,30,120
ABRAND00791,52.62,-114.53,1,4,6,120,5,30,120
ABRAND00792,52.61,-114.53,3,4,6,120,5,30,120
ABRAND00793,52.29,-114.52,1,4,6,120,5,30,120
ABRAND00794,52.64,-114.52,1,4,6,120,5,30,120
ABRAND00795,52.54,-114.52,1,4,6,120,5,30,120
ABRAND00796,52.18,-114.51,1,4,6,120,5,30,120
ABRAND00797,52.21,-114.51,1,4,6,120,5,30,120
ABRAND00798,52.61,-114.51,1,4,6,120,5,30,120
ABRAND00799,52.18,-114.51,1,4,6,120,5,30,120
ABRAND00800,52.06,-114.5,3,4,6,120,5,30,120
ABRAND00801,52.48,-114.5,1,4,6,120,5,30,120
ABRAND00802,52.5,-114.5,1,4,6,120,5,30,120
ABRAND00803,52.34,-114.49,1,4,6,120,5,30,120
ABRAND00804,52.35,-114.49,3,4,6,120,5,30,120
ABRAND00805,52.5,-114.49,1,4,6,120,5,30,120
ABRAND00806,52.36,-114.49,1,4,6,120,5,30,120
ABRAND00807,52.06,-114.48,1,4,6,120,5,30,120
ABRAND00808,52.16,-114.48,1,4,6,120,5,30,120
ABRAND00809,52.33,-114.47,1,4,6,120,5,30,120
ABRAND00810,52.69,-114.47,1,4,6,120,5,30,120
ABRAND00811,52,-114.47,1,4,6,120,5,30,120
ABRAND00812,52.42,-114.47,1,4,6,120,5,30,120
ABRAND00813,52.56,-114.46,1,4,6,120,5,30,120
ABRAND00814,52.45,-114.46,1,4,6,120,5,30,120
ABRAND00815,52.53,-114.46,1,4,6,120,5,30,120
ABRAND00816,52.36,-114.45,1,4,6,120,5,30,120
ABRAND00817,53.01,-114.45,1,4,6,120,5,30,120
ABRAND00818,52.52,-114.45,1,4,6,120,5,30,120
ABRAND00819,52.52,-114.45,1,4,6,120,5,30,120
ABRAND00820,52.54,-114.44,1,4,6,120,5,30,120
ABRAND00821,52.46,-114.44,1,4,6,120,5,30,120
ABRAND00822,52.48,-114.44,1,4,6,120,5,30,120
ABRAND00823,52.53,-114.44,1,4,6,120,5,30,120
ABRAND00824,52.1,-114.44,1,4,6,120,5,30,120
ABRAND00825,52.32,-114.44,1,4,6,120,5,30,120
ABRAND00826,52.12,-114.43,1,4,6,120,5,30,120
ABRAND00827,52.68,-114.43,3,4,6,120,5,30,120
ABRAND00828,52.4,-114.42,1,4,6,120,5,30,120
ABRAND00829,52.47,-114.42,3,4,6,120,5,30,120
ABRAND00830,52.55,-114.42,1,4,6,120,5,30,120
ABRAND00831,52.21,-114.42,1,4,6,120,5,30,120
ABRAND00832,52.39,-114.42,1,4,6,120,5,30,120
ABRAND00833,52.33,-114.42,1,4,6,120,5,30,120
ABRAND00834,52.43,-114.42,1,4,6,120,5,30,120
ABRAND00835,52.42,-114.4,1,4,6,120,5,30,120
ABRAND00836,52.38,-114.4,1,4,6,120,5,30,120
ABRAND00837,52.25,-114.39,1,4,6,120,5,30,120
ABRAND00838,52.57,-114.39,1,4,6,120,5,30,120
ABRAND00839,53.02,-114.39,1,4,6,120,5,30,120
ABRAND00840,52.73,-114.39,3,4,6,120,5,30,120
ABRAND00841,52.35,-114.38,1,4,6,120,5,30,120
ABRAND00842,52.12,-114.38,1,4,6,120,5,30,120
ABRAND00843,52.37,-114.38,1,4,6,120,5,30,120
ABRAND00844,52.75,-114.37,1,4,6,120,5,30,120
ABRAND00845,55.47,-114.37,1,4,6,120,5,30,120
ABRAND00846,52.26,-114.36,1,4,6,120,5,30,120
ABRAND00847,52.83,-114.36,1,4,6,120,5,30,120
ABRAND00848,52.18,-114.36,1,4,6,120,5,30,120
ABRAND00849,52.37,-114.36,1,4,6,120,5,30,120
ABRAND00850,52.46,-114.36,1,4,6,120,5,30,120
ABRAND00851,52.85,-114.36,3,4,6,120,5,30,120
ABRAND00852,51.98,-114.36,1,4,6,120,5,30,120
ABRAND00853,52.37,-114.35,1,4,6,120,5,30,120
ABRAND00854,52.73,-114.35,1,4,6,120,5,30,120
ABRAND00855,52.62,-114.35,1,4,6,120,5,30,120
ABRAND00856,52.86,-114.35,3,4,6,120,5,30,120
ABRAND00857,52.55,-114.34,1,4,6,120,5,30,120
ABRAND00858,52.86,-114.34,1,4,6,120,5,30,120
ABRAND00859,52.7,-114.34,1,4,6,120,5,30,120
ABRAND00860,52.4,-114.34,1,4,6,120,5,30,120
ABRAND00861,52.46,-114.34,1,4,6,120,5,30,120
ABRAND00862,52.82,-114.33,1,4,6,120,5,30,120
ABRAND00863,52.55,-114.33,3,4,6,120,5,30,120
ABRAND00864,53.07,-114.33,1,4,6,120,5,30,120
ABRAND00865,52.1,-114.33,3,4,6,120,5,30,120
ABRAND00866,52.24,-114.33,1,4,6,120,5,30,120
ABRAND00867,52.52,-114.33,1,4,6,120,5,30,120
ABRAND00868,52.93,-114.33,1,4,6,120,5,30,120
ABRAND00869,52.06,-114.33,1,4,6,120,5,30,120
ABRAND00870,52.34,-114.32,1,4,6,120,5,30,120
ABRAND00871,52.32,-114.32,1,4,6,120,5,30,120
ABRAND00872,52.26,-114.32,1,4,6,120,5,30,120
ABRAND00873,52.81,-114.31,1,4,6,120,5,30,120
ABRAND00874,52.86,-114.31,1,4,6,120,5,30,120
ABRAND00875,52.46,-114.31,1,4,6,120,5,30,120
ABRAND00876,52.52,-114.31,1,4,6,120,5,30,120
ABRAND00877,52.57,-114.31,1,4,6,120,5,30,120
ABRAND00878,52.66,-114.31,1,4,6,120,5,30,120
ABRAND00879,52.95,-114.3,1,4,6,120,5,30,120
ABRAND00880,52.76,-114.29,1,4,6,120,5,30,120
ABRAND00881,52.61,-114.29,1,4,6,120,5,30,120
ABRAND00882,52.56,-114.29,1,4,6,120,5,30,120
ABRAND00883,52.49,-114.29,1,4,6,120,5,30,120
ABRAND00884,52.33,-114.28,1,4,6,120,5,30,120
ABRAND00885,52.62,-114.28,1,4,6,120,5,30,120
ABRAND00886,52.15,-114.28,1,4,6,120,5,30,120
ABRAND00887,52.6,-114.28,3,4,6,120,5,30,120
ABRAND00888,53.06,-114.28,1,4,6,120,5,30,120
ABRAND00889,52.51,-114.28,1,4,6,120,5,30,120
ABRAND00890,52.57,-114.28,1,4,6,120,5,30,120
ABRAND00891,52.65,-114.28,1,4,6,120,5,30,120
ABRAND00892,52.55,-114.27,1,4,6,120,5,30,120
ABRAND00893,52.79,-114.27,1,4,6,120,5,30,120
ABRAND00894,52.89,-114.27,1,4,6,120,5,30,120
ABRAND00895,52.76,-114.27,3,4,6,120,5,30,120
ABRAND00896,51.99,-114.27,1,4,6,120,5,30,120
ABRAND00897,52.67,-114.26,1,4,6,120,5,30,120
ABRAND00898,52.88,-114.26,1,4,6,120,5,30,120
ABRAND00899,52.56,-114.26,1,4,6,120,5,30,120
ABRAND00900,52.48,-114.26,1,4,6,120,5,30,120
ABRAND00901,55.52,-114.25,1,4,6,120,5,30,120
ABRAND00902,52.44,-114.25,1,4,6,120,5,30,120
ABRAND00903,52.51,-114.25,1,4,6,120,5,30,120
ABRAND00904,52.55,-114.25,1,4,6,120,5,30,120
ABRAND00905,52.44,-114.24,1,4,6,120,5,30,120
ABRAND00906,52.85,-114.24,3,4,6,120,5,30,120
ABRAND00907,52.53,-114.24,1,4,6,120,5,30,120
ABRAND00908,52.45,-114.24,1,4,6,120,5,30,120
ABRAND00909,52.38,-114.24,1,4,6,120,5,30,120
ABRAND00910,52.85,-114.24,3,4,6,120,5,30,120
ABRAND00911,52.31,-114.24,3,4,6,120,5,30,120
ABRAND00912,52.41,-114.23,1,4,6,120,5,30,120
ABRAND00913,52.85,-114.23,1,4,6,120,5,30,120
ABRAND00914,52.49,-114.23,3,4,6,120,5,30,120
ABRAND00915,52.64,-114.23,1,4,6,120,5,30,120
ABRAND00916,52.7,-114.23,1,4,6,120,5,30,120
ABRAND00917,52.9,-114.23,3,4,6,120,5,30,120
ABRAND00918,52.78,-114.22,1,4,6,120,5,30,120
ABRAND00919,52.7,-114.22,1,4,6,120,5,30,120
ABRAND00920,52.44,-114.22,1,4,6,120,5,30,120
ABRAND00921,52.82,-114.22,1,4,6,120,5,30,120
ABRAND00922,52.7,-114.21,1,4,6,120,5,30,120
ABRAND00923,52.63,-114.21,1,4,6,120,5,30,120
ABRAND00924,52.68,-114.21,1,4,6,120,5,30,120
ABRAND00925,52.7,-114.21,1,4,6,120,5,30,120
ABRAND00926,52.67,-114.2,1,4,6,120,5,30,120
ABRAND00927,52.42,-114.19,1,4,6,120,5,30,120
ABRAND00928,52.72,-114.19,1,4,6,120,5,30,120
ABRAND00929,52.33,-114.19,3,4,6,120,5,30,120
ABRAND00930,52.81,-114.19,1,4,6,120,5,30,120
ABRAND00931,52.49,-114.19,1,4,6,120,5,30,120
ABRAND00932,52.56,-114.19,1,4,6,120,5,30,120
ABRAND00933,52.96,-114.18,1,4,6,120,5,30,120
ABRAND00934,52.45,-114.18,1,4,6,120,5,30,120
ABRAND00935,52.76,-114.18,1,4,6,120,5,30,120
ABRAND00936,52.42,-114.18,3,4,6,120,5,30,120
ABRAND00937,52.89,-114.18,3,4,6,120,5,30,120
ABRAND00938,52.81,-114.18,1,4,6,120,5,30,120
ABRAND00939,52.59,-114.17,1,4,6,120,5,30,120
ABRAND00940,52.43,-114.17,1,4,6,120,5,30,120
ABRAND00941,52.89,-114.17,1,4,6,120,5,30,120
ABRAND00942,52.87,-114.17,1,4,6,120,5,30,120
ABRAND00943,52.68,-114.17,1,4,6,120,5,30,120
ABRAND00944,52.45,-114.16,1,4,6,120,5,30,120
ABRAND00945,52.67,-114.16,1,4,6,120,5,30,120
ABRAND00946,52.76,-114.16,1,4,6,120,5,30,120
ABRAND00947,52.41,-114.15,1,4,6,120,5,30,120
ABRAND00948,52.19,-114.15,3,4,6,120,5,30,120
ABRAND00949,52.58,-114.15,1,4,6,120,5,30,120
ABRAND00950,52.63,-114.14,1,4,6,120,5,30,120
ABRAND00951,52.7,-114.14,1,4,6,120,5,30,120
ABRAND00952,52.79,-114.14,1,4,6,120,5,30,120
ABRAND00953,52.56,-114.14,1,4,6,120,5,30,120
ABRAND00954,52.14,-114.13,1,4,6,120,5,30,120
ABRAND00955,52.89,-114.13,1,4,6,120,5,30,120
ABRAND00956,52.85,-114.12,1,4,6,120,5,30,120
ABRAND00957,52.9,-114.12,1,4,6,120,5,30,120
ABRAND00958,52.83,-114.12,1,4,6,120,5,30,120
ABRAND00959,52.81,-114.12,1,4,6,120,5,30,120
ABRAND00960,52.22,-114.11,1,4,6,120,5,30,120
ABRAND00961,52.71,-114.11,1,4,6,120,5,30,120
ABRAND00962,52.21,-114.11,1,4,6,120,5,30,120
ABRAND00963,52.76,-114.11,1,4,6,120,5,30,120
ABRAND00964,52.8,-114.1,1,4,6,120,5,30,120
ABRAND00965,52.67,-114.1,1,4,6,120,5,30,120
ABRAND00966,52.33,-114.09,1,4,6,120,5,30,120
ABRAND00967,52.75,-114.09,1,4,6,120,5,30,120
ABRAND00968,52.99,-114.09,1,4,6,120,5,30,120
ABRAND00969,52.6,-114.09,1,4,6,120,5,30,120
ABRAND00970,52.74,-114.08,1,4,6,120,5,30,120
ABRAND00971,52.83,-114.08,1,4,6,120,5,30,120
ABRAND00972,53.04,-114.08,1,4,6,120,5,30,120
ABRAND00973,52.73,-114.07,1,4,6,120,5,30,120
ABRAND00974,52.57,-114.06,1,4,6,120,5,30,120
ABRAND00975,52.68,-114.06,1,4,6,120,5,30,120
ABRAND00976,56.07,-114.05,1,4,6,120,5,30,120
ABRAND00977,52.98,-114.05,1,4,6,120,5,30,120
ABRAND00978,52.74,-114.05,1,4,6,120,5,30,120
ABRAND00979,52.8,-114.04,1,4,6,120,5,30,120
ABRAND00980,52.66,-114.04,1,4,6,120,5,30,120
ABRAND00981,52.69,-114.04,1,4,6,120,5,30,120
ABRAND00982,52.7,-114.04,1,4,6,120,5,30,120
ABRAND00983,52.83,-114.04,1,4,6,120,5,30,120
ABRAND00984,52.71,-114.04,1,4,6,120,5,30,120
ABRAND00985,52.95,-114.03,1,4,6,120,5,30,120
ABRAND00986,52.76,-114.02,1,4,6,120,5,30,120
ABRAND00987,52.77,-114.02,1,4,6,120,5,30,120
ABRAND00988,52.69,-114.02,3,4,6,120,5,30,120
ABRAND00989,52.64,-114.02,1,4,6,120,5,30,120
ABRAND00990,52.97,-114.01,1,4,6,120,5,30,120
ABRAND00991,52.86,-114,1,4,6,120,5,30,120
ABRAND00992,52.77,-113.99,1,4,6,120,5,30,120
ABRAND00993,52.59,-113.99,1,4,6,120,5,30,120
ABRAND00994,52.92,-113.99,1,4,6,120,5,30,120
ABRAND00995,52.89,-113.99,1,4,6,120,5,30,120
ABRAND00996,52.74,-113.98,1,4,6,120,5,30,120
ABRAND00997,52.91,-113.96,1,4,6,120,5,30,120
ABRAND00998,52.77,-113.94,1,4,6,120,5,30,120
ABRAND00999,55.62,-113.94,3,4,6,120,5,30,120
ABRAND01000,52.84,-113.93,1,4,6,120,5,30,120
ABRAND01001,52.42,-113.92,3,4,6,120,5,30,120
ABRAND01002,53.06,-113.92,1,4,6,120,5,30,120
ABRAND01003,52.9,-113.91,1,4,6,120,5,30,120
ABRAND01004,52.94,-113.91,3,4,6,120,5,30,120
ABRAND01005,52.96,-113.91,1,4,6,120,5,30,120
ABRAND01006,50.19,-113.9,3,4,6,120,5,30,120
ABRAND01007,53.01,-113.88,1,4,6,120,5,30,120
ABRAND01008,52.77,-113.88,1,4,6,120,5,30,120
ABRAND01009,52.73,-113.86,1,4,6,120,5,30,120
ABRAND01010,53.28,-113.86,1,4,6,120,5,30,120
ABRAND01011,55.66,-113.86,3,4,6,120,5,30,120
ABRAND01012,55.51,-113.85,1,4,6,120,5,30,120
ABRAND01013,52.96,-113.85,1,4,6,120,5,30,120
ABRAND01014,52.88,-113.8,3,4,6,120,5,30,120
ABRAND01015,55.51,-113.8,1,4,6,120,5,30,120
ABRAND01016,53.74,-113.8,3,4,6,120,5,30,120
ABRAND01017,53.7,-113.77,3,4,6,120,5,30,120
ABRAND01018,50.22,-113.66,3,4,6,120,5,30,120
ABRAND01019,50.42,-113.61,3,4,6,120,5,30,120
ABRAND01020,50.2,-113.55,3,4,6,120,5,30,120
ABRAND01021,51.01,-113.52,1,4,6,120,5,30,120
ABRAND01022,53.76,-113.51,3,4,6,120,5,30,120
ABRAND01023,55.4,-113.5,3,4,6,120,5,30,120
ABRAND01024,56.19,-113.48,1,4,6,120,5,30,120
ABRAND01025,55.63,-113.44,3,4,6,120,5,30,120
ABRAND01026,50.76,-113.43,3,4,6,120,5,30,120
ABRAND01027,56.22,-113.41,1,4,6,120,5,30,120
ABRAND01028,56.12,-113.37,1,4,6,120,5,30,120
ABRAND01029,52.02,-113.37,3,4,6,120,5,30,120
ABRAND01030,50.11,-113.36,3,4,6,120,5,30,120
ABRAND01031,50.43,-113.26,1,4,6,120,5,30,120
ABRAND01032,51.68,-113.26,3,4,6,120,5,30,120
ABRAND01033,56.26,-113.24,1,4,6,120,5,30,120
ABRAND01034,51.38,-113.24,3,4,6,120,5,30,120
ABRAND01035,56.1,-113.23,1,4,6,120,5,30,120
ABRAND01036,50.34,-113.23,3,4,6,120,5,30,120
ABRAND01037,56.42,-113.19,1,4,6,120,5,30,120
ABRAND01038,53.72,-113.16,3,4,6,120,5,30,120
ABRAND01039,53.87,-113.14,3,4,6,120,5,30,120
ABRAND01040,51.61,-113.12,3,4,6,120,5,30,120
ABRAND01041,56.11,-113.12,1,4,6,120,5,30,120
ABRAND01042,51.66,-113.08,3,4,6,120,5,30,120
ABRAND01043,51.67,-113.06,3,4,6,120,5,30,120
ABRAND01044,51.92,-113.05,3,4,6,120,5,30,120
ABRAND01045,56.05,-113.03,1,4,6,120,5,30,120
ABRAND01046,56.22,-113,1,4,6,120,5,30,120
ABRAND01047,51.48,-112.99,3,4,6,120,5,30,120
ABRAND01048,51.84,-112.95,3,4,6,120,5,30,120
ABRAND01049,51.41,-112.94,3,4,6,120,5,30,120
ABRAND01050,56.17,-112.93,1,4,6,120,5,30,120
ABRAND01051,51.58,-112.92,3,4,6,120,5,30,120
ABRAND01052,56.17,-112.92,1,4,6,120,5,30,120
ABRAND01053,51.72,-112.9,3,4,6,120,5,30,120
ABRAND01054,51.68,-112.88,3,4,6,120,5,30,120
ABRAND01055,51.75,-112.86,3,4,6,120,5,30,120
ABRAND01056,54.6,-112.86,3,4,6,120,5,30,120
ABRAND01057,56.23,-112.85,1,4,6,120,5,30,120
ABRAND01058,56.27,-112.85,1,4,6,120,5,30,120
ABRAND01059,51.81,-112.8,1,4,6,120,5,30,120
ABRAND01060,56.07,-112.78,1,4,6,120,5,30,120
ABRAND01061,50.17,-112.78,1,4,6,120,5,30,120
ABRAND01062,50.46,-112.78,1,4,6,120,5,30,120
ABRAND01063,50.3,-112.77,1,4,6,120,5,30,120
ABRAND01064,56.1,-112.75,1,4,6,120,5,30,120
ABRAND01065,51.69,-112.69,3,4,6,120,5,30,120
ABRAND01066,51.74,-112.68,3,4,6,120,5,30,120
ABRAND01067,50.17,-112.68,3,4,6,120,5,30,120
ABRAND01068,51.66,-112.62,3,4,6,120,5,30,120
ABRAND01069,50.42,-112.61,1,4,6,120,5,30,120
ABRAND01070,54.43,-112.55,3,4,6,120,5,30,120
ABRAND01071,56.15,-112.46,1,4,6,120,5,30,120
ABRAND01072,54.17,-112.4,3,4,6,120,5,30,120
ABRAND01073,50.15,-112.32,3,4,6,120,5,30,120
ABRAND01074,50.13,-112.29,3,4,6,120,5,30,120
ABRAND01075,51.05,-112.29,3,4,6,120,5,30,120
ABRAND01076,52.95,-112.2,3,4,6,120,5,30,120
ABRAND01077,52.15,-112.13,3,4,6,120,5,30,120
ABRAND01078,50.2,-112.1,3,4,6,120,5,30,120
ABRAND01079,51.07,-112.03,3,4,6,120,5,30,120
ABRAND01080,53.06,-112.03,3,4,6,120,5,30,120
ABRAND01081,51.11,-111.93,3,4,6,120,5,30,120
ABRAND01082,52.86,-111.77,3,4,6,120,5,30,120
ABRAND01083,52.87,-111.75,3,4,6,120,5,30,120
ABRAND01084,51.02,-111.72,3,4,6,120,5,30,120
ABRAND01085,52.86,-111.68,1,4,6,120,5,30,120
ABRAND01086,51.03,-111.55,3,4,6,120,5,30,120
ABRAND01087,51.04,-111.52,3,4,6,120,5,30,120
ABRAND01088,50.97,-111.51,3,4,6,120,5,30,120
ABRAND01089,51.04,-111.48,3,4,6,120,5,30,120
ABRAND01090,51.2,-111.47,3,4,6,120,5,30,120
ABRAND01091,50.8,-111.46,3,4,6,120,5,30,120
ABRAND01092,55.24,-111.44,3,4,6,120,5,30,120
ABRAND01093,55.92,-111.38,3,4,6,120,5,30,120
ABRAND01094,49.68,-111.37,3,4,6,120,5,30,120
ABRAND01095,51.31,-111.35,3,4,6,120,5,30,120
ABRAND01096,49.12,-111.35,3,4,6,120,5,30,120
ABRAND01097,55.73,-111.34,3,4,6,120,5,30,120
ABRAND01098,50.15,-111.33,3,4,6,120,5,30,120
ABRAND01099,50.23,-111.31,3,4,6,120,5,30,120
ABRAND01100,50.16,-111.3,3,4,6,120,5,30,120
ABRAND01101,50.36,-111.26,3,4,6,120,5,30,120
ABRAND01102,50.5,-111.25,3,4,6,120,5,30,120
ABRAND01103,50.43,-111.23,3,4,6,120,5,30,120
ABRAND01104,55.79,-111.22,3,4,6,120,5,30,120
ABRAND01105,50.74,-111.21,3,4,6,120,5,30,120
ABRAND01106,55.03,-111.09,3,4,6,120,5,30,120
ABRAND01107,49.2,-111.08,3,4,6,120,5,30,120
ABRAND01108,55.65,-111.05,3,4,6,120,5,30,120
ABRAND01109,49.39,-110.99,3,4,6,120,5,30,120
ABRAND01110,55.36,-110.99,3,4,6,120,5,30,120
ABRAND01111,50.19,-110.98,3,4,6,120,5,30,120
ABRAND01112,55.76,-110.97,1,4,6,120,5,30,120
ABRAND01113,50.22,-110.96,3,4,6,120,5,30,120
ABRAND01114,55.3,-110.95,1,4,6,120,5,30,120
ABRAND01115,55.82,-110.95,1,4,6,120,5,30,120
ABRAND01116,50.04,-110.95,3,4,6,120,5,30,120
ABRAND01117,50.17,-110.93,3,4,6,120,5,30,120
ABRAND01118,49.06,-110.92,3,4,6,120,5,30,120
ABRAND01119,55.25,-110.9,3,4,6,120,5,30,120
ABRAND01120,55.51,-110.88,1,4,6,120,5,30,120
ABRAND01121,55.13,-110.88,3,4,6,120,5,30,120
ABRAND01122,55.22,-110.85,1,4,6,120,5,30,120
ABRAND01123,55.14,-110.82,3,4,6,120,5,30,120
ABRAND01124,55.34,-110.79,3,4,6,120,5,30,120
ABRAND01125,50.35,-110.77,1,4,6,120,5,30,120
ABRAND01126,55.46,-110.77,1,4,6,120,5,30,120
ABRAND01127,50.75,-110.76,3,4,6,120,5,30,120
ABRAND01128,50.29,-110.76,3,4,6,120,5,30,120
ABRAND01129,55.52,-110.76,1,4,6,120,5,30,120
ABRAND01130,55.06,-110.75,3,4,6,120,5,30,120
ABRAND01131,55.1,-110.73,1,4,6,120,5,30,120
ABRAND01132,50.55,-110.71,1,4,6,120,5,30,120
ABRAND01133,54.71,-110.71,3,4,6,120,5,30,120
ABRAND01134,54.76,-110.71,1,4,6,120,5,30,120
ABRAND01135,54.97,-110.7,3,4,6,120,5,30,120
ABRAND01136,54.9,-110.68,1,4,6,120,5,30,120
ABRAND01137,55.83,-110.68,3,4,6,120,5,30,120
ABRAND01138,54.86,-110.67,3,4,6,120,5,30,120
ABRAND01139,55.1,-110.67,3,4,6,120,5,30,120
ABRAND01140,50.42,-110.66,3,4,6,120,5,30,120
ABRAND01141,55.11,-110.65,3,4,6,120,5,30,120
ABRAND01142,54.83,-110.63,3,4,6,120,5,30,120
ABRAND01143,55.13,-110.62,3,4,6,120,5,30,120
ABRAND01144,55.24,-110.6,1,4,6,120,5,30,120
ABRAND01145,55.15,-110.6,3,4,6,120,5,30,120
ABRAND01146,54.99,-110.59,1,4,6,120,5,30,120
ABRAND01147,54.93,-110.57,1,4,6,120,5,30,120
ABRAND01148,55.08,-110.57,3,4,6,120,5,30,120
ABRAND01149,54.79,-110.54,3,4,6,120,5,30,120
ABRAND01150,50.58,-110.53,3,4,6,120,5,30,120
ABRAND01151,55.09,-110.53,1,4,6,120,5,30,120
ABRAND01152,54.98,-110.51,1,4,6,120,5,30,120
ABRAND01153,54.87,-110.51,3,4,6,120,5,30,120
ABRAND01154,55,-110.5,1,4,6,120,5,30,120
ABRAND01155,55.28,-110.49,3,4,6,120,5,30,120
ABRAND01156,55.05,-110.49,3,4,6,120,5,30,120
ABRAND01157,54.71,-110.48,3,4,6,120,5,30,120
ABRAND01158,54.96,-110.48,3,4,6,120,5,30,120
ABRAND01159,55.1,-110.47,3,4,6,120,5,30,120
ABRAND01160,55.02,-110.45,3,4,6,120,5,30,120
ABRAND01161,55.39,-110.45,3,4,6,120,5,30,120
ABRAND01162,50.7,-110.44,3,4,6,120,5,30,120
ABRAND01163,50.4,-110.44,3,4,6,120,5,30,120
ABRAND01164,55.19,-110.43,3,4,6,120,5,30,120
ABRAND01165,54.99,-110.43,3,4,6,120,5,30,120
ABRAND01166,54.76,-110.4,3,4,6,120,5,30,120
ABRAND01167,55.26,-110.32,1,4,6,120,5,30,120
ABRAND01168,49.43,-110.31,3,4,6,120,5,30,120
ABRAND01169,54.64,-110.27,3,4,6,120,5,30,120
