facility_ID,subtype_code,lat,lon,OGI_required_surveys,OGI_required_surveys_AER,truck_required_surveys,aircraft_required_surveys,OGI_time,aircraft_time,truck_time,OGI_FU_time
ABRAND00001,601,55.05,-119.99,3,3,4,6,120,5,30,120
ABRAND00002,601,54.74,-119.98,3,3,4,6,120,5,30,120
ABRAND00003,601,55.25,-119.96,3,3,4,6,120,5,30,120
ABRAND00004,601,55.32,-119.96,3,3,4,6,120,5,30,120
ABRAND00005,601,55.19,-119.95,3,3,4,6,120,5,30,120
ABRAND00006,351,55.25,-119.95,3,1,4,6,120,5,30,120
ABRAND00007,601,54.63,-119.95,3,3,4,6,120,5,30,120
ABRAND00008,601,55.28,-119.92,3,3,4,6,120,5,30,120
ABRAND00009,601,57.73,-119.92,3,3,4,6,120,5,30,120
ABRAND00010,601,55.12,-119.92,3,3,4,6,120,5,30,120
ABRAND00011,601,57.57,-119.91,3,3,4,6,120,5,30,120
ABRAND00012,601,54.75,-119.91,3,3,4,6,120,5,30,120
ABRAND00013,601,55.03,-119.91,3,3,4,6,120,5,30,120
ABRAND00014,601,54.94,-119.91,3,3,4,6,120,5,30,120
ABRAND00015,601,54.91,-119.91,3,3,4,6,120,5,30,120
ABRAND00016,601,57.3,-119.9,3,3,4,6,120,5,30,120
ABRAND00017,601,55.09,-119.9,3,3,4,6,120,5,30,120
ABRAND00018,601,55.04,-119.9,3,3,4,6,120,5,30,120
ABRAND00019,601,54.97,-119.89,3,3,4,6,120,5,30,120
ABRAND00020,601,55.03,-119.89,3,3,4,6,120,5,30,120
ABRAND00021,601,57.31,-119.89,3,1,4,6,120,5,30,120
ABRAND00022,311,55.33,-119.88,3,1,4,6,120,5,30,120
ABRAND00023,311,55.24,-119.87,3,1,4,6,120,5,30,120
ABRAND00024,601,54.87,-119.87,3,3,4,6,120,5,30,120
ABRAND00025,601,55.21,-119.87,3,3,4,6,120,5,30,120
ABRAND00026,601,55.07,-119.86,3,3,4,6,120,5,30,120
ABRAND00027,351,55.24,-119.86,3,1,4,6,120,5,30,120
ABRAND00028,601,57.69,-119.86,3,3,4,6,120,5,30,120
ABRAND00029,601,54.67,-119.85,3,3,4,6,120,5,30,120
ABRAND00030,601,54.68,-119.85,3,3,4,6,120,5,30,120
ABRAND00031,601,55.29,-119.83,3,3,4,6,120,5,30,120
ABRAND00032,601,55.04,-119.83,3,3,4,6,120,5,30,120
ABRAND00033,601,57.85,-119.83,3,3,4,6,120,5,30,120
ABRAND00034,601,55.27,-119.83,3,3,4,6,120,5,30,120
ABRAND00035,601,55.35,-119.82,3,3,4,6,120,5,30,120
ABRAND00036,601,54.89,-119.82,3,3,4,6,120,5,30,120
ABRAND00037,601,54.95,-119.82,3,3,4,6,120,5,30,120
ABRAND00038,601,55.06,-119.82,3,3,4,6,120,5,30,120
ABRAND00039,601,55,-119.79,3,3,4,6,120,5,30,120
ABRAND00040,601,55.03,-119.79,3,3,4,6,120,5,30,120
ABRAND00041,601,55.18,-119.78,3,3,4,6,120,5,30,120
ABRAND00042,601,54.86,-119.78,3,3,4,6,120,5,30,120
ABRAND00043,501,55.23,-119.77,3,1,4,6,120,5,30,120
ABRAND00044,601,55.12,-119.76,3,3,4,6,120,5,30,120
ABRAND00045,351,54.81,-119.75,3,1,4,6,120,5,30,120
ABRAND00046,601,56.03,-119.71,3,1,4,6,120,5,30,120
ABRAND00047,351,55.23,-119.71,3,1,4,6,120,5,30,120
ABRAND00048,311,55.26,-119.71,3,1,4,6,120,5,30,120
ABRAND00049,621,54.88,-119.71,3,3,4,6,120,5,30,120
ABRAND00050,351,55.11,-119.7,3,1,4,6,120,5,30,120
ABRAND00051,601,54.83,-119.7,3,3,4,6,120,5,30,120
ABRAND00052,601,55.11,-119.69,3,3,4,6,120,5,30,120
ABRAND00053,601,54.78,-119.69,3,3,4,6,120,5,30,120
ABRAND00054,601,55.13,-119.69,3,3,4,6,120,5,30,120
ABRAND00055,601,54.81,-119.68,3,3,4,6,120,5,30,120
ABRAND00056,601,54.91,-119.68,3,3,4,6,120,5,30,120
ABRAND00057,601,56.03,-119.68,3,1,4,6,120,5,30,120
ABRAND00058,601,55.27,-119.67,3,3,4,6,120,5,30,120
ABRAND00059,601,55.1,-119.66,3,3,4,6,120,5,30,120
ABRAND00060,601,56.12,-119.65,3,1,4,6,120,5,30,120
ABRAND00061,601,55.06,-119.64,3,3,4,6,120,5,30,120
ABRAND00062,601,55.13,-119.64,3,3,4,6,120,5,30,120
ABRAND00063,601,54.79,-119.63,3,3,4,6,120,5,30,120
ABRAND00064,601,54.71,-119.63,3,3,4,6,120,5,30,120
ABRAND00065,503,55.03,-119.62,3,1,4,6,120,5,30,120
ABRAND00066,601,54.94,-119.61,3,3,4,6,120,5,30,120
ABRAND00067,601,54.85,-119.61,3,3,4,6,120,5,30,120
ABRAND00068,601,57.4,-119.6,3,3,4,6,120,5,30,120
ABRAND00069,601,55.01,-119.6,3,3,4,6,120,5,30,120
ABRAND00070,601,55.14,-119.59,3,3,4,6,120,5,30,120
ABRAND00071,601,54.55,-119.58,3,3,4,6,120,5,30,120
ABRAND00072,601,54.84,-119.58,3,3,4,6,120,5,30,120
ABRAND00073,601,54.72,-119.58,3,3,4,6,120,5,30,120
ABRAND00074,601,55.13,-119.57,3,3,4,6,120,5,30,120
ABRAND00075,601,57.6,-119.57,3,3,4,6,120,5,30,120
ABRAND00076,362,55.15,-119.57,3,1,4,6,120,5,30,120
ABRAND00077,601,57.41,-119.56,3,3,4,6,120,5,30,120
ABRAND00078,601,54.98,-119.56,3,3,4,6,120,5,30,120
ABRAND00079,601,54.72,-119.56,3,3,4,6,120,5,30,120
ABRAND00080,601,54.85,-119.56,3,3,4,6,120,5,30,120
ABRAND00081,401,55.09,-119.56,3,3,4,6,120,5,30,120
ABRAND00082,601,55.14,-119.56,3,3,4,6,120,5,30,120
ABRAND00083,351,55.43,-119.55,3,1,4,6,120,5,30,120
ABRAND00084,601,55.08,-119.55,3,3,4,6,120,5,30,120
ABRAND00085,601,57.51,-119.55,3,1,4,6,120,5,30,120
ABRAND00086,601,54.86,-119.54,3,3,4,6,120,5,30,120
ABRAND00087,601,54.43,-119.53,3,3,4,6,120,5,30,120
ABRAND00088,601,54.55,-119.53,3,3,4,6,120,5,30,120
ABRAND00089,601,54.78,-119.52,3,3,4,6,120,5,30,120
ABRAND00090,601,55.08,-119.52,3,3,4,6,120,5,30,120
ABRAND00091,311,55.04,-119.51,3,1,4,6,120,5,30,120
ABRAND00092,601,54.74,-119.51,3,3,4,6,120,5,30,120
ABRAND00093,311,54.84,-119.51,3,1,4,6,120,5,30,120
ABRAND00094,601,54.65,-119.51,3,3,4,6,120,5,30,120
ABRAND00095,601,54.72,-119.5,3,3,4,6,120,5,30,120
ABRAND00096,601,55.35,-119.5,3,1,4,6,120,5,30,120
ABRAND00097,601,55.37,-119.5,3,3,4,6,120,5,30,120
ABRAND00098,601,54.94,-119.5,3,3,4,6,120,5,30,120
ABRAND00099,601,54.69,-119.47,3,3,4,6,120,5,30,120
ABRAND00100,601,55.23,-119.46,3,3,4,6,120,5,30,120
ABRAND00101,601,54.88,-119.44,3,3,4,6,120,5,30,120
ABRAND00102,601,57.45,-119.44,3,3,4,6,120,5,30,120
ABRAND00103,601,54.98,-119.44,3,3,4,6,120,5,30,120
ABRAND00104,601,54.58,-119.42,3,3,4,6,120,5,30,120
ABRAND00105,601,55.84,-119.42,3,1,4,6,120,5,30,120
ABRAND00106,311,55.2,-119.4,3,1,4,6,120,5,30,120
ABRAND00107,601,54.9,-119.4,3,3,4,6,120,5,30,120
ABRAND00108,601,54.82,-119.39,3,3,4,6,120,5,30,120
ABRAND00109,321,54.68,-119.38,3,1,4,6,120,5,30,120
ABRAND00110,601,54.85,-119.38,3,3,4,6,120,5,30,120
ABRAND00111,601,55.55,-119.38,3,3,4,6,120,5,30,120
ABRAND00112,601,55.11,-119.38,3,3,4,6,120,5,30,120
ABRAND00113,601,54.91,-119.38,3,3,4,6,120,5,30,120
ABRAND00114,601,55.12,-119.37,3,1,4,6,120,5,30,120
ABRAND00115,601,54.86,-119.36,3,3,4,6,120,5,30,120
ABRAND00116,601,55.29,-119.34,3,3,4,6,120,5,30,120
ABRAND00117,311,55.4,-119.34,3,1,4,6,120,5,30,120
ABRAND00118,311,55.33,-119.33,3,1,4,6,120,5,30,120
ABRAND00119,601,55.6,-119.32,3,3,4,6,120,5,30,120
ABRAND00120,601,54.94,-119.32,3,3,4,6,120,5,30,120
ABRAND00121,601,55.44,-119.3,3,3,4,6,120,5,30,120
ABRAND00122,601,54.73,-119.3,3,3,4,6,120,5,30,120
ABRAND00123,601,55.02,-119.3,3,3,4,6,120,5,30,120
ABRAND00124,601,54.83,-119.3,3,3,4,6,120,5,30,120
ABRAND00125,601,54.95,-119.29,3,3,4,6,120,5,30,120
ABRAND00126,601,54.9,-119.29,3,3,4,6,120,5,30,120
ABRAND00127,601,55.09,-119.29,3,3,4,6,120,5,30,120
ABRAND00128,601,54.86,-119.27,3,3,4,6,120,5,30,120
ABRAND00129,601,54.66,-119.26,3,3,4,6,120,5,30,120
ABRAND00130,601,54.61,-119.26,3,3,4,6,120,5,30,120
ABRAND00131,601,54.9,-119.26,3,3,4,6,120,5,30,120
ABRAND00132,351,55.27,-119.26,3,1,4,6,120,5,30,120
ABRAND00133,601,54.99,-119.26,3,3,4,6,120,5,30,120
ABRAND00134,601,55.38,-119.24,3,1,4,6,120,5,30,120
ABRAND00135,601,55.29,-119.24,3,3,4,6,120,5,30,120
ABRAND00136,601,55.43,-119.24,3,1,4,6,120,5,30,120
ABRAND00137,311,55.32,-119.23,3,1,4,6,120,5,30,120
ABRAND00138,601,55.35,-119.22,3,1,4,6,120,5,30,120
ABRAND00139,601,55.02,-119.19,3,3,4,6,120,5,30,120
ABRAND00140,601,55.3,-119.19,3,1,4,6,120,5,30,120
ABRAND00141,351,54.52,-119.18,3,1,4,6,120,5,30,120
ABRAND00142,601,55.08,-119.17,3,3,4,6,120,5,30,120
ABRAND00143,601,54.51,-119.17,3,3,4,6,120,5,30,120
ABRAND00144,601,54.7,-119.15,3,3,4,6,120,5,30,120
ABRAND00145,601,55.56,-119.15,3,3,4,6,120,5,30,120
ABRAND00146,351,54.43,-119.15,3,1,4,6,120,5,30,120
ABRAND00147,601,54.88,-119.14,3,3,4,6,120,5,30,120
ABRAND00148,601,54.97,-119.14,3,3,4,6,120,5,30,120
ABRAND00149,351,54.54,-119.14,3,1,4,6,120,5,30,120
ABRAND00150,351,54.71,-119.13,3,1,4,6,120,5,30,120
ABRAND00151,601,54.23,-119.13,3,3,4,6,120,5,30,120
ABRAND00152,601,54.8,-119.12,3,3,4,6,120,5,30,120
ABRAND00153,601,54.58,-119.12,3,3,4,6,120,5,30,120
ABRAND00154,601,54.95,-119.11,3,3,4,6,120,5,30,120
ABRAND00155,601,54.8,-119.1,3,3,4,6,120,5,30,120
ABRAND00156,362,54.63,-119.09,3,1,4,6,120,5,30,120
ABRAND00157,351,54.56,-119.09,3,1,4,6,120,5,30,120
ABRAND00158,351,54.38,-119.07,3,1,4,6,120,5,30,120
ABRAND00159,601,54.79,-119.06,3,3,4,6,120,5,30,120
ABRAND00160,601,54.76,-119.04,3,3,4,6,120,5,30,120
ABRAND00161,351,54.57,-119.03,3,1,4,6,120,5,30,120
ABRAND00162,601,54.7,-119.03,3,3,4,6,120,5,30,120
ABRAND00163,351,54.45,-119.02,3,1,4,6,120,5,30,120
ABRAND00164,351,54.52,-119.01,3,1,4,6,120,5,30,120
ABRAND00165,601,55.6,-119,3,1,4,6,120,5,30,120
ABRAND00166,601,55.25,-119,3,3,4,6,120,5,30,120
ABRAND00167,621,54.36,-118.99,3,3,4,6,120,5,30,120
ABRAND00168,351,54.5,-118.98,3,1,4,6,120,5,30,120
ABRAND00169,601,54.69,-118.97,3,3,4,6,120,5,30,120
ABRAND00170,601,55.34,-118.96,3,3,4,6,120,5,30,120
ABRAND00171,351,54.42,-118.95,3,1,4,6,120,5,30,120
ABRAND00172,351,54.44,-118.94,3,1,4,6,120,5,30,120
ABRAND00173,351,54.43,-118.94,3,1,4,6,120,5,30,120
ABRAND00174,351,54.54,-118.94,3,1,4,6,120,5,30,120
ABRAND00175,601,55.34,-118.94,3,3,4,6,120,5,30,120
ABRAND00176,361,54.42,-118.93,3,1,4,6,120,5,30,120
ABRAND00177,601,54.62,-118.91,3,3,4,6,120,5,30,120
ABRAND00178,351,54.22,-118.91,3,1,4,6,120,5,30,120
ABRAND00179,601,54.72,-118.9,3,3,4,6,120,5,30,120
ABRAND00180,601,54.53,-118.89,3,3,4,6,120,5,30,120
ABRAND00181,351,54.38,-118.89,3,1,4,6,120,5,30,120
ABRAND00182,601,54.95,-118.88,3,3,4,6,120,5,30,120
ABRAND00183,351,54.42,-118.87,3,1,4,6,120,5,30,120
ABRAND00184,351,54.65,-118.86,3,1,4,6,120,5,30,120
ABRAND00185,351,54.5,-118.86,3,1,4,6,120,5,30,120
ABRAND00186,351,54.34,-118.86,3,1,4,6,120,5,30,120
ABRAND00187,621,54.65,-118.85,3,3,4,6,120,5,30,120
ABRAND00188,351,54.37,-118.85,3,1,4,6,120,5,30,120
ABRAND00189,351,54.46,-118.82,3,1,4,6,120,5,30,120
ABRAND00190,601,54.43,-118.82,3,3,4,6,120,5,30,120
ABRAND00191,351,54.12,-118.81,3,1,4,6,120,5,30,120
ABRAND00192,322,54.49,-118.81,3,1,4,6,120,5,30,120
ABRAND00193,351,54.5,-118.8,3,1,4,6,120,5,30,120
ABRAND00194,601,54.55,-118.8,3,3,4,6,120,5,30,120
ABRAND00195,351,54.52,-118.79,3,1,4,6,120,5,30,120
ABRAND00196,601,54.93,-118.79,3,3,4,6,120,5,30,120
ABRAND00197,351,54.54,-118.78,3,1,4,6,120,5,30,120
ABRAND00198,351,54.31,-118.78,3,1,4,6,120,5,30,120
ABRAND00199,621,54.41,-118.77,3,3,4,6,120,5,30,120
ABRAND00200,351,54.45,-118.76,3,1,4,6,120,5,30,120
ABRAND00201,351,54.53,-118.76,3,1,4,6,120,5,30,120
ABRAND00202,351,54.32,-118.75,3,1,4,6,120,5,30,120
ABRAND00203,621,54.37,-118.75,3,3,4,6,120,5,30,120
ABRAND00204,351,54.23,-118.75,3,1,4,6,120,5,30,120
ABRAND00205,351,54.47,-118.75,3,1,4,6,120,5,30,120
ABRAND00206,351,54.2,-118.74,3,1,4,6,120,5,30,120
ABRAND00207,351,54.46,-118.74,3,1,4,6,120,5,30,120
ABRAND00208,351,54.34,-118.72,3,1,4,6,120,5,30,120
ABRAND00209,351,54.25,-118.72,3,1,4,6,120,5,30,120
ABRAND00210,351,54.19,-118.72,3,1,4,6,120,5,30,120
ABRAND00211,351,54.54,-118.72,3,1,4,6,120,5,30,120
ABRAND00212,351,54.53,-118.71,3,1,4,6,120,5,30,120
ABRAND00213,351,54.36,-118.71,3,1,4,6,120,5,30,120
ABRAND00214,351,54.45,-118.7,3,1,4,6,120,5,30,120
ABRAND00215,601,54.36,-118.7,3,3,4,6,120,5,30,120
ABRAND00216,351,54.19,-118.7,3,1,4,6,120,5,30,120
ABRAND00217,351,54.44,-118.7,3,1,4,6,120,5,30,120
ABRAND00218,351,54.35,-118.69,3,1,4,6,120,5,30,120
ABRAND00219,351,54.46,-118.69,3,1,4,6,120,5,30,120
ABRAND00220,351,54.45,-118.69,3,1,4,6,120,5,30,120
ABRAND00221,351,54.4,-118.68,3,1,4,6,120,5,30,120
ABRAND00222,361,54.4,-118.68,3,1,4,6,120,5,30,120
ABRAND00223,351,54.32,-118.67,3,1,4,6,120,5,30,120
ABRAND00224,351,54.44,-118.67,3,1,4,6,120,5,30,120
ABRAND00225,351,54.52,-118.66,3,1,4,6,120,5,30,120
ABRAND00226,351,54.3,-118.65,3,1,4,6,120,5,30,120
ABRAND00227,351,54.49,-118.63,3,1,4,6,120,5,30,120
ABRAND00228,351,54.55,-118.63,3,1,4,6,120,5,30,120
ABRAND00229,351,54.41,-118.63,3,1,4,6,120,5,30,120
ABRAND00230,322,54.62,-118.59,3,1,4,6,120,5,30,120
ABRAND00231,351,54.47,-118.58,3,1,4,6,120,5,30,120
ABRAND00232,351,54.26,-118.56,3,1,4,6,120,5,30,120
ABRAND00233,351,54.54,-118.55,3,1,4,6,120,5,30,120
ABRAND00234,351,54.25,-118.55,3,1,4,6,120,5,30,120
ABRAND00235,601,57.13,-118.54,3,3,4,6,120,5,30,120
ABRAND00236,351,54.39,-118.53,3,1,4,6,120,5,30,120
ABRAND00237,621,54.5,-118.48,3,3,4,6,120,5,30,120
ABRAND00238,311,54.31,-118.44,3,1,4,6,120,5,30,120
ABRAND00239,351,54.36,-118.42,3,1,4,6,120,5,30,120
ABRAND00240,621,54.2,-118.42,3,3,4,6,120,5,30,120
ABRAND00241,361,54.03,-118.38,3,1,4,6,120,5,30,120
ABRAND00242,401,54.28,-118.32,3,3,4,6,120,5,30,120
ABRAND00243,311,54.21,-118.16,3,1,4,6,120,5,30,120
ABRAND00244,361,54.12,-118.13,3,1,4,6,120,5,30,120
ABRAND00245,351,54.29,-118.1,3,1,4,6,120,5,30,120
ABRAND00246,601,56.99,-118.03,3,3,4,6,120,5,30,120
ABRAND00247,361,54.21,-118,3,1,4,6,120,5,30,120
ABRAND00248,621,54.07,-117.94,3,3,4,6,120,5,30,120
ABRAND00249,601,53.58,-117.9,3,1,4,6,120,5,30,120
ABRAND00250,601,56.24,-117.87,3,3,4,6,120,5,30,120
ABRAND00251,361,53.88,-117.85,3,1,4,6,120,5,30,120
ABRAND00252,601,53.78,-117.83,3,3,4,6,120,5,30,120
ABRAND00253,361,54.42,-117.79,3,1,4,6,120,5,30,120
ABRAND00254,601,53.41,-117.78,3,1,4,6,120,5,30,120
ABRAND00255,361,54.05,-117.75,3,1,4,6,120,5,30,120
ABRAND00256,601,53.5,-117.74,3,1,4,6,120,5,30,120
ABRAND00257,621,54.08,-117.71,3,1,4,6,120,5,30,120
ABRAND00258,351,54.02,-117.7,3,1,4,6,120,5,30,120
ABRAND00259,601,53.21,-117.7,3,3,4,6,120,5,30,120
ABRAND00260,322,54.14,-117.67,3,1,4,6,120,5,30,120
ABRAND00261,351,54.06,-117.65,3,1,4,6,120,5,30,120
ABRAND00262,351,54.02,-117.63,3,1,4,6,120,5,30,120
ABRAND00263,601,53.63,-117.63,3,1,4,6,120,5,30,120
ABRAND00264,621,53.99,-117.62,3,3,4,6,120,5,30,120
ABRAND00265,361,54.2,-117.62,3,1,4,6,120,5,30,120
ABRAND00266,601,54.09,-117.62,3,3,4,6,120,5,30,120
ABRAND00267,361,54.17,-117.59,3,1,4,6,120,5,30,120
ABRAND00268,351,54.26,-117.58,3,1,4,6,120,5,30,120
ABRAND00269,601,54.25,-117.58,3,3,4,6,120,5,30,120
ABRAND00270,621,54.15,-117.57,3,3,4,6,120,5,30,120
ABRAND00271,621,54.23,-117.57,3,3,4,6,120,5,30,120
ABRAND00272,621,53.98,-117.56,3,3,4,6,120,5,30,120
ABRAND00273,601,54.07,-117.55,3,3,4,6,120,5,30,120
ABRAND00274,601,54.85,-117.54,3,3,4,6,120,5,30,120
ABRAND00275,361,54.09,-117.53,3,1,4,6,120,5,30,120
ABRAND00276,361,54.23,-117.52,3,1,4,6,120,5,30,120
ABRAND00277,601,54,-117.52,3,3,4,6,120,5,30,120
ABRAND00278,601,54.15,-117.51,3,3,4,6,120,5,30,120
ABRAND00279,621,54.11,-117.5,3,3,4,6,120,5,30,120
ABRAND00280,621,54.22,-117.49,3,3,4,6,120,5,30,120
ABRAND00281,322,54.34,-117.45,3,1,4,6,120,5,30,120
ABRAND00282,361,53.96,-117.43,3,1,4,6,120,5,30,120
ABRAND00283,361,54.11,-117.41,3,1,4,6,120,5,30,120
ABRAND00284,601,54.16,-117.41,3,3,4,6,120,5,30,120
ABRAND00285,601,54,-117.38,3,3,4,6,120,5,30,120
ABRAND00286,621,54.08,-117.38,3,3,4,6,120,5,30,120
ABRAND00287,601,54.15,-117.37,3,1,4,6,120,5,30,120
ABRAND00288,601,54.65,-117.35,3,3,4,6,120,5,30,120
ABRAND00289,621,54.67,-117.3,3,3,4,6,120,5,30,120
ABRAND00290,311,54.07,-117.29,3,1,4,6,120,5,30,120
ABRAND00291,361,54.07,-117.25,3,1,4,6,120,5,30,120
ABRAND00292,322,53.97,-117.25,3,1,4,6,120,5,30,120
ABRAND00293,601,53.23,-117.25,3,3,4,6,120,5,30,120
ABRAND00294,361,54.04,-117.24,3,1,4,6,120,5,30,120
ABRAND00295,361,54.87,-117.13,3,1,4,6,120,5,30,120
ABRAND00296,322,53.99,-117.1,3,1,4,6,120,5,30,120
ABRAND00297,601,53.99,-117.09,3,1,4,6,120,5,30,120
ABRAND00298,311,54.12,-117.09,3,1,4,6,120,5,30,120
ABRAND00299,311,53.85,-117.08,3,1,4,6,120,5,30,120
ABRAND00300,601,53.17,-117.06,3,3,4,6,120,5,30,120
ABRAND00301,601,54.15,-116.92,3,3,4,6,120,5,30,120
ABRAND00302,601,54.24,-116.84,3,3,4,6,120,5,30,120
ABRAND00303,601,54.11,-116.81,3,3,4,6,120,5,30,120
ABRAND00304,601,54.19,-116.69,3,3,4,6,120,5,30,120
ABRAND00305,601,53.25,-116.61,3,3,4,6,120,5,30,120
ABRAND00306,601,54.19,-116.55,3,3,4,6,120,5,30,120
ABRAND00307,362,53.41,-116.53,3,1,4,6,120,5,30,120
ABRAND00308,311,53.24,-116.45,3,1,4,6,120,5,30,120
ABRAND00309,311,54.43,-116.41,3,1,4,6,120,5,30,120
ABRAND00310,362,53.2,-116.39,3,1,4,6,120,5,30,120
ABRAND00311,601,53.33,-116.39,3,3,4,6,120,5,30,120
ABRAND00312,311,53.14,-116.38,3,1,4,6,120,5,30,120
ABRAND00313,362,52.97,-116.34,3,1,4,6,120,5,30,120
ABRAND00314,311,54.26,-116.33,3,1,4,6,120,5,30,120
ABRAND00315,362,53.18,-116.33,3,1,4,6,120,5,30,120
ABRAND00316,311,53.42,-116.33,3,1,4,6,120,5,30,120
ABRAND00317,361,53.27,-116.32,3,1,4,6,120,5,30,120
ABRAND00318,601,53.33,-116.31,3,1,4,6,120,5,30,120
ABRAND00319,311,53.3,-116.3,3,1,4,6,120,5,30,120
ABRAND00320,351,53.06,-116.3,3,1,4,6,120,5,30,120
ABRAND00321,362,53.25,-116.3,3,1,4,6,120,5,30,120
ABRAND00322,311,54.39,-116.29,3,1,4,6,120,5,30,120
ABRAND00323,601,53.31,-116.29,3,3,4,6,120,5,30,120
ABRAND00324,601,53.16,-116.28,3,3,4,6,120,5,30,120
ABRAND00325,311,53.18,-116.28,3,1,4,6,120,5,30,120
ABRAND00326,621,53.45,-116.27,3,3,4,6,120,5,30,120
ABRAND00327,361,53.95,-116.26,3,1,4,6,120,5,30,120
ABRAND00328,621,53.16,-116.26,3,3,4,6,120,5,30,120
ABRAND00329,361,53.16,-116.26,3,1,4,6,120,5,30,120
ABRAND00330,311,53.2,-116.25,3,1,4,6,120,5,30,120
ABRAND00331,601,53.42,-116.24,3,3,4,6,120,5,30,120
ABRAND00332,601,53.12,-116.24,3,3,4,6,120,5,30,120
ABRAND00333,361,53.15,-116.24,3,1,4,6,120,5,30,120
ABRAND00334,361,53.21,-116.24,3,1,4,6,120,5,30,120
ABRAND00335,351,53.25,-116.23,3,1,4,6,120,5,30,120
ABRAND00336,601,53.19,-116.23,3,3,4,6,120,5,30,120
ABRAND00337,601,53.16,-116.21,3,3,4,6,120,5,30,120
ABRAND00338,311,53.05,-116.21,3,1,4,6,120,5,30,120
ABRAND00339,362,53.39,-116.21,3,1,4,6,120,5,30,120
ABRAND00340,361,53.43,-116.21,3,1,4,6,120,5,30,120
ABRAND00341,311,53.35,-116.21,3,1,4,6,120,5,30,120
ABRAND00342,311,53.19,-116.2,3,1,4,6,120,5,30,120
ABRAND00343,601,53.56,-116.19,3,3,4,6,120,5,30,120
ABRAND00344,621,53.02,-116.19,3,3,4,6,120,5,30,120
ABRAND00345,361,53.09,-116.19,3,1,4,6,120,5,30,120
ABRAND00346,362,53.11,-116.19,3,1,4,6,120,5,30,120
ABRAND00347,601,53.16,-116.19,3,3,4,6,120,5,30,120
ABRAND00348,322,53.08,-116.18,3,1,4,6,120,5,30,120
ABRAND00349,351,53.94,-116.17,3,1,4,6,120,5,30,120
ABRAND00350,601,53.2,-116.16,3,3,4,6,120,5,30,120
ABRAND00351,601,53.06,-116.15,3,1,4,6,120,5,30,120
ABRAND00352,311,53,-116.14,3,1,4,6,120,5,30,120
ABRAND00353,361,53.48,-116.14,3,1,4,6,120,5,30,120
ABRAND00354,311,53.02,-116.13,3,1,4,6,120,5,30,120
ABRAND00355,601,53.15,-116.13,3,3,4,6,120,5,30,120
ABRAND00356,601,53.25,-116.12,3,3,4,6,120,5,30,120
ABRAND00357,351,53.23,-116.12,3,1,4,6,120,5,30,120
ABRAND00358,601,53.02,-116.12,3,1,4,6,120,5,30,120
ABRAND00359,401,53.11,-116.12,3,3,4,6,120,5,30,120
ABRAND00360,601,52.99,-116.12,3,1,4,6,120,5,30,120
ABRAND00361,361,53.42,-116.11,3,1,4,6,120,5,30,120
ABRAND00362,361,53.89,-116.1,3,1,4,6,120,5,30,120
ABRAND00363,311,52.92,-116.09,3,1,4,6,120,5,30,120
ABRAND00364,351,53.14,-116.09,3,1,4,6,120,5,30,120
ABRAND00365,351,53.07,-116.08,3,1,4,6,120,5,30,120
ABRAND00366,621,53.19,-116.08,3,3,4,6,120,5,30,120
ABRAND00367,361,53.11,-116.08,3,1,4,6,120,5,30,120
ABRAND00368,311,52.98,-116.08,3,1,4,6,120,5,30,120
ABRAND00369,361,53.48,-116.08,3,1,4,6,120,5,30,120
ABRAND00370,361,53.08,-116.08,3,1,4,6,120,5,30,120
ABRAND00371,311,53.18,-116.08,3,1,4,6,120,5,30,120
ABRAND00372,311,52.82,-116.08,3,1,4,6,120,5,30,120
ABRAND00373,621,53.25,-116.07,3,3,4,6,120,5,30,120
ABRAND00374,351,52.92,-116.07,3,1,4,6,120,5,30,120
ABRAND00375,401,53.31,-116.05,3,3,4,6,120,5,30,120
ABRAND00376,321,53.21,-116.05,3,1,4,6,120,5,30,120
ABRAND00377,311,53.4,-116.04,3,1,4,6,120,5,30,120
ABRAND00378,621,53.08,-116.04,3,3,4,6,120,5,30,120
ABRAND00379,361,54.04,-116.04,3,1,4,6,120,5,30,120
ABRAND00380,311,53.34,-116.03,3,1,4,6,120,5,30,120
ABRAND00381,601,53.25,-116.03,3,3,4,6,120,5,30,120
ABRAND00382,351,52.99,-116.03,3,1,4,6,120,5,30,120
ABRAND00383,601,53.79,-116.03,3,3,4,6,120,5,30,120
ABRAND00384,311,53.28,-116.03,3,1,4,6,120,5,30,120
ABRAND00385,601,53.01,-116.02,3,3,4,6,120,5,30,120
ABRAND00386,601,54.16,-116.02,3,3,4,6,120,5,30,120
ABRAND00387,361,53.08,-116.02,3,1,4,6,120,5,30,120
ABRAND00388,361,53.83,-116.01,3,1,4,6,120,5,30,120
ABRAND00389,601,53.71,-116.01,3,3,4,6,120,5,30,120
ABRAND00390,361,53.88,-116.01,3,1,4,6,120,5,30,120
ABRAND00391,311,53.28,-116.01,3,1,4,6,120,5,30,120
ABRAND00392,351,53.1,-116.01,3,1,4,6,120,5,30,120
ABRAND00393,351,53,-116.01,3,1,4,6,120,5,30,120
ABRAND00394,361,52.88,-116,3,1,4,6,120,5,30,120
ABRAND00395,311,52.9,-116,3,1,4,6,120,5,30,120
ABRAND00396,351,53.19,-116,3,1,4,6,120,5,30,120
ABRAND00397,601,52.95,-115.99,3,1,4,6,120,5,30,120
ABRAND00398,351,53.64,-115.99,3,1,4,6,120,5,30,120
ABRAND00399,601,52.83,-115.99,3,1,4,6,120,5,30,120
ABRAND00400,362,52.77,-115.98,3,1,4,6,120,5,30,120
ABRAND00401,351,53.42,-115.98,3,1,4,6,120,5,30,120
ABRAND00402,311,53.13,-115.98,3,1,4,6,120,5,30,120
ABRAND00403,601,54.24,-115.98,3,1,4,6,120,5,30,120
ABRAND00404,311,53.12,-115.98,3,1,4,6,120,5,30,120
ABRAND00405,601,53.06,-115.97,3,3,4,6,120,5,30,120
ABRAND00406,601,53.09,-115.97,3,1,4,6,120,5,30,120
ABRAND00407,351,52.87,-115.97,3,1,4,6,120,5,30,120
ABRAND00408,311,53.95,-115.97,3,1,4,6,120,5,30,120
ABRAND00409,351,52.99,-115.96,3,1,4,6,120,5,30,120
ABRAND00410,322,53.04,-115.96,3,1,4,6,120,5,30,120
ABRAND00411,601,53.49,-115.96,3,3,4,6,120,5,30,120
ABRAND00412,601,53.18,-115.96,3,3,4,6,120,5,30,120
ABRAND00413,361,53.92,-115.95,3,1,4,6,120,5,30,120
ABRAND00414,601,53.96,-115.95,3,3,4,6,120,5,30,120
ABRAND00415,311,53.4,-115.94,3,1,4,6,120,5,30,120
ABRAND00416,361,53.75,-115.94,3,1,4,6,120,5,30,120
ABRAND00417,351,53.88,-115.94,3,1,4,6,120,5,30,120
ABRAND00418,351,52.81,-115.94,3,1,4,6,120,5,30,120
ABRAND00419,311,52.96,-115.92,3,1,4,6,120,5,30,120
ABRAND00420,601,52.87,-115.92,3,1,4,6,120,5,30,120
ABRAND00421,601,53.19,-115.92,3,1,4,6,120,5,30,120
ABRAND00422,351,53.14,-115.92,3,1,4,6,120,5,30,120
ABRAND00423,311,53.21,-115.92,3,1,4,6,120,5,30,120
ABRAND00424,601,53.82,-115.91,3,3,4,6,120,5,30,120
ABRAND00425,322,53.68,-115.91,3,1,4,6,120,5,30,120
ABRAND00426,311,53.07,-115.91,3,1,4,6,120,5,30,120
ABRAND00427,361,53.9,-115.91,3,1,4,6,120,5,30,120
ABRAND00428,311,52.7,-115.91,3,1,4,6,120,5,30,120
ABRAND00429,311,52.98,-115.91,3,1,4,6,120,5,30,120
ABRAND00430,601,53.05,-115.9,3,1,4,6,120,5,30,120
ABRAND00431,311,52.99,-115.9,3,1,4,6,120,5,30,120
ABRAND00432,361,53.8,-115.9,3,1,4,6,120,5,30,120
ABRAND00433,361,53.68,-115.9,3,1,4,6,120,5,30,120
ABRAND00434,311,53.24,-115.9,3,1,4,6,120,5,30,120
ABRAND00435,311,53.02,-115.9,3,1,4,6,120,5,30,120
ABRAND00436,311,53.02,-115.89,3,1,4,6,120,5,30,120
ABRAND00437,361,54.31,-115.89,3,1,4,6,120,5,30,120
ABRAND00438,351,53.31,-115.89,3,1,4,6,120,5,30,120
ABRAND00439,601,54.33,-115.89,3,3,4,6,120,5,30,120
ABRAND00440,601,53.45,-115.89,3,3,4,6,120,5,30,120
ABRAND00441,311,53.21,-115.89,3,1,4,6,120,5,30,120
ABRAND00442,361,53.86,-115.88,3,1,4,6,120,5,30,120
ABRAND00443,311,52.9,-115.88,3,1,4,6,120,5,30,120
ABRAND00444,361,53.86,-115.88,3,1,4,6,120,5,30,120
ABRAND00445,601,53.96,-115.87,3,3,4,6,120,5,30,120
ABRAND00446,311,52.97,-115.87,3,1,4,6,120,5,30,120
ABRAND00447,311,53,-115.87,3,1,4,6,120,5,30,120
ABRAND00448,351,53.27,-115.87,3,1,4,6,120,5,30,120
ABRAND00449,361,53.17,-115.87,3,1,4,6,120,5,30,120
ABRAND00450,351,54.04,-115.85,3,1,4,6,120,5,30,120
ABRAND00451,361,52.89,-115.85,3,1,4,6,120,5,30,120
ABRAND00452,351,53.79,-115.85,3,1,4,6,120,5,30,120
ABRAND00453,361,54.15,-115.84,3,1,4,6,120,5,30,120
ABRAND00454,601,53.05,-115.84,3,1,4,6,120,5,30,120
ABRAND00455,601,54.35,-115.84,3,3,4,6,120,5,30,120
ABRAND00456,311,53.34,-115.84,3,1,4,6,120,5,30,120
ABRAND00457,311,54.04,-115.84,3,1,4,6,120,5,30,120
ABRAND00458,311,53.34,-115.84,3,1,4,6,120,5,30,120
ABRAND00459,361,53.03,-115.84,3,1,4,6,120,5,30,120
ABRAND00460,311,53.36,-115.84,3,1,4,6,120,5,30,120
ABRAND00461,601,53.8,-115.84,3,3,4,6,120,5,30,120
ABRAND00462,322,53.67,-115.84,3,1,4,6,120,5,30,120
ABRAND00463,601,53.61,-115.83,3,3,4,6,120,5,30,120
ABRAND00464,311,52.96,-115.83,3,1,4,6,120,5,30,120
ABRAND00465,361,53.67,-115.83,3,1,4,6,120,5,30,120
ABRAND00466,601,52.72,-115.82,3,1,4,6,120,5,30,120
ABRAND00467,601,53.5,-115.82,3,3,4,6,120,5,30,120
ABRAND00468,311,53.07,-115.82,3,1,4,6,120,5,30,120
ABRAND00469,351,53.85,-115.81,3,1,4,6,120,5,30,120
ABRAND00470,311,53.17,-115.81,3,1,4,6,120,5,30,120
ABRAND00471,621,53.85,-115.81,3,3,4,6,120,5,30,120
ABRAND00472,351,53.69,-115.81,3,1,4,6,120,5,30,120
ABRAND00473,311,53.2,-115.8,3,1,4,6,120,5,30,120
ABRAND00474,311,53.07,-115.8,3,1,4,6,120,5,30,120
ABRAND00475,322,53.59,-115.79,3,1,4,6,120,5,30,120
ABRAND00476,351,53.02,-115.79,3,1,4,6,120,5,30,120
ABRAND00477,311,53.33,-115.79,3,1,4,6,120,5,30,120
ABRAND00478,601,53,-115.79,3,1,4,6,120,5,30,120
ABRAND00479,351,53.68,-115.78,3,1,4,6,120,5,30,120
ABRAND00480,311,53,-115.78,3,1,4,6,120,5,30,120
ABRAND00481,601,52.74,-115.77,3,1,4,6,120,5,30,120
ABRAND00482,351,53.76,-115.77,3,1,4,6,120,5,30,120
ABRAND00483,351,53.87,-115.77,3,1,4,6,120,5,30,120
ABRAND00484,361,53.1,-115.76,3,1,4,6,120,5,30,120
ABRAND00485,621,53.76,-115.76,3,3,4,6,120,5,30,120
ABRAND00486,351,53.15,-115.76,3,1,4,6,120,5,30,120
ABRAND00487,362,53.65,-115.76,3,1,4,6,120,5,30,120
ABRAND00488,311,53.09,-115.75,3,1,4,6,120,5,30,120
ABRAND00489,311,52.72,-115.75,3,1,4,6,120,5,30,120
ABRAND00490,361,53.04,-115.74,3,1,4,6,120,5,30,120
ABRAND00491,311,52.89,-115.74,3,1,4,6,120,5,30,120
ABRAND00492,311,53.16,-115.74,3,1,4,6,120,5,30,120
ABRAND00493,601,52.48,-115.74,3,3,4,6,120,5,30,120
ABRAND00494,351,52.89,-115.73,3,1,4,6,120,5,30,120
ABRAND00495,311,53.44,-115.73,3,1,4,6,120,5,30,120
ABRAND00496,601,52.78,-115.73,3,1,4,6,120,5,30,120
ABRAND00497,601,53.86,-115.72,3,3,4,6,120,5,30,120
ABRAND00498,601,53.05,-115.72,3,1,4,6,120,5,30,120
ABRAND00499,351,53.11,-115.72,3,1,4,6,120,5,30,120
ABRAND00500,351,53.78,-115.72,3,1,4,6,120,5,30,120
ABRAND00501,601,52.85,-115.72,3,1,4,6,120,5,30,120
ABRAND00502,311,53.1,-115.71,3,1,4,6,120,5,30,120
ABRAND00503,311,53.97,-115.71,3,1,4,6,120,5,30,120
ABRAND00504,311,53.28,-115.7,3,1,4,6,120,5,30,120
ABRAND00505,351,52.79,-115.7,3,1,4,6,120,5,30,120
ABRAND00506,361,53.61,-115.7,3,1,4,6,120,5,30,120
ABRAND00507,311,53.23,-115.7,3,1,4,6,120,5,30,120
ABRAND00508,601,52.83,-115.7,3,3,4,6,120,5,30,120
ABRAND00509,601,53.73,-115.69,3,3,4,6,120,5,30,120
ABRAND00510,601,53.87,-115.69,3,3,4,6,120,5,30,120
ABRAND00511,601,53.13,-115.69,3,3,4,6,120,5,30,120
ABRAND00512,501,52.98,-115.67,3,1,4,6,120,5,30,120
ABRAND00513,311,53.44,-115.67,3,1,4,6,120,5,30,120
ABRAND00514,601,54.13,-115.65,3,3,4,6,120,5,30,120
ABRAND00515,361,52.48,-115.65,3,1,4,6,120,5,30,120
ABRAND00516,401,53.65,-115.64,3,3,4,6,120,5,30,120
ABRAND00517,351,54.11,-115.64,3,1,4,6,120,5,30,120
ABRAND00518,351,54.07,-115.64,3,1,4,6,120,5,30,120
ABRAND00519,361,52.59,-115.64,3,1,4,6,120,5,30,120
ABRAND00520,351,53.86,-115.64,3,1,4,6,120,5,30,120
ABRAND00521,601,54.1,-115.64,3,3,4,6,120,5,30,120
ABRAND00522,311,53.02,-115.63,3,1,4,6,120,5,30,120
ABRAND00523,601,52.84,-115.63,3,1,4,6,120,5,30,120
ABRAND00524,322,53.74,-115.63,3,1,4,6,120,5,30,120
ABRAND00525,351,53.94,-115.62,3,1,4,6,120,5,30,120
ABRAND00526,361,52.9,-115.62,3,1,4,6,120,5,30,120
ABRAND00527,503,54.18,-115.62,3,1,4,6,120,5,30,120
ABRAND00528,351,52.5,-115.62,3,1,4,6,120,5,30,120
ABRAND00529,311,52.94,-115.61,3,1,4,6,120,5,30,120
ABRAND00530,311,52.83,-115.61,3,1,4,6,120,5,30,120
ABRAND00531,601,53.03,-115.6,3,3,4,6,120,5,30,120
ABRAND00532,621,54.12,-115.6,3,1,4,6,120,5,30,120
ABRAND00533,361,52.85,-115.6,3,1,4,6,120,5,30,120
ABRAND00534,361,53.75,-115.6,3,1,4,6,120,5,30,120
ABRAND00535,351,53.06,-115.6,3,1,4,6,120,5,30,120
ABRAND00536,351,53.7,-115.6,3,1,4,6,120,5,30,120
ABRAND00537,601,52.68,-115.6,3,1,4,6,120,5,30,120
ABRAND00538,351,53.79,-115.6,3,1,4,6,120,5,30,120
ABRAND00539,311,52.88,-115.59,3,1,4,6,120,5,30,120
ABRAND00540,601,53.74,-115.59,3,3,4,6,120,5,30,120
ABRAND00541,601,52.83,-115.59,3,3,4,6,120,5,30,120
ABRAND00542,311,53.14,-115.59,3,1,4,6,120,5,30,120
ABRAND00543,322,52.98,-115.59,3,1,4,6,120,5,30,120
ABRAND00544,601,53.84,-115.57,3,3,4,6,120,5,30,120
ABRAND00545,362,52.72,-115.57,3,1,4,6,120,5,30,120
ABRAND00546,621,53.2,-115.57,3,3,4,6,120,5,30,120
ABRAND00547,601,52.97,-115.56,3,1,4,6,120,5,30,120
ABRAND00548,601,52.68,-115.55,3,3,4,6,120,5,30,120
ABRAND00549,311,53.34,-115.54,3,1,4,6,120,5,30,120
ABRAND00550,322,54.11,-115.54,3,1,4,6,120,5,30,120
ABRAND00551,601,52.78,-115.54,3,1,4,6,120,5,30,120
ABRAND00552,601,52.69,-115.54,3,1,4,6,120,5,30,120
ABRAND00553,601,53.54,-115.54,3,3,4,6,120,5,30,120
ABRAND00554,601,52.85,-115.53,3,1,4,6,120,5,30,120
ABRAND00555,601,53.33,-115.53,3,3,4,6,120,5,30,120
ABRAND00556,601,53.17,-115.53,3,1,4,6,120,5,30,120
ABRAND00557,351,53.82,-115.53,3,1,4,6,120,5,30,120
ABRAND00558,311,53.34,-115.52,3,1,4,6,120,5,30,120
ABRAND00559,311,54.1,-115.52,3,1,4,6,120,5,30,120
ABRAND00560,351,53.21,-115.51,3,1,4,6,120,5,30,120
ABRAND00561,351,53.12,-115.51,3,1,4,6,120,5,30,120
ABRAND00562,311,53.18,-115.5,3,1,4,6,120,5,30,120
ABRAND00563,311,53,-115.5,3,1,4,6,120,5,30,120
ABRAND00564,311,53.03,-115.49,3,1,4,6,120,5,30,120
ABRAND00565,401,53.19,-115.49,3,3,4,6,120,5,30,120
ABRAND00566,311,53.16,-115.48,3,1,4,6,120,5,30,120
ABRAND00567,311,52.72,-115.48,3,1,4,6,120,5,30,120
ABRAND00568,601,52.86,-115.48,3,1,4,6,120,5,30,120
ABRAND00569,601,52.79,-115.47,3,1,4,6,120,5,30,120
ABRAND00570,362,53.84,-115.47,3,1,4,6,120,5,30,120
ABRAND00571,311,52.85,-115.45,3,1,4,6,120,5,30,120
ABRAND00572,601,53.21,-115.44,3,3,4,6,120,5,30,120
ABRAND00573,601,52.55,-115.44,3,3,4,6,120,5,30,120
ABRAND00574,351,52.87,-115.44,3,1,4,6,120,5,30,120
ABRAND00575,311,53.07,-115.43,3,1,4,6,120,5,30,120
ABRAND00576,351,53.74,-115.43,3,1,4,6,120,5,30,120
ABRAND00577,601,53.02,-115.43,3,3,4,6,120,5,30,120
ABRAND00578,311,53.12,-115.42,3,1,4,6,120,5,30,120
ABRAND00579,361,53.07,-115.42,3,1,4,6,120,5,30,120
ABRAND00580,311,53.2,-115.42,3,1,4,6,120,5,30,120
ABRAND00581,601,52.56,-115.41,3,3,4,6,120,5,30,120
ABRAND00582,601,53.3,-115.4,3,3,4,6,120,5,30,120
ABRAND00583,601,52.68,-115.4,3,3,4,6,120,5,30,120
ABRAND00584,351,53.36,-115.4,3,1,4,6,120,5,30,120
ABRAND00585,311,53.13,-115.4,3,1,4,6,120,5,30,120
ABRAND00586,351,53.17,-115.39,3,1,4,6,120,5,30,120
ABRAND00587,621,52.83,-115.39,3,3,4,6,120,5,30,120
ABRAND00588,311,52.85,-115.38,3,1,4,6,120,5,30,120
ABRAND00589,361,53.01,-115.38,3,1,4,6,120,5,30,120
ABRAND00590,621,52.87,-115.38,3,1,4,6,120,5,30,120
ABRAND00591,601,52.76,-115.38,3,3,4,6,120,5,30,120
ABRAND00592,362,52.83,-115.37,3,1,4,6,120,5,30,120
ABRAND00593,311,53.04,-115.36,3,1,4,6,120,5,30,120
ABRAND00594,601,52.95,-115.36,3,3,4,6,120,5,30,120
ABRAND00595,361,52.4,-115.36,3,1,4,6,120,5,30,120
ABRAND00596,311,53.1,-115.34,3,1,4,6,120,5,30,120
ABRAND00597,601,53.29,-115.34,3,1,4,6,120,5,30,120
ABRAND00598,601,52.8,-115.33,3,3,4,6,120,5,30,120
ABRAND00599,311,52.84,-115.33,3,1,4,6,120,5,30,120
ABRAND00600,361,53.09,-115.33,3,1,4,6,120,5,30,120
ABRAND00601,351,53.36,-115.32,3,1,4,6,120,5,30,120
ABRAND00602,361,52.76,-115.32,3,1,4,6,120,5,30,120
ABRAND00603,311,53.19,-115.32,3,1,4,6,120,5,30,120
ABRAND00604,311,53.32,-115.31,3,1,4,6,120,5,30,120
ABRAND00605,601,52.32,-115.31,3,3,4,6,120,5,30,120
ABRAND00606,311,53.3,-115.3,3,1,4,6,120,5,30,120
ABRAND00607,351,52.61,-115.3,3,1,4,6,120,5,30,120
ABRAND00608,361,52.49,-115.3,3,1,4,6,120,5,30,120
ABRAND00609,311,53.21,-115.29,3,1,4,6,120,5,30,120
ABRAND00610,361,52.43,-115.29,3,1,4,6,120,5,30,120
ABRAND00611,361,53.06,-115.28,3,1,4,6,120,5,30,120
ABRAND00612,621,53.35,-115.28,3,1,4,6,120,5,30,120
ABRAND00613,621,53.2,-115.28,3,1,4,6,120,5,30,120
ABRAND00614,621,52.97,-115.27,3,3,4,6,120,5,30,120
ABRAND00615,601,52.91,-115.27,3,3,4,6,120,5,30,120
ABRAND00616,361,52.97,-115.27,3,1,4,6,120,5,30,120
ABRAND00617,601,52.53,-115.27,3,1,4,6,120,5,30,120
ABRAND00618,361,53.09,-115.27,3,1,4,6,120,5,30,120
ABRAND00619,361,52.9,-115.27,3,1,4,6,120,5,30,120
ABRAND00620,351,52.82,-115.27,3,1,4,6,120,5,30,120
ABRAND00621,322,52.9,-115.26,3,1,4,6,120,5,30,120
ABRAND00622,361,52.68,-115.26,3,1,4,6,120,5,30,120
ABRAND00623,311,53.12,-115.26,3,1,4,6,120,5,30,120
ABRAND00624,601,53.01,-115.25,3,3,4,6,120,5,30,120
ABRAND00625,311,52.75,-115.24,3,1,4,6,120,5,30,120
ABRAND00626,361,53.28,-115.24,3,1,4,6,120,5,30,120
ABRAND00627,311,52.75,-115.23,3,1,4,6,120,5,30,120
ABRAND00628,311,53.22,-115.22,3,1,4,6,120,5,30,120
ABRAND00629,621,52.99,-115.22,3,3,4,6,120,5,30,120
ABRAND00630,601,52.83,-115.21,3,3,4,6,120,5,30,120
ABRAND00631,621,53.18,-115.21,3,1,4,6,120,5,30,120
ABRAND00632,311,53,-115.21,3,1,4,6,120,5,30,120
ABRAND00633,621,52.95,-115.2,3,1,4,6,120,5,30,120
ABRAND00634,621,53.33,-115.2,3,3,4,6,120,5,30,120
ABRAND00635,311,52.98,-115.2,3,1,4,6,120,5,30,120
ABRAND00636,351,52.53,-115.2,3,1,4,6,120,5,30,120
ABRAND00637,361,53.03,-115.19,3,1,4,6,120,5,30,120
ABRAND00638,402,52.89,-115.19,3,1,4,6,120,5,30,120
ABRAND00639,601,53.26,-115.18,3,3,4,6,120,5,30,120
ABRAND00640,311,53.04,-115.18,3,1,4,6,120,5,30,120
ABRAND00641,361,52.42,-115.18,3,1,4,6,120,5,30,120
ABRAND00642,601,52.45,-115.18,3,1,4,6,120,5,30,120
ABRAND00643,504,52.88,-115.17,3,1,4,6,120,5,30,120
ABRAND00644,361,52.97,-115.17,3,1,4,6,120,5,30,120
ABRAND00645,361,53.02,-115.17,3,1,4,6,120,5,30,120
ABRAND00646,311,52.82,-115.16,3,1,4,6,120,5,30,120
ABRAND00647,361,53.14,-115.16,3,1,4,6,120,5,30,120
ABRAND00648,361,52.74,-115.16,3,1,4,6,120,5,30,120
ABRAND00649,351,52.94,-115.16,3,1,4,6,120,5,30,120
ABRAND00650,621,52.98,-115.15,3,3,4,6,120,5,30,120
ABRAND00651,311,52.78,-115.15,3,1,4,6,120,5,30,120
ABRAND00652,361,52.37,-115.15,3,1,4,6,120,5,30,120
ABRAND00653,351,52.89,-115.15,3,1,4,6,120,5,30,120
ABRAND00654,601,52.44,-115.14,3,3,4,6,120,5,30,120
ABRAND00655,321,52.96,-115.14,3,1,4,6,120,5,30,120
ABRAND00656,601,53.43,-115.14,3,3,4,6,120,5,30,120
ABRAND00657,361,52.87,-115.14,3,1,4,6,120,5,30,120
ABRAND00658,361,52.81,-115.14,3,1,4,6,120,5,30,120
ABRAND00659,311,52.87,-115.13,3,1,4,6,120,5,30,120
ABRAND00660,361,52.87,-115.13,3,1,4,6,120,5,30,120
ABRAND00661,351,52.92,-115.13,3,1,4,6,120,5,30,120
ABRAND00662,361,53.13,-115.13,3,1,4,6,120,5,30,120
ABRAND00663,321,52.4,-115.13,3,1,4,6,120,5,30,120
ABRAND00664,621,52.66,-115.12,3,1,4,6,120,5,30,120
ABRAND00665,322,52.99,-115.11,3,1,4,6,120,5,30,120
ABRAND00666,361,52.88,-115.11,3,1,4,6,120,5,30,120
ABRAND00667,311,52.85,-115.1,3,1,4,6,120,5,30,120
ABRAND00668,361,52.95,-115.1,3,1,4,6,120,5,30,120
ABRAND00669,361,53.17,-115.1,3,1,4,6,120,5,30,120
ABRAND00670,351,52.7,-115.09,3,1,4,6,120,5,30,120
ABRAND00671,311,52.95,-115.09,3,1,4,6,120,5,30,120
ABRAND00672,361,53.23,-115.08,3,1,4,6,120,5,30,120
ABRAND00673,361,53.01,-115.08,3,1,4,6,120,5,30,120
ABRAND00674,361,52.92,-115.08,3,1,4,6,120,5,30,120
ABRAND00675,351,52.96,-115.08,3,1,4,6,120,5,30,120
ABRAND00676,361,52.93,-115.07,3,1,4,6,120,5,30,120
ABRAND00677,351,52.67,-115.06,3,1,4,6,120,5,30,120
ABRAND00678,351,52.93,-115.06,3,1,4,6,120,5,30,120
ABRAND00679,351,52.91,-115.06,3,1,4,6,120,5,30,120
ABRAND00680,621,52.66,-115.06,3,3,4,6,120,5,30,120
ABRAND00681,351,52.79,-115.06,3,1,4,6,120,5,30,120
ABRAND00682,361,52.92,-115.05,3,1,4,6,120,5,30,120
ABRAND00683,401,52.94,-115.05,3,3,4,6,120,5,30,120
ABRAND00684,321,53.02,-115.05,3,1,4,6,120,5,30,120
ABRAND00685,351,53.14,-115.05,3,1,4,6,120,5,30,120
ABRAND00686,361,53.07,-115.04,3,1,4,6,120,5,30,120
ABRAND00687,361,52.91,-115.04,3,1,4,6,120,5,30,120
ABRAND00688,361,53.15,-115.03,3,1,4,6,120,5,30,120
ABRAND00689,361,52.83,-115.03,3,1,4,6,120,5,30,120
ABRAND00690,621,52.55,-115.03,3,1,4,6,120,5,30,120
ABRAND00691,601,53.03,-115.02,3,3,4,6,120,5,30,120
ABRAND00692,621,53.09,-115.02,3,3,4,6,120,5,30,120
ABRAND00693,361,52.97,-115.01,3,1,4,6,120,5,30,120
ABRAND00694,601,52.1,-115,3,3,4,6,120,5,30,120
ABRAND00695,361,52.67,-115,3,1,4,6,120,5,30,120
ABRAND00696,351,52.58,-115,3,1,4,6,120,5,30,120
ABRAND00697,311,53.38,-115,3,1,4,6,120,5,30,120
ABRAND00698,351,52.87,-114.99,3,1,4,6,120,5,30,120
ABRAND00699,351,52.9,-114.98,3,1,4,6,120,5,30,120
ABRAND00700,361,52.87,-114.98,3,1,4,6,120,5,30,120
ABRAND00701,601,52.99,-114.98,3,3,4,6,120,5,30,120
ABRAND00702,361,52.92,-114.95,3,1,4,6,120,5,30,120
ABRAND00703,361,52.83,-114.95,3,1,4,6,120,5,30,120
ABRAND00704,601,52.81,-114.95,3,3,4,6,120,5,30,120
ABRAND00705,601,52.14,-114.95,3,3,4,6,120,5,30,120
ABRAND00706,311,52.3,-114.95,3,1,4,6,120,5,30,120
ABRAND00707,351,53.02,-114.94,3,1,4,6,120,5,30,120
ABRAND00708,601,52.68,-114.94,3,3,4,6,120,5,30,120
ABRAND00709,351,52.72,-114.93,3,1,4,6,120,5,30,120
ABRAND00710,621,52.05,-114.91,3,3,4,6,120,5,30,120
ABRAND00711,601,52.96,-114.9,3,1,4,6,120,5,30,120
ABRAND00712,601,52.95,-114.9,3,3,4,6,120,5,30,120
ABRAND00713,351,52.12,-114.9,3,1,4,6,120,5,30,120
ABRAND00714,601,52.98,-114.89,3,1,4,6,120,5,30,120
ABRAND00715,351,52.8,-114.88,3,1,4,6,120,5,30,120
ABRAND00716,401,52.13,-114.88,3,3,4,6,120,5,30,120
ABRAND00717,361,52.85,-114.87,3,1,4,6,120,5,30,120
ABRAND00718,351,52.94,-114.87,3,1,4,6,120,5,30,120
ABRAND00719,621,52.52,-114.86,3,3,4,6,120,5,30,120
ABRAND00720,351,52.1,-114.84,3,1,4,6,120,5,30,120
ABRAND00721,311,52.33,-114.83,3,1,4,6,120,5,30,120
ABRAND00722,311,52.91,-114.83,3,1,4,6,120,5,30,120
ABRAND00723,311,53.01,-114.83,3,1,4,6,120,5,30,120
ABRAND00724,601,52.95,-114.83,3,3,4,6,120,5,30,120
ABRAND00725,351,52.14,-114.82,3,1,4,6,120,5,30,120
ABRAND00726,311,52.01,-114.81,3,1,4,6,120,5,30,120
ABRAND00727,601,52.24,-114.81,3,1,4,6,120,5,30,120
ABRAND00728,351,53.31,-114.81,3,1,4,6,120,5,30,120
ABRAND00729,351,52.94,-114.81,3,1,4,6,120,5,30,120
ABRAND00730,601,52.22,-114.8,3,1,4,6,120,5,30,120
ABRAND00731,361,53.13,-114.79,3,1,4,6,120,5,30,120
ABRAND00732,311,52.95,-114.78,3,1,4,6,120,5,30,120
ABRAND00733,351,52.15,-114.77,3,1,4,6,120,5,30,120
ABRAND00734,311,53.14,-114.77,3,1,4,6,120,5,30,120
ABRAND00735,361,53.18,-114.76,3,1,4,6,120,5,30,120
ABRAND00736,351,53.13,-114.76,3,1,4,6,120,5,30,120
ABRAND00737,601,52.6,-114.76,3,3,4,6,120,5,30,120
ABRAND00738,322,53.1,-114.76,3,1,4,6,120,5,30,120
ABRAND00739,351,53.09,-114.75,3,1,4,6,120,5,30,120
ABRAND00740,311,52.29,-114.75,3,1,4,6,120,5,30,120
ABRAND00741,351,52.13,-114.74,3,1,4,6,120,5,30,120
ABRAND00742,311,52.23,-114.74,3,1,4,6,120,5,30,120
ABRAND00743,311,52.69,-114.74,3,1,4,6,120,5,30,120
ABRAND00744,351,53.27,-114.73,3,1,4,6,120,5,30,120
ABRAND00745,621,52.35,-114.72,3,3,4,6,120,5,30,120
ABRAND00746,621,52.76,-114.7,3,1,4,6,120,5,30,120
ABRAND00747,311,52.21,-114.69,3,1,4,6,120,5,30,120
ABRAND00748,601,53.03,-114.69,3,1,4,6,120,5,30,120
ABRAND00749,601,53.07,-114.69,3,3,4,6,120,5,30,120
ABRAND00750,361,51.97,-114.69,3,1,4,6,120,5,30,120
ABRAND00751,621,52.28,-114.68,3,3,4,6,120,5,30,120
ABRAND00752,361,52.64,-114.68,3,1,4,6,120,5,30,120
ABRAND00753,601,53.22,-114.67,3,3,4,6,120,5,30,120
ABRAND00754,361,52.46,-114.66,3,1,4,6,120,5,30,120
ABRAND00755,621,52,-114.66,3,1,4,6,120,5,30,120
ABRAND00756,351,53,-114.66,3,1,4,6,120,5,30,120
ABRAND00757,601,52.71,-114.66,3,3,4,6,120,5,30,120
ABRAND00758,351,52.95,-114.66,3,1,4,6,120,5,30,120
ABRAND00759,311,52.56,-114.65,3,1,4,6,120,5,30,120
ABRAND00760,601,51.97,-114.64,3,1,4,6,120,5,30,120
ABRAND00761,361,51.97,-114.64,3,1,4,6,120,5,30,120
ABRAND00762,351,52.19,-114.64,3,1,4,6,120,5,30,120
ABRAND00763,351,53.11,-114.64,3,1,4,6,120,5,30,120
ABRAND00764,621,52.61,-114.64,3,1,4,6,120,5,30,120
ABRAND00765,351,53.06,-114.63,3,1,4,6,120,5,30,120
ABRAND00766,311,53,-114.63,3,1,4,6,120,5,30,120
ABRAND00767,311,52.53,-114.63,3,1,4,6,120,5,30,120
ABRAND00768,311,52.04,-114.62,3,1,4,6,120,5,30,120
ABRAND00769,351,52.53,-114.62,3,1,4,6,120,5,30,120
ABRAND00770,601,52.68,-114.61,3,3,4,6,120,5,30,120
ABRAND00771,311,52.25,-114.6,3,1,4,6,120,5,30,120
ABRAND00772,601,52.24,-114.6,3,3,4,6,120,5,30,120
ABRAND00773,311,51.94,-114.6,3,1,4,6,120,5,30,120
ABRAND00774,311,51.68,-114.6,3,1,4,6,120,5,30,120
ABRAND00775,311,51.97,-114.59,3,1,4,6,120,5,30,120
ABRAND00776,311,52.43,-114.58,3,1,4,6,120,5,30,120
ABRAND00777,311,52.4,-114.57,3,1,4,6,120,5,30,120
ABRAND00778,361,52.16,-114.57,3,1,4,6,120,5,30,120
ABRAND00779,601,52.81,-114.57,3,3,4,6,120,5,30,120
ABRAND00780,621,52.65,-114.56,3,3,4,6,120,5,30,120
ABRAND00781,601,52.53,-114.56,3,1,4,6,120,5,30,120
ABRAND00782,351,51.89,-114.56,3,1,4,6,120,5,30,120
ABRAND00783,351,52.16,-114.56,3,1,4,6,120,5,30,120
ABRAND00784,351,52.58,-114.55,3,1,4,6,120,5,30,120
ABRAND00785,351,52.4,-114.55,3,1,4,6,120,5,30,120
ABRAND00786,311,52.45,-114.55,3,1,4,6,120,5,30,120
ABRAND00787,311,52,-114.54,3,1,4,6,120,5,30,120
ABRAND00788,601,52.56,-114.54,3,3,4,6,120,5,30,120
ABRAND00789,351,52.21,-114.54,3,1,4,6,120,5,30,120
ABRAND00790,501,52.1,-114.53,3,1,4,6,120,5,30,120
ABRAND00791,351,52.62,-114.53,3,1,4,6,120,5,30,120
ABRAND00792,601,52.61,-114.53,3,3,4,6,120,5,30,120
ABRAND00793,621,52.29,-114.52,3,1,4,6,120,5,30,120
ABRAND00794,361,52.64,-114.52,3,1,4,6,120,5,30,120
ABRAND00795,351,52.54,-114.52,3,1,4,6,120,5,30,120
ABRAND00796,361,52.18,-114.51,3,1,4,6,120,5,30,120
ABRAND00797,351,52.21,-114.51,3,1,4,6,120,5,30,120
ABRAND00798,311,52.61,-114.51,3,1,4,6,120,5,30,120
ABRAND00799,361,52.18,-114.51,3,1,4,6,120,5,30,120
ABRAND00800,601,52.06,-114.5,3,3,4,6,120,5,30,120
ABRAND00801,621,52.48,-114.5,3,1,4,6,120,5,30,120
ABRAND00802,361,52.5,-114.5,3,1,4,6,120,5,30,120
ABRAND00803,322,52.34,-114.49,3,1,4,6,120,5,30,120
ABRAND00804,401,52.35,-114.49,3,3,4,6,120,5,30,120
ABRAND00805,361,52.5,-114.49,3,1,4,6,120,5,30,120
ABRAND00806,311,52.36,-114.49,3,1,4,6,120,5,30,120
ABRAND00807,311,52.06,-114.48,3,1,4,6,120,5,30,120
ABRAND00808,311,52.16,-114.48,3,1,4,6,120,5,30,120
ABRAND00809,361,52.33,-114.47,3,1,4,6,120,5,30,120
ABRAND00810,361,52.69,-114.47,3,1,4,6,120,5,30,120
ABRAND00811,311,52,-114.47,3,1,4,6,120,5,30,120
ABRAND00812,351,52.42,-114.47,3,1,4,6,120,5,30,120
ABRAND00813,351,52.56,-114.46,3,1,4,6,120,5,30,120
ABRAND00814,351,52.45,-114.46,3,1,4,6,120,5,30,120
ABRAND00815,351,52.53,-114.46,3,1,4,6,120,5,30,120
ABRAND00816,402,52.36,-114.45,3,1,4,6,120,5,30,120
ABRAND00817,311,53.01,-114.45,3,1,4,6,120,5,30,120
ABRAND00818,361,52.52,-114.45,3,1,4,6,120,5,30,120
ABRAND00819,601,52.52,-114.45,3,1,4,6,120,5,30,120
ABRAND00820,322,52.54,-114.44,3,1,4,6,120,5,30,120
ABRAND00821,361,52.46,-114.44,3,1,4,6,120,5,30,120
ABRAND00822,311,52.48,-114.44,3,1,4,6,120,5,30,120
ABRAND00823,501,52.53,-114.44,3,1,4,6,120,5,30,120
ABRAND00824,361,52.1,-114.44,3,1,4,6,120,5,30,120
ABRAND00825,361,52.32,-114.44,3,1,4,6,120,5,30,120
ABRAND00826,621,52.12,-114.43,3,1,4,6,120,5,30,120
ABRAND00827,601,52.68,-114.43,3,3,4,6,120,5,30,120
ABRAND00828,601,52.4,-114.42,3,1,4,6,120,5,30,120
ABRAND00829,601,52.47,-114.42,3,3,4,6,120,5,30,120
ABRAND00830,601,52.55,-114.42,3,1,4,6,120,5,30,120
ABRAND00831,351,52.21,-114.42,3,1,4,6,120,5,30,120
ABRAND00832,601,52.39,-114.42,3,1,4,6,120,5,30,120
ABRAND00833,361,52.33,-114.42,3,1,4,6,120,5,30,120
ABRAND00834,501,52.43,-114.42,3,1,4,6,120,5,30,120
ABRAND00835,601,52.42,-114.4,3,1,4,6,120,5,30,120
ABRAND00836,322,52.38,-114.4,3,1,4,6,120,5,30,120
ABRAND00837,322,52.25,-114.39,3,1,4,6,120,5,30,120
ABRAND00838,361,52.57,-114.39,3,1,4,6,120,5,30,120
ABRAND00839,361,53.02,-114.39,3,1,4,6,120,5,30,120
ABRAND00840,621,52.73,-114.39,3,3,4,6,120,5,30,120
ABRAND00841,361,52.35,-114.38,3,1,4,6,120,5,30,120
ABRAND00842,501,52.12,-114.38,3,1,4,6,120,5,30,120
ABRAND00843,502,52.37,-114.38,3,1,4,6,120,5,30,120
ABRAND00844,311,52.75,-114.37,3,1,4,6,120,5,30,120
ABRAND00845,331,55.47,-114.37,3,1,4,6,120,5,30,120
ABRAND00846,621,52.26,-114.36,3,1,4,6,120,5,30,120
ABRAND00847,311,52.83,-114.36,3,1,4,6,120,5,30,120
ABRAND00848,311,52.18,-114.36,3,1,4,6,120,5,30,120
ABRAND00849,361,52.37,-114.36,3,1,4,6,120,5,30,120
ABRAND00850,311,52.46,-114.36,3,1,4,6,120,5,30,120
ABRAND00851,601,52.85,-114.36,3,3,4,6,120,5,30,120
ABRAND00852,311,51.98,-114.36,3,1,4,6,120,5,30,120
ABRAND00853,351,52.37,-114.35,3,1,4,6,120,5,30,120
ABRAND00854,351,52.73,-114.35,3,1,4,6,120,5,30,120
ABRAND00855,351,52.62,-114.35,3,1,4,6,120,5,30,120
ABRAND00856,621,52.86,-114.35,3,3,4,6,120,5,30,120
ABRAND00857,311,52.55,-114.34,3,1,4,6,120,5,30,120
ABRAND00858,311,52.86,-114.34,3,1,4,6,120,5,30,120
ABRAND00859,621,52.7,-114.34,3,1,4,6,120,5,30,120
ABRAND00860,601,52.4,-114.34,3,1,4,6,120,5,30,120
ABRAND00861,601,52.46,-114.34,3,1,4,6,120,5,30,120
ABRAND00862,361,52.82,-114.33,3,1,4,6,120,5,30,120
ABRAND00863,601,52.55,-114.33,3,3,4,6,120,5,30,120
ABRAND00864,351,53.07,-114.33,3,1,4,6,120,5,30,120
ABRAND00865,601,52.1,-114.33,3,3,4,6,120,5,30,120
ABRAND00866,322,52.24,-114.33,3,1,4,6,120,5,30,120
ABRAND00867,351,52.52,-114.33,3,1,4,6,120,5,30,120
ABRAND00868,311,52.93,-114.33,3,1,4,6,120,5,30,120
ABRAND00869,311,52.06,-114.33,3,1,4,6,120,5,30,120
ABRAND00870,361,52.34,-114.32,3,1,4,6,120,5,30,120
ABRAND00871,351,52.32,-114.32,3,1,4,6,120,5,30,120
ABRAND00872,621,52.26,-114.32,3,1,4,6,120,5,30,120
ABRAND00873,351,52.81,-114.31,3,1,4,6,120,5,30,120
ABRAND00874,361,52.86,-114.31,3,1,4,6,120,5,30,120
ABRAND00875,322,52.46,-114.31,3,1,4,6,120,5,30,120
ABRAND00876,351,52.52,-114.31,3,1,4,6,120,5,30,120
ABRAND00877,601,52.57,-114.31,3,1,4,6,120,5,30,120
ABRAND00878,361,52.66,-114.31,3,1,4,6,120,5,30,120
ABRAND00879,361,52.95,-114.3,3,1,4,6,120,5,30,120
ABRAND00880,351,52.76,-114.29,3,1,4,6,120,5,30,120
ABRAND00881,351,52.61,-114.29,3,1,4,6,120,5,30,120
ABRAND00882,621,52.56,-114.29,3,1,4,6,120,5,30,120
ABRAND00883,351,52.49,-114.29,3,1,4,6,120,5,30,120
ABRAND00884,351,52.33,-114.28,3,1,4,6,120,5,30,120
ABRAND00885,601,52.62,-114.28,3,1,4,6,120,5,30,120
ABRAND00886,351,52.15,-114.28,3,1,4,6,120,5,30,120
ABRAND00887,601,52.6,-114.28,3,3,4,6,120,5,30,120
ABRAND00888,601,53.06,-114.28,3,1,4,6,120,5,30,120
ABRAND00889,601,52.51,-114.28,3,1,4,6,120,5,30,120
ABRAND00890,351,52.57,-114.28,3,1,4,6,120,5,30,120
ABRAND00891,351,52.65,-114.28,3,1,4,6,120,5,30,120
ABRAND00892,351,52.55,-114.27,3,1,4,6,120,5,30,120
ABRAND00893,361,52.79,-114.27,3,1,4,6,120,5,30,120
ABRAND00894,351,52.89,-114.27,3,1,4,6,120,5,30,120
ABRAND00895,621,52.76,-114.27,3,3,4,6,120,5,30,120
ABRAND00896,311,51.99,-114.27,3,1,4,6,120,5,30,120
ABRAND00897,362,52.67,-114.26,3,1,4,6,120,5,30,120
ABRAND00898,361,52.88,-114.26,3,1,4,6,120,5,30,120
ABRAND00899,351,52.56,-114.26,3,1,4,6,120,5,30,120
ABRAND00900,601,52.48,-114.26,3,1,4,6,120,5,30,120
ABRAND00901,331,55.52,-114.25,3,1,4,6,120,5,30,120
ABRAND00902,501,52.44,-114.25,3,1,4,6,120,5,30,120
ABRAND00903,361,52.51,-114.25,3,1,4,6,120,5,30,120
ABRAND00904,351,52.55,-114.25,3,1,4,6,120,5,30,120
ABRAND00905,621,52.44,-114.24,3,1,4,6,120,5,30,120
ABRAND00906,601,52.85,-114.24,3,3,4,6,120,5,30,120
ABRAND00907,361,52.53,-114.24,3,1,4,6,120,5,30,120
ABRAND00908,351,52.45,-114.24,3,1,4,6,120,5,30,120
ABRAND00909,361,52.38,-114.24,3,1,4,6,120,5,30,120
ABRAND00910,601,52.85,-114.24,3,3,4,6,120,5,30,120
ABRAND00911,601,52.31,-114.24,3,3,4,6,120,5,30,120
ABRAND00912,601,52.41,-114.23,3,1,4,6,120,5,30,120
ABRAND00913,351,52.85,-114.23,3,1,4,6,120,5,30,120
ABRAND00914,601,52.49,-114.23,3,3,4,6,120,5,30,120
ABRAND00915,351,52.64,-114.23,3,1,4,6,120,5,30,120
ABRAND00916,362,52.7,-114.23,3,1,4,6,120,5,30,120
ABRAND00917,601,52.9,-114.23,3,3,4,6,120,5,30,120
ABRAND00918,351,52.78,-114.22,3,1,4,6,120,5,30,120
ABRAND00919,351,52.7,-114.22,3,1,4,6,120,5,30,120
ABRAND00920,351,52.44,-114.22,3,1,4,6,120,5,30,120
ABRAND00921,362,52.82,-114.22,3,1,4,6,120,5,30,120
ABRAND00922,351,52.7,-114.21,3,1,4,6,120,5,30,120
ABRAND00923,351,52.63,-114.21,3,1,4,6,120,5,30,120
ABRAND00924,351,52.68,-114.21,3,1,4,6,120,5,30,120
ABRAND00925,351,52.7,-114.21,3,1,4,6,120,5,30,120
ABRAND00926,361,52.67,-114.2,3,1,4,6,120,5,30,120
ABRAND00927,601,52.42,-114.19,3,1,4,6,120,5,30,120
ABRAND00928,351,52.72,-114.19,3,1,4,6,120,5,30,120
ABRAND00929,601,52.33,-114.19,3,3,4,6,120,5,30,120
ABRAND00930,351,52.81,-114.19,3,1,4,6,120,5,30,120
ABRAND00931,351,52.49,-114.19,3,1,4,6,120,5,30,120
ABRAND00932,351,52.56,-114.19,3,1,4,6,120,5,30,120
ABRAND00933,361,52.96,-114.18,3,1,4,6,120,5,30,120
ABRAND00934,351,52.45,-114.18,3,1,4,6,120,5,30,120
ABRAND00935,351,52.76,-114.18,3,1,4,6,120,5,30,120
ABRAND00936,601,52.42,-114.18,3,3,4,6,120,5,30,120
ABRAND00937,621,52.89,-114.18,3,3,4,6,120,5,30,120
ABRAND00938,351,52.81,-114.18,3,1,4,6,120,5,30,120
ABRAND00939,311,52.59,-114.17,3,1,4,6,120,5,30,120
ABRAND00940,601,52.43,-114.17,3,1,4,6,120,5,30,120
ABRAND00941,361,52.89,-114.17,3,1,4,6,120,5,30,120
ABRAND00942,621,52.87,-114.17,3,1,4,6,120,5,30,120
ABRAND00943,361,52.68,-114.17,3,1,4,6,120,5,30,120
ABRAND00944,361,52.45,-114.16,3,1,4,6,120,5,30,120
ABRAND00945,503,52.67,-114.16,3,1,4,6,120,5,30,120
ABRAND00946,351,52.76,-114.16,3,1,4,6,120,5,30,120
ABRAND00947,322,52.41,-114.15,3,1,4,6,120,5,30,120
ABRAND00948,621,52.19,-114.15,3,3,4,6,120,5,30,120
ABRAND00949,351,52.58,-114.15,3,1,4,6,120,5,30,120
ABRAND00950,351,52.63,-114.14,3,1,4,6,120,5,30,120
ABRAND00951,362,52.7,-114.14,3,1,4,6,120,5,30,120
ABRAND00952,362,52.79,-114.14,3,1,4,6,120,5,30,120
ABRAND00953,351,52.56,-114.14,3,1,4,6,120,5,30,120
ABRAND00954,601,52.14,-114.13,3,1,4,6,120,5,30,120
ABRAND00955,503,52.89,-114.13,3,1,4,6,120,5,30,120
ABRAND00956,362,52.85,-114.12,3,1,4,6,120,5,30,120
ABRAND00957,621,52.9,-114.12,3,1,4,6,120,5,30,120
ABRAND00958,361,52.83,-114.12,3,1,4,6,120,5,30,120
ABRAND00959,362,52.81,-114.12,3,1,4,6,120,5,30,120
ABRAND00960,322,52.22,-114.11,3,1,4,6,120,5,30,120
ABRAND00961,351,52.71,-114.11,3,1,4,6,120,5,30,120
ABRAND00962,361,52.21,-114.11,3,1,4,6,120,5,30,120
ABRAND00963,351,52.76,-114.11,3,1,4,6,120,5,30,120
ABRAND00964,601,52.8,-114.1,3,1,4,6,120,5,30,120
ABRAND00965,362,52.67,-114.1,3,1,4,6,120,5,30,120
ABRAND00966,351,52.33,-114.09,3,1,4,6,120,5,30,120
ABRAND00967,361,52.75,-114.09,3,1,4,6,120,5,30,120
ABRAND00968,611,52.99,-114.09,3,1,4,6,120,5,30,120
ABRAND00969,351,52.6,-114.09,3,1,4,6,120,5,30,120
ABRAND00970,351,52.74,-114.08,3,1,4,6,120,5,30,120
ABRAND00971,503,52.83,-114.08,3,1,4,6,120,5,30,120
ABRAND00972,351,53.04,-114.08,3,1,4,6,120,5,30,120
ABRAND00973,311,52.73,-114.07,3,1,4,6,120,5,30,120
ABRAND00974,503,52.57,-114.06,3,1,4,6,120,5,30,120
ABRAND00975,361,52.68,-114.06,3,1,4,6,120,5,30,120
ABRAND00976,311,56.07,-114.05,3,1,4,6,120,5,30,120
ABRAND00977,362,52.98,-114.05,3,1,4,6,120,5,30,120
ABRAND00978,361,52.74,-114.05,3,1,4,6,120,5,30,120
ABRAND00979,351,52.8,-114.04,3,1,4,6,120,5,30,120
ABRAND00980,351,52.66,-114.04,3,1,4,6,120,5,30,120
ABRAND00981,601,52.69,-114.04,3,1,4,6,120,5,30,120
ABRAND00982,351,52.7,-114.04,3,1,4,6,120,5,30,120
ABRAND00983,322,52.83,-114.04,3,1,4,6,120,5,30,120
ABRAND00984,351,52.71,-114.04,3,1,4,6,120,5,30,120
ABRAND00985,361,52.95,-114.03,3,1,4,6,120,5,30,120
ABRAND00986,362,52.76,-114.02,3,1,4,6,120,5,30,120
ABRAND00987,621,52.77,-114.02,3,1,4,6,120,5,30,120
ABRAND00988,621,52.69,-114.02,3,3,4,6,120,5,30,120
ABRAND00989,351,52.64,-114.02,3,1,4,6,120,5,30,120
ABRAND00990,351,52.97,-114.01,3,1,4,6,120,5,30,120
ABRAND00991,351,52.86,-114,3,1,4,6,120,5,30,120
ABRAND00992,351,52.77,-113.99,3,1,4,6,120,5,30,120
ABRAND00993,621,52.59,-113.99,3,1,4,6,120,5,30,120
ABRAND00994,601,52.92,-113.99,3,1,4,6,120,5,30,120
ABRAND00995,351,52.89,-113.99,3,1,4,6,120,5,30,120
ABRAND00996,361,52.74,-113.98,3,1,4,6,120,5,30,120
ABRAND00997,322,52.91,-113.96,3,1,4,6,120,5,30,120
ABRAND00998,621,52.77,-113.94,3,1,4,6,120,5,30,120
ABRAND00999,601,55.62,-113.94,3,3,4,6,120,5,30,120
ABRAND01000,322,52.84,-113.93,3,1,4,6,120,5,30,120
ABRAND01001,601,52.42,-113.92,3,3,4,6,120,5,30,120
ABRAND01002,351,53.06,-113.92,3,1,4,6,120,5,30,120
ABRAND01003,361,52.9,-113.91,3,1,4,6,120,5,30,120
ABRAND01004,601,52.94,-113.91,3,3,4,6,120,5,30,120
ABRAND01005,351,52.96,-113.91,3,1,4,6,120,5,30,120
ABRAND01006,601,50.19,-113.9,3,3,4,6,120,5,30,120
ABRAND01007,361,53.01,-113.88,3,1,4,6,120,5,30,120
ABRAND01008,361,52.77,-113.88,3,1,4,6,120,5,30,120
ABRAND01009,351,52.73,-113.86,3,1,4,6,120,5,30,120
ABRAND01010,601,53.28,-113.86,3,1,4,6,120,5,30,120
ABRAND01011,601,55.66,-113.86,3,3,4,6,120,5,30,120
ABRAND01012,331,55.51,-113.85,3,1,4,6,120,5,30,120
ABRAND01013,601,52.96,-113.85,3,1,4,6,120,5,30,120
ABRAND01014,601,52.88,-113.8,3,3,4,6,120,5,30,120
ABRAND01015,342,55.51,-113.8,3,1,4,6,120,5,30,120
ABRAND01016,601,53.74,-113.8,3,3,4,6,120,5,30,120
ABRAND01017,601,53.7,-113.77,3,3,4,6,120,5,30,120
ABRAND01018,601,50.22,-113.66,3,3,4,6,120,5,30,120
ABRAND01019,601,50.42,-113.61,3,3,4,6,120,5,30,120
ABRAND01020,601,50.2,-113.55,3,3,4,6,120,5,30,120
ABRAND01021,601,51.01,-113.52,3,1,4,6,120,5,30,120
ABRAND01022,601,53.76,-113.51,3,3,4,6,120,5,30,120
ABRAND01023,601,55.4,-113.5,3,3,4,6,120,5,30,120
ABRAND01024,601,56.19,-113.48,3,1,4,6,120,5,30,120
ABRAND01025,601,55.63,-113.44,3,3,4,6,120,5,30,120
ABRAND01026,601,50.76,-113.43,3,3,4,6,120,5,30,120
ABRAND01027,601,56.22,-113.41,3,1,4,6,120,5,30,120
ABRAND01028,601,56.12,-113.37,3,1,4,6,120,5,30,120
ABRAND01029,601,52.02,-113.37,3,3,4,6,120,5,30,120
ABRAND01030,601,50.11,-113.36,3,3,4,6,120,5,30,120
ABRAND01031,601,50.43,-113.26,3,1,4,6,120,5,30,120
ABRAND01032,601,51.68,-113.26,3,3,4,6,120,5,30,120
ABRAND01033,621,56.26,-113.24,3,1,4,6,120,5,30,120
ABRAND01034,601,51.38,-113.24,3,3,4,6,120,5,30,120
ABRAND01035,601,56.1,-113.23,3,1,4,6,120,5,30,120
ABRAND01036,601,50.34,-113.23,3,3,4,6,120,5,30,120
ABRAND01037,601,56.42,-113.19,3,1,4,6,120,5,30,120
ABRAND01038,601,53.72,-113.16,3,3,4,6,120,5,30,120
ABRAND01039,601,53.87,-113.14,3,3,4,6,120,5,30,120
ABRAND01040,601,51.61,-113.12,3,3,4,6,120,5,30,120
ABRAND01041,601,56.11,-113.12,3,1,4,6,120,5,30,120
ABRAND01042,601,51.66,-113.08,3,3,4,6,120,5,30,120
ABRAND01043,601,51.67,-113.06,3,3,4,6,120,5,30,120
ABRAND01044,601,51.92,-113.05,3,3,4,6,120,5,30,120
ABRAND01045,601,56.05,-113.03,3,1,4,6,120,5,30,120
ABRAND01046,601,56.22,-113,3,1,4,6,120,5,30,120
ABRAND01047,601,51.48,-112.99,3,3,4,6,120,5,30,120
ABRAND01048,601,51.84,-112.95,3,3,4,6,120,5,30,120
ABRAND01049,601,51.41,-112.94,3,3,4,6,120,5,30,120
ABRAND01050,601,56.17,-112.93,3,1,4,6,120,5,30,120
ABRAND01051,601,51.58,-112.92,3,3,4,6,120,5,30,120
ABRAND01052,601,56.17,-112.92,3,1,4,6,120,5,30,120
ABRAND01053,601,51.72,-112.9,3,3,4,6,120,5,30,120
ABRAND01054,601,51.68,-112.88,3,3,4,6,120,5,30,120
ABRAND01055,601,51.75,-112.86,3,3,4,6,120,5,30,120
ABRAND01056,601,54.6,-112.86,3,3,4,6,120,5,30,120
ABRAND01057,601,56.23,-112.85,3,1,4,6,120,5,30,120
ABRAND01058,601,56.27,-112.85,3,1,4,6,120,5,30,120
ABRAND01059,601,51.81,-112.8,3,1,4,6,120,5,30,120
ABRAND01060,601,56.07,-112.78,3,1,4,6,120,5,30,120
ABRAND01061,601,50.17,-112.78,3,1,4,6,120,5,30,120
ABRAND01062,601,50.46,-112.78,3,1,4,6,120,5,30,120
ABRAND01063,601,50.3,-112.77,3,1,4,6,120,5,30,120
ABRAND01064,601,56.1,-112.75,3,1,4,6,120,5,30,120
ABRAND01065,601,51.69,-112.69,3,3,4,6,120,5,30,120
ABRAND01066,601,51.74,-112.68,3,3,4,6,120,5,30,120
ABRAND01067,601,50.17,-112.68,3,3,4,6,120,5,30,120
ABRAND01068,601,51.66,-112.62,3,3,4,6,120,5,30,120
ABRAND01069,601,50.42,-112.61,3,1,4,6,120,5,30,120
ABRAND01070,601,54.43,-112.55,3,3,4,6,120,5,30,120
ABRAND01071,601,56.15,-112.46,3,1,4,6,120,5,30,120
ABRAND01072,601,54.17,-112.4,3,3,4,6,120,5,30,120
ABRAND01073,601,50.15,-112.32,3,3,4,6,120,5,30,120
ABRAND01074,601,50.13,-112.29,3,3,4,6,120,5,30,120
ABRAND01075,601,51.05,-112.29,3,3,4,6,120,5,30,120
ABRAND01076,601,52.95,-112.2,3,3,4,6,120,5,30,120
ABRAND01077,601,52.15,-112.13,3,3,4,6,120,5,30,120
ABRAND01078,601,50.2,-112.1,3,3,4,6,120,5,30,120
ABRAND01079,601,51.07,-112.03,3,3,4,6,120,5,30,120
ABRAND01080,601,53.06,-112.03,3,3,4,6,120,5,30,120
ABRAND01081,601,51.11,-111.93,3,3,4,6,120,5,30,120
ABRAND01082,601,52.86,-111.77,3,3,4,6,120,5,30,120
ABRAND01083,601,52.87,-111.75,3,3,4,6,120,5,30,120
ABRAND01084,601,51.02,-111.72,3,3,4,6,120,5,30,120
ABRAND01085,601,52.86,-111.68,3,1,4,6,120,5,30,120
ABRAND01086,601,51.03,-111.55,3,3,4,6,120,5,30,120
ABRAND01087,601,51.04,-111.52,3,3,4,6,120,5,30,120
ABRAND01088,601,50.97,-111.51,3,3,4,6,120,5,30,120
ABRAND01089,601,51.04,-111.48,3,3,4,6,120,5,30,120
ABRAND01090,601,51.2,-111.47,3,3,4,6,120,5,30,120
ABRAND01091,601,50.8,-111.46,3,3,4,6,120,5,30,120
ABRAND01092,601,55.24,-111.44,3,3,4,6,120,5,30,120
ABRAND01093,601,55.92,-111.38,3,3,4,6,120,5,30,120
ABRAND01094,601,49.68,-111.37,3,3,4,6,120,5,30,120
ABRAND01095,601,51.31,-111.35,3,3,4,6,120,5,30,120
ABRAND01096,601,49.12,-111.35,3,3,4,6,120,5,30,120
ABRAND01097,601,55.73,-111.34,3,3,4,6,120,5,30,120
ABRAND01098,601,50.15,-111.33,3,3,4,6,120,5,30,120
ABRAND01099,601,50.23,-111.31,3,3,4,6,120,5,30,120
ABRAND01100,601,50.16,-111.3,3,3,4,6,120,5,30,120
ABRAND01101,601,50.36,-111.26,3,3,4,6,120,5,30,120
ABRAND01102,601,50.5,-111.25,3,3,4,6,120,5,30,120
ABRAND01103,601,50.43,-111.23,3,3,4,6,120,5,30,120
ABRAND01104,601,55.79,-111.22,3,3,4,6,120,5,30,120
ABRAND01105,601,50.74,-111.21,3,3,4,6,120,5,30,120
ABRAND01106,601,55.03,-111.09,3,3,4,6,120,5,30,120
ABRAND01107,601,49.2,-111.08,3,3,4,6,120,5,30,120
ABRAND01108,601,55.65,-111.05,3,3,4,6,120,5,30,120
ABRAND01109,601,49.39,-110.99,3,3,4,6,120,5,30,120
ABRAND01110,601,55.36,-110.99,3,3,4,6,120,5,30,120
ABRAND01111,601,50.19,-110.98,3,3,4,6,120,5,30,120
ABRAND01112,344,55.76,-110.97,3,1,4,6,120,5,30,120
ABRAND01113,601,50.22,-110.96,3,3,4,6,120,5,30,120
ABRAND01114,506,55.3,-110.95,3,1,4,6,120,5,30,120
ABRAND01115,344,55.82,-110.95,3,1,4,6,120,5,30,120
ABRAND01116,601,50.04,-110.95,3,3,4,6,120,5,30,120
ABRAND01117,601,50.17,-110.93,3,3,4,6,120,5,30,120
ABRAND01118,601,49.06,-110.92,3,3,4,6,120,5,30,120
ABRAND01119,601,55.25,-110.9,3,3,4,6,120,5,30,120
ABRAND01120,506,55.51,-110.88,3,1,4,6,120,5,30,120
ABRAND01121,601,55.13,-110.88,3,3,4,6,120,5,30,120
ABRAND01122,503,55.22,-110.85,3,1,4,6,120,5,30,120
ABRAND01123,601,55.14,-110.82,3,3,4,6,120,5,30,120
ABRAND01124,601,55.34,-110.79,3,3,4,6,120,5,30,120
ABRAND01125,601,50.35,-110.77,3,1,4,6,120,5,30,120
ABRAND01126,344,55.46,-110.77,3,1,4,6,120,5,30,120
ABRAND01127,601,50.75,-110.76,3,3,4,6,120,5,30,120
ABRAND01128,601,50.29,-110.76,3,3,4,6,120,5,30,120
ABRAND01129,331,55.52,-110.76,3,1,4,6,120,5,30,120
ABRAND01130,601,55.06,-110.75,3,3,4,6,120,5,30,120
ABRAND01131,361,55.1,-110.73,3,1,4,6,120,5,30,120
ABRAND01132,601,50.55,-110.71,3,1,4,6,120,5,30,120
ABRAND01133,601,54.71,-110.71,3,3,4,6,120,5,30,120
ABRAND01134,362,54.76,-110.71,3,1,4,6,120,5,30,120
ABRAND01135,601,54.97,-110.7,3,3,4,6,120,5,30,120
ABRAND01136,331,54.9,-110.68,3,1,4,6,120,5,30,120
ABRAND01137,601,55.83,-110.68,3,3,4,6,120,5,30,120
ABRAND01138,601,54.86,-110.67,3,3,4,6,120,5,30,120
ABRAND01139,601,55.1,-110.67,3,3,4,6,120,5,30,120
ABRAND01140,601,50.42,-110.66,3,3,4,6,120,5,30,120
ABRAND01141,601,55.11,-110.65,3,3,4,6,120,5,30,120
ABRAND01142,601,54.83,-110.63,3,3,4,6,120,5,30,120
ABRAND01143,601,55.13,-110.62,3,3,4,6,120,5,30,120
ABRAND01144,506,55.24,-110.6,3,1,4,6,120,5,30,120
ABRAND01145,601,55.15,-110.6,3,3,4,6,120,5,30,120
ABRAND01146,506,54.99,-110.59,3,1,4,6,120,5,30,120
ABRAND01147,503,54.93,-110.57,3,1,4,6,120,5,30,120
ABRAND01148,601,55.08,-110.57,3,3,4,6,120,5,30,120
ABRAND01149,601,54.79,-110.54,3,3,4,6,120,5,30,120
ABRAND01150,601,50.58,-110.53,3,3,4,6,120,5,30,120
ABRAND01151,344,55.09,-110.53,3,1,4,6,120,5,30,120
ABRAND01152,362,54.98,-110.51,3,1,4,6,120,5,30,120
ABRAND01153,601,54.87,-110.51,3,3,4,6,120,5,30,120
ABRAND01154,506,55,-110.5,3,1,4,6,120,5,30,120
ABRAND01155,601,55.28,-110.49,3,3,4,6,120,5,30,120
ABRAND01156,601,55.05,-110.49,3,3,4,6,120,5,30,120
ABRAND01157,601,54.71,-110.48,3,3,4,6,120,5,30,120
ABRAND01158,601,54.96,-110.48,3,3,4,6,120,5,30,120
ABRAND01159,601,55.1,-110.47,3,3,4,6,120,5,30,120
ABRAND01160,601,55.02,-110.45,3,3,4,6,120,5,30,120
ABRAND01161,601,55.39,-110.45,3,3,4,6,120,5,30,120
ABRAND01162,601,50.7,-110.44,3,3,4,6,120,5,30,120
ABRAND01163,601,50.4,-110.44,3,3,4,6,120,5,30,120
ABRAND01164,601,55.19,-110.43,3,3,4,6,120,5,30,120
ABRAND01165,601,54.99,-110.43,3,3,4,6,120,5,30,120
ABRAND01166,601,54.76,-110.4,3,3,4,6,120,5,30,120
ABRAND01167,506,55.26,-110.32,3,1,4,6,120,5,30,120
ABRAND01168,601,49.43,-110.31,3,3,4,6,120,5,30,120
ABRAND01169,601,54.64,-110.27,3,3,4,6,120,5,30,120
