facility_ID,subtype_code,lat,lon,OGI_required_surveys,truck_required_surveys,aircraft_required_surveys,OGI_time,aircraft_time,truck_time,OGI_FU_time,total_emissions_kg,active_leaks,repaired_leaks,currently_flagged,flagged_by,date_flagged,lat_index,lon_index,aircraft_t_since_last_LDAR,aircraft_surveys_conducted,attempted_today_aircraft?,surveys_done_this_year_aircraft,aircraft_missed_leaks,OGI_FU_t_since_last_LDAR,attempted_today_OGI_FU?,OGI_FU_surveys_conducted,OGI_FU_missed_leaks,initial_leaks,cum_frac_sites,cum_frac_emissions
ABRAND00296,322,53.99,-117.1,1,4,2,120,5,30,120,23473.655057088006,8,6,False,aircraft,2013-01-02 17:09:00,12,6,173,10,False,1,34,1265,False,1,0,0,0.0,0.014346882774940907
ABRAND00788,601,52.56,-114.54,1,4,2,120,5,30,120,12640.79618496,6,9,False,aircraft,2013-07-01 17:08:00,15,11,173,10,False,1,24,1085,False,1,0,0,0.002004008016032064,0.02802733341699232
ABRAND00354,311,53.02,-116.13,1,4,2,120,5,30,120,44593.1054560224,1,17,False,aircraft,2016-01-02 17:14:00,14,8,173,10,False,1,20,161,False,3,3,0,0.004008016032064128,0.04146890705022649
ABRAND00395,311,52.9,-116,1,4,2,120,5,30,120,22659.573332390402,2,18,False,aircraft,2015-07-01 23:44:00,14,8,173,10,False,1,29,346,False,3,0,1,0.006012024048096192,0.05470702286539873
ABRAND00763,351,53.11,-114.64,1,4,2,120,5,30,120,34048.6285356288,1,14,False,aircraft,2016-01-02 17:14:00,14,11,173,10,False,1,45,170,False,2,0,1,0.008016032064128256,0.06749962012616695
ABRAND00535,351,53.06,-115.6,1,4,2,120,5,30,120,15101.424699062398,6,5,False,aircraft,2012-01-02 17:11:00,14,9,173,10,False,1,24,1631,False,1,0,0,0.01002004008016032,0.08009874575815538
ABRAND00771,311,52.25,-114.6,1,4,2,120,5,30,120,10431.141721171203,9,5,False,aircraft,2012-06-30 17:10:00,15,11,173,10,False,1,23,1451,False,1,0,0,0.012024048096192385,0.09250255923823585
ABRAND00414,601,53.96,-115.95,1,4,2,120,5,30,120,19585.678864435202,8,0,False,,,12,8,173,10,False,1,54,2000,False,0,0,0,0.014028056112224449,0.10467371013565817
ABRAND00447,311,53,-115.87,1,4,2,120,5,30,120,30479.661157449602,7,10,False,aircraft,2014-01-02 17:01:00,14,8,173,10,False,1,20,896,False,2,0,0,0.01603206412825651,0.11662824351648994
ABRAND00368,311,52.98,-116.08,1,4,2,120,5,30,120,29769.982611292802,4,8,False,aircraft,2013-07-01 17:08:00,14,8,173,10,False,1,21,1085,False,2,0,0,0.018036072144288578,0.12731499195384077
ABRAND00861,601,52.46,-114.34,1,4,2,120,5,30,120,24952.1491836576,0,8,False,aircraft,2016-01-02 17:14:00,15,11,173,10,False,1,25,170,False,1,0,0,0.02004008016032064,0.1369982570249794
ABRAND00823,501,52.53,-114.44,1,4,2,120,5,30,120,24774.983913081596,3,20,False,aircraft,2016-01-02 17:14:00,15,11,173,10,False,1,33,169,False,2,0,0,0.022044088176352707,0.14593050589336384
ABRAND00746,621,52.76,-114.7,1,4,2,120,5,30,120,14565.991875724802,1,11,False,aircraft,2016-01-02 17:14:00,14,11,173,10,False,1,28,170,False,1,0,0,0.02404809619238477,0.15478398942186058
ABRAND00936,601,52.42,-114.18,1,4,2,120,5,30,120,22272.144621091207,7,9,False,aircraft,2014-01-02 17:01:00,15,12,173,10,False,1,33,900,False,1,0,0,0.026052104208416832,0.16359336540271271
ABRAND00838,361,52.57,-114.39,1,4,2,120,5,30,120,18629.4682180224,11,0,False,,,15,11,173,10,False,1,50,2000,False,0,0,0,0.028056112224448898,0.17211152092822277
ABRAND00164,351,54.52,-119.01,1,4,2,120,5,30,120,17969.9205112992,6,9,False,aircraft,2015-07-01 23:44:00,11,2,173,10,False,1,39,355,False,1,2,0,0.03006012024048096,0.18009418107424432
ABRAND00249,601,53.58,-117.9,1,4,2,120,5,30,120,28665.6494156352,6,13,False,aircraft,2015-01-02 17:14:00,13,4,173,10,False,1,32,535,False,2,0,0,0.03206412825651302,0.18784193436224952
ABRAND00037,601,54.95,-119.82,1,4,2,120,5,30,120,125831.45705584319,4,12,False,aircraft,2015-01-02 17:14:00,10,0,173,10,False,1,23,527,False,2,1,0,0.03406813627254509,0.1955331359747821
ABRAND00168,351,54.5,-118.98,1,4,2,120,5,30,120,25388.875476806403,6,5,False,aircraft,2013-07-01 17:08:00,11,2,173,10,False,1,34,1085,False,1,0,0,0.036072144288577156,0.20229582071606175
ABRAND01122,503,55.22,-110.85,1,4,2,120,5,30,120,6614.021979648001,4,0,False,,,10,18,173,10,False,1,20,2000,False,0,0,0,0.03807615230460922,0.20903737994935337
ABRAND00611,361,53.06,-115.28,1,4,2,120,5,30,120,17378.225636256007,2,10,False,aircraft,2015-01-02 17:14:00,14,9,173,10,False,1,33,535,False,1,0,0,0.04008016032064128,0.21521859572779595
ABRAND01087,601,51.04,-111.52,1,4,2,120,5,30,120,26360.831769465603,5,8,False,aircraft,2014-07-01 17:14:00,18,17,173,10,False,1,29,720,False,1,0,0,0.04208416833667335,0.22110696082111148
ABRAND00136,601,55.43,-119.24,1,4,2,120,5,30,120,31020.242509353597,11,0,False,,,9,2,173,10,False,1,69,2000,False,0,0,0,0.04408817635270541,0.22690187830082006
ABRAND00425,322,53.68,-115.91,1,4,2,120,5,30,120,32031.945193564803,3,23,False,aircraft,2014-07-01 17:14:00,13,8,173,10,False,1,8,720,False,3,0,13,0.04609218436873747,0.23195546453375465
ABRAND00694,601,52.1,-115,1,4,2,120,5,30,120,12035.5653252672,8,0,False,,,16,10,173,10,False,1,27,2000,False,0,0,0,0.04809619238476954,0.2367129877125715
ABRAND00187,621,54.65,-118.85,1,4,2,120,5,30,120,17000.921711376,6,5,False,aircraft,2013-01-02 17:09:00,11,2,173,10,False,1,23,1258,False,3,0,0,0.050100200400801605,0.24100345021425224
ABRAND00950,351,52.63,-114.14,1,4,2,120,5,30,120,49410.7584005376,2,13,False,aircraft,2016-01-02 17:14:00,15,12,173,10,False,1,31,160,False,3,1,0,0.052104208416833664,0.24500491584486472
ABRAND01041,601,56.11,-113.12,1,4,2,120,5,30,120,29655.829220486405,0,13,False,aircraft,2015-01-02 17:14:00,8,14,173,10,False,1,45,535,False,1,0,0,0.05410821643286573,0.24861871050821283
ABRAND00819,601,52.52,-114.45,1,4,2,120,5,30,120,16321.045280515202,3,8,False,aircraft,2014-01-02 17:01:00,15,11,173,10,False,1,19,899,False,1,0,0,0.056112224448897796,0.2522037674260954
ABRAND00256,601,53.5,-117.74,1,4,2,120,5,30,120,24175.3946692608,2,20,False,aircraft,2016-01-02 17:14:00,13,5,173,10,False,1,53,170,False,2,0,0,0.05811623246492986,0.25566298150843897
ABRAND00518,351,54.07,-115.64,1,4,2,120,5,30,120,29279.778176476804,10,0,False,,,12,9,173,10,False,1,48,2000,False,0,0,0,0.06012024048096192,0.2590023629137288
ABRAND00965,362,52.67,-114.1,1,4,2,120,5,30,120,25117.3510279488,5,17,False,aircraft,2015-07-01 23:44:00,15,12,173,10,False,1,33,355,False,2,0,0,0.06212424849699399,0.2623162703039424
ABRAND00720,351,52.1,-114.84,1,4,2,120,5,30,120,21258.4294939104,6,7,False,aircraft,2013-07-01 17:08:00,16,10,173,10,False,1,29,1085,False,1,0,0,0.06412825651302605,0.2655279873636442
ABRAND00066,601,54.94,-119.61,1,4,2,120,5,30,120,19413.285468451202,2,8,False,aircraft,2015-01-02 17:14:00,10,1,173,10,False,1,26,535,False,1,0,0,0.06613226452905811,0.2687091231323876
ABRAND00767,311,52.53,-114.63,1,4,2,120,5,30,120,22291.741205366405,6,10,False,aircraft,2014-01-02 17:01:00,15,11,173,10,False,1,48,899,False,1,2,0,0.06813627254509018,0.27188882824558797
ABRAND00955,503,52.89,-114.13,1,4,2,120,5,30,120,24660.100305072,7,14,False,aircraft,2014-07-01 17:14:00,14,12,173,10,False,1,27,720,False,2,0,0,0.07014028056112225,0.2750107616739003
ABRAND00478,601,53,-115.79,1,4,2,120,5,30,120,21946.858317158403,7,5,False,aircraft,2012-01-02 17:11:00,14,8,173,10,False,1,26,1630,False,1,0,1,0.07214428857715431,0.27811193712586507
ABRAND00769,351,52.53,-114.62,1,4,2,120,5,30,120,61284.153293424,2,12,False,aircraft,2015-01-04 17:14:00,15,11,172,10,False,1,23,533,False,2,1,1,0.07414829659318638,0.2811849989710964
ABRAND00879,361,52.95,-114.3,1,4,2,120,5,30,120,27521.3118801024,1,13,False,aircraft,2015-07-03 17:14:00,14,11,172,10,False,1,24,353,False,2,0,3,0.07615230460921844,0.2842208487323765
ABRAND00825,361,52.32,-114.44,1,4,2,120,5,30,120,33111.2482268832,0,13,False,aircraft,2016-01-03 17:14:00,15,11,172,10,False,1,21,169,False,2,0,0,0.0781563126252505,0.2872284714382562
ABRAND00619,361,52.9,-115.27,1,4,2,120,5,30,120,30941.328326659208,10,5,False,aircraft,2012-01-03 23:56:00,14,9,172,10,False,1,40,1630,False,1,0,0,0.08016032064128256,0.2902153178814066
ABRAND00416,361,53.75,-115.94,1,4,2,120,5,30,120,10115.5351818816,5,4,False,aircraft,2013-01-03 17:09:00,12,8,172,10,False,1,24,1264,False,1,0,0,0.08216432865731463,0.2932019575171891
ABRAND00291,361,54.07,-117.25,1,4,2,120,5,30,120,10706.082192576001,4,6,False,aircraft,2012-07-01 17:04:00,12,5,172,10,False,1,23,1450,False,1,0,0,0.0841683366733467,0.29616695049085295
ABRAND00537,601,52.68,-115.6,1,4,2,120,5,30,120,20785.610146032002,1,14,False,aircraft,2016-01-03 17:14:00,15,9,172,10,False,1,58,169,False,1,0,0,0.08617234468937876,0.2991174723300361
ABRAND00092,601,54.74,-119.51,1,4,2,120,5,30,120,13973.356912176001,8,14,False,aircraft,2013-07-02 17:08:00,11,1,172,10,False,1,26,1084,False,2,0,0,0.08817635270541083,0.3019635961335296
ABRAND00903,361,52.51,-114.25,1,4,2,120,5,30,120,33107.1840349056,3,15,False,aircraft,2015-07-02 17:14:00,15,11,172,10,False,1,49,354,False,2,0,1,0.09018036072144289,0.3048088893693243
ABRAND00472,351,53.69,-115.81,1,4,2,120,5,30,120,24346.880579520002,5,13,False,aircraft,2014-01-03 17:01:00,13,8,172,10,False,1,27,897,False,2,0,1,0.09218436873747494,0.3076321058462841
ABRAND01094,601,49.68,-111.37,1,4,2,120,5,30,120,152647.48944578876,4,12,False,aircraft,2015-01-03 17:14:00,21,17,172,10,False,1,15,534,False,3,0,1,0.09418837675350701,0.31043269590001726
ABRAND00887,601,52.6,-114.28,1,4,2,120,5,30,120,16267.9948364736,10,0,False,,,15,11,172,10,False,1,47,2000,False,0,0,0,0.09619238476953908,0.3132289326352482
ABRAND00160,601,54.76,-119.04,1,4,2,120,5,30,120,23162.870363731203,0,10,False,aircraft,2016-01-03 17:14:00,10,2,172,10,False,1,15,162,False,2,0,0,0.09819639278557114,0.3160227878321773
ABRAND00242,401,54.28,-118.32,1,4,2,120,5,30,120,21148.7200333632,3,5,False,aircraft,2013-07-02 17:08:00,11,3,172,10,False,1,15,1084,False,1,0,0,0.10020040080160321,0.3188121630267138
ABRAND00148,601,54.97,-119.14,1,4,2,120,5,30,120,15694.5183585696,7,0,False,,,10,2,172,10,False,1,36,2000,False,0,0,2,0.10220440881763528,0.32158072586720654
ABRAND00017,601,55.09,-119.9,1,4,2,120,5,30,120,3926.4306708384,5,0,False,,,10,0,172,10,False,1,31,2000,False,0,0,0,0.10420841683366733,0.3242643731815459
ABRAND00528,351,52.5,-115.62,1,4,2,120,5,30,120,28857.443435856003,16,0,False,,,15,9,172,10,False,1,74,2000,False,0,0,0,0.1062124248496994,0.3269459894096213
ABRAND00851,601,52.85,-114.36,1,4,2,120,5,30,120,22961.078629545595,1,12,False,aircraft,2016-01-03 17:14:00,14,11,172,10,False,1,62,169,False,1,0,0,0.10821643286573146,0.32961081865773667
ABRAND00664,621,52.66,-115.12,1,4,2,120,5,30,120,21354.139190851205,2,9,False,aircraft,2015-07-02 17:14:00,15,10,172,10,False,1,38,354,False,1,0,0,0.11022044088176353,0.33221969148961916
ABRAND00398,351,53.64,-115.99,1,4,2,120,5,30,120,16771.123539360004,4,13,False,aircraft,2015-07-02 17:14:00,13,8,172,10,False,1,28,347,False,2,0,0,0.11222444889779559,0.33480907446087543
ABRAND00501,601,52.85,-115.72,1,4,2,120,5,30,120,15786.1915906752,2,18,False,aircraft,2015-07-02 17:14:00,14,9,172,10,False,1,25,348,False,2,1,0,0.11422845691382766,0.3373689026960329
ABRAND00454,601,53.05,-115.84,1,4,2,120,5,30,120,6619.1221991232,10,0,False,,,14,8,172,10,False,1,23,2000,False,0,0,0,0.11623246492985972,0.33992214682164906
ABRAND00364,351,53.14,-116.09,1,4,2,120,5,30,120,29403.059675356795,13,5,False,aircraft,2012-07-01 17:04:00,14,8,172,10,False,1,48,1450,False,1,0,0,0.11823647294589178,0.34247099720284985
ABRAND00197,351,54.54,-118.78,1,4,2,120,5,30,120,121671.71926058881,4,11,False,aircraft,2015-07-02 17:14:00,11,2,172,10,False,1,16,349,False,2,0,0,0.12024048096192384,0.34499004430563046
ABRAND00468,311,53.07,-115.82,1,4,2,120,5,30,120,9518.879187216002,11,0,False,,,14,8,172,10,False,1,47,2000,False,0,0,0,0.12224448897795591,0.34749431638313377
ABRAND00596,311,53.1,-115.34,1,4,2,120,5,30,120,16006.316912208003,8,8,False,aircraft,2012-07-01 17:04:00,14,9,172,10,False,1,32,1450,False,1,0,2,0.12424849699398798,0.3499781454519621
ABRAND01116,601,50.04,-110.95,1,4,2,120,5,30,120,24005.480954659208,4,13,False,aircraft,2015-07-02 17:14:00,20,18,172,10,False,1,35,354,False,2,0,0,0.12625250501002003,0.3524305366553338
ABRAND00099,601,54.69,-119.47,1,4,2,120,5,30,120,19762.581327638396,1,10,False,aircraft,2014-07-02 17:14:00,11,1,172,10,False,1,19,719,False,1,0,0,0.1282565130260521,0.35488087077631214
ABRAND00306,601,54.19,-116.55,1,4,2,120,5,30,120,47335.225147056,0,13,False,aircraft,2016-01-03 17:14:00,12,7,172,10,False,1,21,168,False,2,0,0,0.13026052104208416,0.35728987505882204
ABRAND00382,351,52.99,-116.03,1,4,2,120,5,30,120,15603.391700208005,6,7,False,aircraft,2013-07-02 17:08:00,14,8,172,10,False,1,40,1084,False,1,1,0,0.13226452905811623,0.35967359672445937
ABRAND00976,311,56.07,-114.05,1,4,2,120,5,30,120,19798.454538,4,7,False,aircraft,2015-07-02 17:14:00,8,12,172,10,False,1,13,346,False,2,2,0,0.1342685370741483,0.3620470197658737
ABRAND00542,311,53.14,-115.59,1,4,2,120,5,30,120,14474.4733545696,12,0,False,,,14,9,172,10,False,1,43,2000,False,0,0,0,0.13627254509018036,0.3644027843303284
ABRAND00047,351,55.23,-119.71,1,4,2,120,5,30,120,110667.43969810562,1,22,False,aircraft,2015-01-03 17:14:00,10,1,172,10,False,1,21,534,False,2,0,10,0.13827655310621242,0.36673385397989894
ABRAND00678,351,52.93,-115.06,1,4,2,120,5,30,120,18844.460750217604,4,11,False,aircraft,2014-01-03 17:01:00,14,10,172,10,False,1,25,898,False,1,0,0,0.1402805611222445,0.3690519502783189
ABRAND00448,351,53.27,-115.87,1,4,2,120,5,30,120,39842.906667494404,11,10,False,aircraft,2012-01-03 23:56:00,13,8,172,10,False,1,17,1629,False,1,0,7,0.14228456913827656,0.37136976204538213
ABRAND01078,601,50.2,-112.1,1,4,2,120,5,30,120,29462.217268752003,3,14,False,aircraft,2015-01-03 17:14:00,20,16,172,10,False,1,71,534,False,1,0,4,0.14428857715430862,0.3736875014045345
ABRAND00941,361,52.89,-114.17,1,4,2,120,5,30,120,47699.09115085441,7,18,False,aircraft,2015-07-02 17:14:00,14,12,172,10,False,1,38,351,False,2,0,1,0.1462925851703407,0.37600400005950335
ABRAND00554,601,52.85,-115.53,1,4,2,120,5,30,120,18079.4668315392,2,10,False,aircraft,2015-07-02 17:14:00,14,9,172,10,False,1,31,354,False,1,0,0,0.14829659318637275,0.3783102986203829
ABRAND00137,311,55.32,-119.23,1,4,2,120,5,30,120,17602.061041353598,1,15,False,aircraft,2016-01-03 17:14:00,9,2,172,10,False,1,17,164,False,2,0,0,0.15030060120240482,0.38061198316264716
ABRAND00784,351,52.58,-114.55,1,4,2,120,5,30,120,17019.987309244803,2,15,False,aircraft,2015-07-02 17:14:00,15,11,172,10,False,1,26,354,False,2,1,1,0.1523046092184369,0.38290050487561145
ABRAND00397,601,52.95,-115.99,1,4,2,120,5,30,120,31123.87051590721,7,9,False,aircraft,2013-07-04 17:08:00,14,8,171,10,False,1,29,1082,False,1,0,0,0.15430861723446893,0.3851666605064656
ABRAND00223,351,54.32,-118.67,1,4,2,120,5,30,120,15774.191955187203,1,10,False,aircraft,2016-01-04 17:14:00,11,3,171,10,False,1,31,168,False,1,1,0,0.156312625250501,0.3874326347182548
ABRAND00265,361,54.2,-117.62,1,4,2,120,5,30,120,6382.527658560001,1,6,False,aircraft,2015-01-03 17:14:00,12,5,171,10,False,1,9,534,False,1,0,0,0.15831663326653306,0.3896828411674091
ABRAND00486,351,53.15,-115.76,1,4,2,120,5,30,120,25790.638868006405,10,0,False,,,14,8,171,10,False,1,38,2000,False,0,0,0,0.16032064128256512,0.3919324065166281
ABRAND00726,311,52.01,-114.81,1,4,2,120,5,30,120,25276.2275354976,2,9,False,aircraft,2015-07-03 17:14:00,16,10,171,10,False,1,39,353,False,1,0,0,0.1623246492985972,0.3941810346963427
ABRAND00516,401,53.65,-115.64,1,4,2,120,5,30,120,16338.344423990402,7,10,False,aircraft,2014-07-03 17:14:00,13,9,171,10,False,1,15,718,False,2,0,0,0.16432865731462926,0.39642641225784037
ABRAND00058,601,55.27,-119.67,1,4,2,120,5,30,120,40003.09759094401,0,16,False,aircraft,2016-01-04 17:14:00,9,1,171,10,False,1,17,162,False,3,0,0,0.16633266533066132,0.398668947274207
ABRAND00948,621,52.19,-114.15,1,4,2,120,5,30,120,28497.644881660795,0,17,False,aircraft,2015-07-03 17:14:00,16,12,171,10,False,1,42,352,False,2,0,3,0.1683366733466934,0.40090982883648835
ABRAND01138,601,54.86,-110.67,1,4,2,120,5,30,120,26536.3129877472,8,5,False,aircraft,2013-01-04 17:09:00,10,19,171,10,False,1,42,1263,False,1,1,1,0.17034068136272545,0.403114517401441
ABRAND00534,361,53.75,-115.6,1,4,2,120,5,30,120,28663.269463958397,9,13,False,aircraft,2014-01-04 17:01:00,12,9,171,10,False,1,55,898,False,1,1,4,0.17234468937875752,0.40530790437508424
ABRAND00133,601,54.99,-119.26,1,4,2,120,5,30,120,9279.763778736,2,7,False,aircraft,2013-07-03 17:08:00,10,1,171,10,False,1,26,1082,False,1,0,2,0.1743486973947896,0.4074868656918264
ABRAND00203,621,54.37,-118.75,1,4,2,120,5,30,120,19896.365545718407,7,7,False,aircraft,2014-01-04 17:01:00,11,2,171,10,False,1,28,898,False,1,1,0,0.17635270541082165,0.40965857208127743
ABRAND00189,351,54.46,-118.82,1,4,2,120,5,30,120,15762.895300252803,1,9,False,aircraft,2016-01-04 17:14:00,11,2,171,10,False,1,13,168,False,2,1,0,0.17835671342685372,0.4118291298021662
ABRAND00371,311,53.18,-116.08,1,4,2,120,5,30,120,18851.971963507203,11,0,False,,,14,8,171,10,False,1,65,2000,False,0,0,0,0.18036072144288579,0.4139953114625722
ABRAND00386,601,54.16,-116.02,1,4,2,120,5,30,120,28185.0782828256,14,0,False,,,12,8,171,10,False,1,75,2000,False,0,0,0,0.18236472945891782,0.41614341226725227
ABRAND01082,601,52.86,-111.77,1,4,2,120,5,30,120,16277.94097128,0,13,False,aircraft,2015-07-03 17:14:00,14,16,171,10,False,1,18,352,False,2,0,0,0.1843687374749499,0.4182874925063953
ABRAND00754,361,52.46,-114.66,1,4,2,120,5,30,120,40641.62937186239,2,20,False,aircraft,2016-01-04 17:14:00,15,11,171,10,False,1,38,164,False,2,1,5,0.18637274549098196,0.4204265302068099
ABRAND00374,351,52.92,-116.07,1,4,2,120,5,30,120,26569.376683776,2,7,False,aircraft,2015-07-03 17:14:00,14,8,171,10,False,1,39,353,False,1,1,0,0.18837675350701402,0.42256039085809194
ABRAND00881,351,52.61,-114.29,1,4,2,120,5,30,120,30300.909758438404,5,11,False,aircraft,2015-01-04 17:14:00,15,11,171,10,False,1,24,533,False,2,1,0,0.1903807615230461,0.4246928657300564
ABRAND00680,621,52.66,-115.06,1,4,2,120,5,30,120,42351.3977434272,2,12,False,aircraft,2016-01-04 17:14:00,15,10,171,10,False,1,17,162,False,3,1,0,0.19238476953907815,0.42681799844867135
ABRAND01084,601,51.02,-111.72,1,4,2,120,5,30,120,35981.591434416005,9,3,False,aircraft,2011-07-08 17:11:00,18,17,171,10,False,1,46,1809,False,1,0,0,0.19438877755511022,0.42893934483430124
ABRAND00687,361,52.91,-115.04,1,4,2,120,5,30,120,36986.255650454405,1,17,False,aircraft,2016-01-04 17:14:00,14,10,171,10,False,1,60,160,False,2,0,1,0.1963927855711423,0.43105215156473753
ABRAND00705,601,52.14,-114.95,1,4,2,120,5,30,120,23505.665328892803,3,6,False,aircraft,2014-01-04 17:01:00,16,10,171,10,False,1,18,898,False,1,0,0,0.19839679358717435,0.43316484316266435
ABRAND01141,601,55.11,-110.65,1,4,2,120,5,30,120,15437.6571953376,4,8,False,aircraft,2014-07-03 17:14:00,10,19,171,10,False,1,21,718,False,2,0,0,0.20040080160320642,0.4352748564231432
ABRAND01043,601,51.67,-113.06,1,4,2,120,5,30,120,17828.0820699264,7,0,False,,,17,14,171,10,False,1,36,2000,False,0,0,0,0.20240480961923848,0.4373827512585077
ABRAND00207,351,54.46,-118.74,1,4,2,120,5,30,120,15105.887338463997,4,5,False,aircraft,2015-01-04 17:14:00,11,3,171,10,False,1,8,533,False,1,0,0,0.20440881763527055,0.4394887332716451
ABRAND00803,322,52.34,-114.49,1,4,2,120,5,30,120,19243.890688579202,17,0,False,,,15,11,171,10,False,1,72,2000,False,0,0,0,0.20641282565130262,0.4415873205429072
ABRAND00104,601,54.58,-119.42,1,4,2,120,5,30,120,30354.993021254406,4,8,False,aircraft,2013-07-03 17:08:00,11,1,171,10,False,1,24,1083,False,1,0,1,0.20841683366733466,0.44367495401353807
ABRAND01005,351,52.96,-113.91,1,4,2,120,5,30,120,20197.731699043205,1,14,False,aircraft,2015-07-03 17:14:00,14,12,171,10,False,1,27,352,False,2,0,2,0.21042084168336672,0.4457591305454042
ABRAND00410,322,53.04,-115.96,1,4,2,120,5,30,120,36470.05522796161,10,7,False,aircraft,2013-07-03 17:08:00,14,8,171,10,False,1,30,1076,False,3,0,1,0.2124248496993988,0.44783789363869647
ABRAND01038,601,53.72,-113.16,1,4,2,120,5,30,120,114022.8047410848,3,9,False,aircraft,2014-07-03 17:14:00,13,14,171,10,False,1,25,718,False,1,0,0,0.21442885771543085,0.4499140783681737
ABRAND01059,601,51.81,-112.8,1,4,2,120,5,30,120,20677.541583225597,2,7,False,aircraft,2014-01-04 17:01:00,16,14,171,10,False,1,20,897,False,1,0,0,0.21643286573146292,0.4519876499674517
ABRAND00891,351,52.65,-114.28,1,4,2,120,5,30,120,20127.155208278396,8,7,False,aircraft,2013-07-03 17:08:00,15,11,171,10,False,1,32,1083,False,1,0,0,0.218436873747495,0.4540502800539396
ABRAND00569,601,52.79,-115.47,1,4,2,120,5,30,120,25919.8541889408,4,12,False,aircraft,2014-01-04 17:01:00,14,9,171,10,False,1,43,897,False,1,0,1,0.22044088176352705,0.4561104903412252
ABRAND00964,601,52.8,-114.1,1,4,2,120,5,30,120,32942.731579631996,0,13,False,aircraft,2016-01-04 17:14:00,14,12,171,10,False,1,15,159,False,3,0,2,0.22244488977955912,0.4581689788442447
ABRAND00824,361,52.1,-114.44,1,4,2,120,5,30,120,25199.124576998398,4,12,False,aircraft,2015-01-04 17:14:00,16,11,171,10,False,1,43,533,False,1,0,0,0.22444889779559118,0.4602221164602653
ABRAND00606,311,53.3,-115.3,1,4,2,120,5,30,120,17170.6772353536,7,8,False,aircraft,2013-07-03 17:08:00,13,9,171,10,False,1,24,1083,False,1,0,1,0.22645290581162325,0.46227458626455065
ABRAND00640,311,53.04,-115.18,1,4,2,120,5,30,120,43895.033024889606,3,13,False,aircraft,2016-01-04 17:14:00,14,10,171,10,False,1,32,164,False,2,0,0,0.22845691382765532,0.46432444391245237
ABRAND00205,351,54.47,-118.75,1,4,2,120,5,30,120,19042.759003824,1,13,False,aircraft,2016-01-04 17:14:00,11,2,171,10,False,1,33,168,False,1,0,0,0.23046092184368738,0.4663733683531382
ABRAND00210,351,54.19,-118.72,1,4,2,120,5,30,120,19509.1515343584,4,7,False,aircraft,2014-01-04 17:01:00,12,3,171,10,False,1,14,893,False,2,0,1,0.23246492985971945,0.4684202988839335
ABRAND00930,351,52.81,-114.19,1,4,2,120,5,30,120,22946.764356806405,8,5,False,aircraft,2013-07-05 17:01:00,14,12,170,10,False,1,25,1081,False,1,0,0,0.23446893787575152,0.47046214366954797
ABRAND00962,361,52.21,-114.11,1,4,2,120,5,30,120,21061.346420448,13,2,False,aircraft,2012-01-06 17:10:00,16,12,170,10,False,1,51,1626,False,1,0,0,0.23647294589178355,0.47250373786535643
ABRAND01115,344,55.82,-110.95,1,4,2,120,5,30,120,28319.202731318404,2,11,False,aircraft,2015-01-04 17:14:00,8,18,170,10,False,1,40,533,False,1,0,0,0.23847695390781562,0.47454358212582176
ABRAND01146,506,54.99,-110.59,1,4,2,120,5,30,120,57156.1767545472,2,7,False,aircraft,2016-01-05 17:14:00,10,19,170,10,False,1,23,167,False,1,0,0,0.24048096192384769,0.4765830979557021
ABRAND00502,311,53.1,-115.71,1,4,2,120,5,30,120,21368.829878928,5,7,False,aircraft,2013-07-04 17:08:00,14,9,170,10,False,1,22,1081,False,1,0,0,0.24248496993987975,0.47861310891946607
ABRAND00972,351,53.04,-114.08,1,4,2,120,5,30,120,16365.708339062403,1,5,False,aircraft,2015-07-04 17:14:00,14,12,170,10,False,1,20,352,False,1,0,0,0.24448897795591182,0.48063732808888293
ABRAND00969,351,52.6,-114.09,1,4,2,120,5,30,120,15173.174602137602,6,8,False,aircraft,2015-01-05 17:14:00,15,12,170,10,False,1,36,532,False,1,1,0,0.24649298597194388,0.48265951050690553
ABRAND00172,351,54.44,-118.94,1,4,2,120,5,30,120,24357.3663074688,6,15,False,aircraft,2014-07-04 17:14:00,11,2,170,10,False,1,33,716,False,2,0,0,0.24849699398797595,0.4846798007826496
ABRAND00632,311,53,-115.21,1,4,2,120,5,30,120,27277.8404126688,0,21,False,aircraft,2016-01-05 17:14:00,14,10,170,10,False,1,44,162,False,2,0,0,0.250501002004008,0.4866994888261508
ABRAND00297,601,53.99,-117.09,1,4,2,120,5,30,120,27426.1761740448,6,21,False,aircraft,2013-07-04 17:08:00,12,6,170,10,False,1,30,1078,False,2,1,14,0.25250501002004005,0.4887151340423794
ABRAND00512,501,52.98,-115.67,1,4,2,120,5,30,120,23830.7214471552,5,10,False,aircraft,2015-01-05 17:14:00,14,9,170,10,False,1,31,532,False,1,0,0,0.2545090180360721,0.4907219969473011
ABRAND00178,351,54.22,-118.91,1,4,2,120,5,30,120,15059.339364643203,4,10,False,aircraft,2014-07-04 17:14:00,12,2,170,10,False,1,19,717,False,2,0,0,0.2565130260521042,0.4927286932334009
ABRAND00463,601,53.61,-115.83,1,4,2,120,5,30,120,20038.073391763195,1,14,False,aircraft,2016-01-05 17:14:00,13,8,170,10,False,1,39,160,False,2,2,0,0.25851703406813625,0.49472495951949186
ABRAND00747,311,52.21,-114.69,1,4,2,120,5,30,120,24314.129688038403,9,0,False,,,16,11,170,10,False,1,53,2000,False,0,0,0,0.2605210420841683,0.49672006053958057
ABRAND00115,601,54.86,-119.36,1,4,2,120,5,30,120,8479.834956288001,6,0,False,,,10,1,170,10,False,1,24,2000,False,0,0,0,0.2625250501002004,0.49871083086061085
ABRAND00479,351,53.68,-115.78,1,4,2,120,5,30,120,44296.6024556928,12,19,False,aircraft,2012-01-05 17:02:00,13,8,170,10,False,1,48,1624,False,2,1,13,0.26452905811623245,0.5006941515884119
ABRAND00409,351,52.99,-115.96,1,4,2,120,5,30,120,177173.72111712958,0,7,False,aircraft,2016-01-05 17:14:00,14,8,170,10,False,1,36,167,False,1,0,0,0.2665330661322645,0.5026767599931405
ABRAND00524,322,53.74,-115.63,1,4,2,120,5,30,120,19368.046895184,4,8,False,aircraft,2015-01-05 17:14:00,13,9,170,10,False,1,41,532,False,1,1,0,0.2685370741482966,0.5046568231282638
ABRAND00605,601,52.32,-115.31,1,4,2,120,5,30,120,17225.3413816992,0,9,False,aircraft,2016-01-05 17:14:00,15,9,170,10,False,1,37,167,False,1,0,0,0.27054108216432865,0.5066300415702387
ABRAND00212,351,54.53,-118.71,1,4,2,120,5,30,120,32008.3275687552,4,17,False,aircraft,2015-07-04 17:14:00,11,3,170,10,False,1,19,346,False,3,0,0,0.2725450901803607,0.5086028580653404
ABRAND00266,601,54.09,-117.62,1,4,2,120,5,30,120,29326.628619504005,11,3,False,aircraft,2012-01-05 17:02:00,12,5,170,10,False,1,47,1628,False,1,0,0,0.2745490981963928,0.5105752826203752
ABRAND00896,311,51.99,-114.27,1,4,2,120,5,30,120,19038.739597545606,8,7,False,aircraft,2012-07-03 17:09:00,16,11,170,10,False,1,31,1448,False,1,0,0,0.27655310621242485,0.5125375644582507
ABRAND00614,621,52.97,-115.27,1,4,2,120,5,30,120,20414.990596723197,6,8,False,aircraft,2013-07-04 17:08:00,14,9,170,10,False,1,31,1081,False,1,0,0,0.2785571142284569,0.5144913146943314
ABRAND01055,601,51.75,-112.86,1,4,2,120,5,30,120,10888.0781084928,8,0,False,,,16,14,170,10,False,1,35,2000,False,0,0,0,0.280561122244489,0.5164420768144411
ABRAND00848,311,52.18,-114.36,1,4,2,120,5,30,120,15743.881201708802,5,5,False,aircraft,2012-01-05 17:02:00,16,11,170,10,False,1,16,1628,False,1,0,0,0.28256513026052105,0.5183918204621122
ABRAND00977,362,52.98,-114.05,1,4,2,120,5,30,120,18430.060019990404,5,3,False,aircraft,2013-01-05 17:09:00,14,12,170,10,False,1,17,1262,False,2,1,0,0.2845691382765531,0.5203314602441903
ABRAND00308,311,53.24,-116.45,1,4,2,120,5,30,120,27024.615275414395,6,12,False,aircraft,2014-07-04 17:14:00,14,7,170,10,False,1,44,717,False,1,1,2,0.2865731462925852,0.5222698635390403
ABRAND00237,621,54.5,-118.48,1,4,2,120,5,30,120,12131.3334719808,5,6,False,aircraft,2013-07-04 17:08:00,11,3,170,10,False,1,23,1082,False,1,0,1,0.28857715430861725,0.5242038081260959
ABRAND00231,351,54.47,-118.58,1,4,2,120,5,30,120,27864.316436975998,9,7,False,aircraft,2012-01-05 17:02:00,11,3,170,10,False,1,41,1628,False,1,0,0,0.2905811623246493,0.5261325425993333
ABRAND01073,601,50.15,-112.32,1,4,2,120,5,30,120,21994.050791865604,4,13,False,aircraft,2015-07-04 17:14:00,20,15,170,10,False,1,11,348,False,2,0,0,0.2925851703406814,0.5280592912002854
ABRAND00905,621,52.44,-114.24,1,4,2,120,5,30,120,11288.7899893152,10,0,False,,,15,12,170,10,False,1,38,2000,False,0,0,0,0.29458917835671344,0.5299793794142129
ABRAND00282,361,53.96,-117.43,1,4,2,120,5,30,120,28514.289320409604,10,0,False,,,12,5,170,10,False,1,26,2000,False,0,0,0,0.2965931863727455,0.5318979645374668
ABRAND01167,506,55.26,-110.32,1,4,2,120,5,30,120,12734.335549497602,5,7,False,aircraft,2014-01-05 17:01:00,9,19,170,10,False,1,10,892,False,2,0,0,0.2985971943887776,0.5338076678641496
ABRAND00552,601,52.69,-115.54,1,4,2,120,5,30,120,29237.9677904448,3,11,False,aircraft,2015-01-05 17:14:00,15,9,170,10,False,1,25,532,False,2,0,0,0.30060120240480964,0.5357151595156476
ABRAND00629,621,52.99,-115.22,1,4,2,120,5,30,120,15411.900064262403,2,8,False,aircraft,2016-01-05 17:14:00,14,10,170,10,False,1,35,167,False,1,0,0,0.3026052104208417,0.5376184418496245
ABRAND00130,601,54.61,-119.26,1,4,2,120,5,30,120,14697.719149996801,7,10,False,aircraft,2014-01-05 17:01:00,11,1,170,10,False,1,19,897,False,1,0,0,0.3046092184368738,0.5395188371276894
ABRAND00833,361,52.33,-114.42,1,4,2,120,5,30,120,33088.4277905952,12,11,False,aircraft,2012-07-03 17:09:00,15,11,170,10,False,1,45,1448,False,1,0,1,0.3066132264529058,0.5414190488294736
ABRAND01099,601,50.23,-111.31,1,4,2,120,5,30,120,182727.0349625088,1,9,False,aircraft,2015-07-04 17:14:00,20,17,170,10,False,1,14,347,False,2,0,0,0.30861723446893785,0.5433186806561038
ABRAND00490,361,53.04,-115.74,1,4,2,120,5,30,120,25071.9114407616,8,3,False,aircraft,2012-07-03 17:09:00,14,9,170,10,False,1,33,1448,False,1,0,1,0.3106212424849699,0.5452177195132275
ABRAND00589,361,53.01,-115.38,1,4,2,120,5,30,120,4836.8372259168,2,8,False,aircraft,2014-07-04 17:14:00,14,9,170,10,False,1,18,717,False,1,0,0,0.312625250501002,0.5471167258839014
ABRAND00783,351,52.16,-114.56,1,4,2,120,5,30,120,25672.1175849888,10,5,False,aircraft,2012-07-05 17:08:00,16,11,169,10,False,1,33,1446,False,1,0,0,0.31462925851703405,0.5490155906589805
ABRAND00893,361,52.79,-114.27,1,4,2,120,5,30,120,25982.608409568,14,0,False,,,14,11,169,10,False,1,97,2000,False,0,0,0,0.3166332665330661,0.5509141946145614
ABRAND00244,361,54.12,-118.13,1,4,2,120,5,30,120,14677.192938959999,3,10,False,aircraft,2015-07-06 17:05:00,12,4,169,10,False,1,23,349,False,2,0,0,0.3186372745490982,0.5528107335472813
ABRAND01165,601,54.99,-110.43,1,4,2,120,5,30,120,21257.6167443168,8,10,False,aircraft,2011-07-09 17:08:00,10,19,169,10,False,1,27,1808,False,1,0,7,0.32064128256513025,0.5547037226711159
ABRAND00710,621,52.05,-114.91,1,4,2,120,5,30,120,51208.273615046404,7,8,False,aircraft,2014-07-04 17:14:00,16,10,169,10,False,1,40,717,False,1,0,4,0.3226452905811623,0.5565956978756417
ABRAND00025,601,55.21,-119.87,1,4,2,120,5,30,120,13852.9228809024,2,7,False,aircraft,2014-01-07 17:11:00,10,0,169,10,False,1,21,894,False,1,0,0,0.3246492985971944,0.5584787300350795
ABRAND00656,601,53.43,-115.14,1,4,2,120,5,30,120,32369.337574588808,4,19,False,aircraft,2014-07-06 17:00:00,13,10,169,10,False,1,25,713,False,2,0,0,0.32665330661322645,0.5603608156488431
ABRAND01076,601,52.95,-112.2,1,4,2,120,5,30,120,12897.836073244802,0,10,False,aircraft,2015-07-05 17:08:00,14,16,169,10,False,1,32,351,False,1,0,0,0.3286573146292585,0.5622356678598711
ABRAND00920,351,52.44,-114.22,1,4,2,120,5,30,120,17311.2406421184,2,10,False,aircraft,2015-07-05 17:08:00,15,12,169,10,False,1,28,351,False,1,0,1,0.3306613226452906,0.5640983742931613
ABRAND00087,601,54.43,-119.53,1,4,2,120,5,30,120,21803.322117081607,9,6,False,aircraft,2013-07-05 17:01:00,11,1,169,10,False,1,35,1079,False,1,0,0,0.33266533066132264,0.5659584785489707
ABRAND00196,601,54.93,-118.79,1,4,2,120,5,30,120,19835.515128614406,9,0,False,,,10,2,169,10,False,1,59,2000,False,0,0,2,0.3346693386773547,0.5678162680375792
ABRAND00650,621,52.98,-115.15,1,4,2,120,5,30,120,8605.6251874272,5,9,False,aircraft,2014-07-05 17:03:00,14,10,169,10,False,1,10,713,False,2,0,0,0.3366733466933868,0.5696673705467786
ABRAND01004,601,52.94,-113.91,1,4,2,120,5,30,120,23663.385272822405,4,10,False,aircraft,2015-07-05 17:08:00,14,12,169,10,False,1,34,351,False,1,0,0,0.33867735470941884,0.5715128747128962
ABRAND00655,321,52.96,-115.14,1,4,2,120,5,30,120,15074.457874675201,13,0,False,,,14,10,169,10,False,1,73,2000,False,0,0,1,0.3406813627254509,0.5733566914836925
ABRAND00928,351,52.72,-114.19,1,4,2,120,5,30,120,30178.930941993596,7,17,False,aircraft,2014-01-06 17:07:00,15,12,169,10,False,1,17,892,False,3,1,0,0.342685370741483,0.5751997428857095
ABRAND01008,361,52.77,-113.88,1,4,2,120,5,30,120,33649.29460045441,4,8,False,aircraft,2014-01-06 17:07:00,14,12,169,10,False,1,27,896,False,1,0,1,0.34468937875751504,0.5770408535430793
ABRAND00829,601,52.47,-114.42,1,4,2,120,5,30,120,21882.665828563197,9,0,False,,,15,11,169,10,False,1,35,2000,False,0,0,0,0.3466933867735471,0.5788806195616144
ABRAND01098,601,50.15,-111.33,1,4,2,120,5,30,120,51618.75812521921,1,19,False,aircraft,2016-01-06 17:04:00,20,17,169,10,False,1,35,163,False,2,0,0,0.3486973947895792,0.5807117579767004
ABRAND00616,361,52.97,-115.27,1,4,2,120,5,30,120,19281.7695670272,6,7,False,aircraft,2013-07-05 17:01:00,14,9,169,10,False,1,32,1080,False,1,1,0,0.35070140280561124,0.5825342477349414
ABRAND00314,311,54.26,-116.33,1,4,2,120,5,30,120,28913.563008518402,8,6,False,aircraft,2012-07-04 23:49:00,11,7,169,10,False,1,36,1447,False,2,0,0,0.3527054108216433,0.584355640439373
ABRAND00625,311,52.75,-115.24,1,4,2,120,5,30,120,23628.776727513607,8,9,False,aircraft,2014-01-06 17:07:00,14,10,169,10,False,1,22,892,False,2,0,0,0.35470941883767537,0.5861746654415356
ABRAND00307,362,53.41,-116.53,1,4,2,120,5,30,120,35000.108224070405,9,8,False,aircraft,2014-07-05 17:03:00,13,7,169,10,False,1,42,716,False,1,1,2,0.35671342685370744,0.5879935196046666
ABRAND00347,601,53.16,-116.19,1,4,2,120,5,30,120,23248.9364906304,4,7,False,aircraft,2016-01-06 17:04:00,14,8,169,10,False,1,23,166,False,1,0,0,0.3587174348697395,0.5898081512258988
ABRAND00997,322,52.91,-113.96,1,4,2,120,5,30,120,13001.460806620804,4,12,False,aircraft,2015-01-06 17:04:00,14,12,169,10,False,1,23,531,False,1,0,0,0.36072144288577157,0.591622462117172
ABRAND00598,601,52.8,-115.33,1,4,2,120,5,30,120,26606.545693776003,1,16,False,aircraft,2016-01-06 17:04:00,14,9,169,10,False,1,15,163,False,3,0,0,0.3627254509018036,0.5934280474603808
ABRAND00633,621,52.95,-115.2,1,4,2,120,5,30,120,24993.954423100804,6,10,False,aircraft,2014-01-06 17:07:00,14,10,169,10,False,1,38,896,False,1,0,1,0.36472945891783565,0.5952253352079943
ABRAND00254,601,53.41,-117.78,1,4,2,120,5,30,120,12883.1628153312,1,10,False,aircraft,2016-01-06 17:04:00,13,4,169,10,False,1,31,166,False,1,0,0,0.3667334669338677,0.5970197426383802
ABRAND00280,621,54.22,-117.49,1,4,2,120,5,30,120,16621.02800568,1,12,False,aircraft,2015-01-06 17:04:00,12,5,169,10,False,1,19,531,False,2,0,0,0.3687374749498998,0.5988108853761934
ABRAND00234,351,54.25,-118.55,1,4,2,120,5,30,120,26016.428220076803,8,9,False,aircraft,2014-01-06 17:07:00,11,3,169,10,False,1,23,891,False,2,0,0,0.37074148296593185,0.6005908097634814
ABRAND00369,361,53.48,-116.08,1,4,2,120,5,30,120,16758.2578601664,3,12,False,aircraft,2016-01-06 17:04:00,13,8,169,10,False,1,47,161,False,2,5,0,0.3727454909819639,0.6023699897096677
ABRAND01159,601,55.1,-110.47,1,4,2,120,5,30,120,30459.8669482944,1,12,False,aircraft,2016-01-06 17:04:00,10,19,169,10,False,1,58,166,False,1,0,0,0.374749498997996,0.6041489240024243
ABRAND00800,601,52.06,-114.5,1,4,2,120,5,30,120,15971.9059345824,5,10,False,aircraft,2015-01-06 17:04:00,16,11,169,10,False,1,20,527,False,2,0,0,0.37675350701402804,0.6059263821598622
ABRAND01066,601,51.74,-112.68,1,4,2,120,5,30,120,20553.736053657598,3,14,False,aircraft,2015-07-05 17:08:00,17,15,169,10,False,1,18,347,False,3,1,0,0.3787575150300601,0.6076998224004265
ABRAND00966,351,52.33,-114.09,1,4,2,120,5,30,120,23484.901966272002,2,11,False,aircraft,2015-01-06 17:04:00,15,12,169,10,False,1,17,528,False,2,0,0,0.3807615230460922,0.6094726719490293
ABRAND00372,311,52.82,-116.08,1,4,2,120,5,30,120,25584.343429536002,2,11,False,aircraft,2015-01-06 17:04:00,14,8,169,10,False,1,49,531,False,1,0,0,0.38276553106212424,0.6112422436995888
ABRAND01104,601,55.79,-111.22,1,4,2,120,5,30,120,28329.377419094402,5,12,False,aircraft,2015-01-06 17:04:00,8,18,169,10,False,1,34,528,False,2,2,4,0.3847695390781563,0.6130106747262392
ABRAND00532,621,54.12,-115.6,1,4,2,120,5,30,120,25424.102636611202,0,17,False,aircraft,2016-01-06 17:04:00,12,9,169,10,False,1,38,166,False,2,0,2,0.3867735470941884,0.6147748485503458
ABRAND00911,601,52.31,-114.24,1,4,2,120,5,30,120,28848.841264627194,7,0,False,,,15,12,169,10,False,1,33,2000,False,0,0,0,0.38877755511022044,0.6165351247581577
ABRAND00510,601,53.87,-115.69,1,4,2,120,5,30,120,35478.5437115712,1,13,False,aircraft,2016-01-07 17:07:00,12,9,168,10,False,1,63,165,False,1,0,1,0.3907815631262525,0.618293573670897
ABRAND00424,601,53.82,-115.91,1,4,2,120,5,30,120,17353.1953557216,2,7,False,aircraft,2015-01-08 23:11:00,12,8,168,10,False,1,9,528,False,2,0,0,0.3927855711422846,0.6200488413885893
ABRAND00820,322,52.54,-114.44,1,4,2,120,5,30,120,18124.992429408,3,11,False,aircraft,2014-01-08 23:00:00,15,11,168,10,False,1,14,891,False,3,0,1,0.39478957915831664,0.6218007125607444
ABRAND00076,362,55.15,-119.57,1,4,2,120,5,30,120,29165.323970073605,2,14,False,aircraft,2016-01-07 17:07:00,10,1,168,10,False,1,18,163,False,2,1,0,0.3967935871743487,0.6235505225598742
ABRAND01013,601,52.96,-113.85,1,4,2,120,5,30,120,18953.544806006405,3,14,False,aircraft,2015-07-07 23:16:00,14,12,168,10,False,1,18,348,False,2,0,0,0.39879759519038077,0.6252974058022068
ABRAND00285,601,54,-117.38,1,4,2,120,5,30,120,24412.202338838397,10,12,False,aircraft,2014-07-05 17:03:00,12,5,168,10,False,1,49,716,False,1,1,0,0.40080160320641284,0.6270364309100106
ABRAND00287,601,54.15,-117.37,1,4,2,120,5,30,120,22661.1817704288,1,7,False,aircraft,2014-07-05 17:03:00,12,5,168,10,False,1,25,716,False,1,0,0,0.4028056112224449,0.6287739428363651
ABRAND00979,351,52.8,-114.04,1,4,2,120,5,30,120,25323.0469815744,4,6,False,aircraft,2014-01-06 17:07:00,14,12,168,10,False,1,18,896,False,1,0,0,0.40480961923847697,0.6305104214681654
ABRAND01067,601,50.17,-112.68,1,4,2,120,5,30,120,21899.430654566408,3,14,False,aircraft,2015-07-06 17:05:00,20,15,168,10,False,1,41,350,False,1,0,0,0.40681362725450904,0.6322449014886347
ABRAND01071,601,56.15,-112.46,1,4,2,120,5,30,120,72184.46805195842,2,15,False,aircraft,2015-07-06 17:05:00,8,15,168,10,False,1,30,347,False,2,0,0,0.4088176352705411,0.6339790979502077
ABRAND00574,351,52.87,-115.44,1,4,2,120,5,30,120,42144.694800911995,10,3,False,aircraft,2012-07-06 23:53:00,14,9,168,10,False,1,37,1445,False,1,0,1,0.41082164328657317,0.6357130447848903
ABRAND00538,351,53.79,-115.6,1,4,2,120,5,30,120,22525.957495123206,14,7,False,aircraft,2012-07-06 23:53:00,12,9,168,10,False,1,66,1445,False,1,0,0,0.41282565130260523,0.6374459904513107
ABRAND00958,361,52.83,-114.12,1,4,2,120,5,30,120,19876.20694758721,2,16,False,aircraft,2015-07-06 17:05:00,14,12,168,10,False,1,40,350,False,2,0,0,0.4148296593186373,0.6391724275473739
ABRAND00356,601,53.25,-116.12,1,4,2,120,5,30,120,21380.2107922656,8,11,False,aircraft,2014-01-07 17:11:00,13,8,168,10,False,1,31,895,False,1,0,0,0.4168336673346693,0.6408973361754272
ABRAND00102,601,57.45,-119.44,1,4,2,120,5,30,120,21428.829444902407,3,14,False,aircraft,2016-01-07 17:07:00,5,1,168,10,False,1,24,165,False,2,0,0,0.4188376753507014,0.6426170862902245
ABRAND00195,351,54.52,-118.79,1,4,2,120,5,30,120,2719.218554208,1,4,False,aircraft,2014-07-06 17:00:00,11,2,168,10,False,1,8,715,False,1,0,0,0.42084168336673344,0.6443368265449294
ABRAND01002,351,53.06,-113.92,1,4,2,120,5,30,120,38303.698011839995,6,14,False,aircraft,2015-01-07 17:05:00,14,12,168,10,False,1,20,528,False,3,1,1,0.4228456913827655,0.6460544179253261
ABRAND00206,351,54.2,-118.74,1,4,2,120,5,30,120,27404.706311712005,4,5,False,aircraft,2014-07-06 17:00:00,12,3,168,10,False,1,26,715,False,1,0,0,0.4248496993987976,0.6477686744755498
ABRAND00222,361,54.4,-118.68,1,4,2,120,5,30,120,21669.957138153604,6,7,False,aircraft,2014-01-07 17:11:00,11,3,168,10,False,1,25,895,False,1,0,0,0.42685370741482964,0.6494777564011291
ABRAND00669,361,53.17,-115.1,1,4,2,120,5,30,120,20066.236346304,2,8,False,aircraft,2015-07-06 17:05:00,14,10,168,10,False,1,31,350,False,1,1,0,0.4288577154308617,0.6511829992929016
ABRAND00703,361,52.83,-114.95,1,4,2,120,5,30,120,28435.785997017603,4,7,False,aircraft,2014-01-07 17:11:00,14,10,168,10,False,1,30,895,False,1,0,0,0.4308617234468938,0.6528875080858874
ABRAND01046,601,56.22,-113,1,4,2,120,5,30,120,17532.4349658816,9,0,False,,,8,14,168,10,False,1,43,2000,False,0,0,0,0.43286573146292584,0.6545911448019139
ABRAND00263,601,53.63,-117.63,1,4,2,120,5,30,120,24334.423997500802,5,7,False,aircraft,2013-07-06 17:08:00,13,5,168,10,False,1,22,1079,False,1,0,0,0.4348697394789579,0.6562933607269354
ABRAND00326,621,53.45,-116.27,1,4,2,120,5,30,120,30081.44797344,1,11,False,aircraft,2016-01-07 17:07:00,13,7,168,10,False,1,50,165,False,1,0,0,0.43687374749499,0.6579932973763376
ABRAND00243,311,54.21,-118.16,1,4,2,120,5,30,120,21654.6204092832,5,9,False,aircraft,2014-07-06 17:00:00,12,4,168,10,False,1,17,713,False,2,0,0,0.43887775551102204,0.6596858005556697
ABRAND00994,601,52.92,-113.99,1,4,2,120,5,30,120,23235.395448643205,1,17,False,aircraft,2015-07-06 17:05:00,14,12,168,10,False,1,11,348,False,2,0,0,0.4408817635270541,0.6613753148980678
ABRAND00273,601,54.07,-117.55,1,4,2,120,5,30,120,17598.5657394624,7,6,False,aircraft,2014-01-07 17:11:00,12,5,168,10,False,1,17,895,False,1,0,0,0.44288577154308617,0.6630613342930723
ABRAND00621,322,52.9,-115.26,1,4,2,120,5,30,120,36407.2958153856,10,14,False,aircraft,2014-01-07 17:11:00,14,9,168,10,False,1,22,894,False,1,0,0,0.44488977955911824,0.6647433190508211
ABRAND00690,621,52.55,-115.03,1,4,2,120,5,30,120,21925.6155612864,3,9,False,aircraft,2016-01-07 17:07:00,15,10,168,10,False,1,28,165,False,1,0,0,0.4468937875751503,0.6664239266848638
ABRAND00889,601,52.51,-114.28,1,4,2,120,5,30,120,15898.016520144001,10,0,False,,,15,11,168,10,False,1,39,2000,False,0,0,0,0.44889779559118237,0.6680936839874044
ABRAND00344,621,53.02,-116.19,1,4,2,120,5,30,120,20775.509310816004,1,8,False,aircraft,2015-01-07 17:05:00,14,8,168,10,False,1,16,530,False,1,0,0,0.45090180360721444,0.6697620568254442
ABRAND00514,601,54.13,-115.65,1,4,2,120,5,30,120,42960.31275968641,6,10,False,aircraft,2014-07-06 17:00:00,12,9,168,10,False,1,13,712,False,3,1,0,0.4529058116232465,0.6714273847689975
ABRAND00302,601,54.24,-116.84,1,4,2,120,5,30,120,32688.81045288,3,14,False,aircraft,2014-07-06 17:00:00,12,6,168,10,False,1,59,715,False,1,0,2,0.45490981963927857,0.6730926357163787
ABRAND00016,601,57.3,-119.9,1,4,2,120,5,30,120,170756.28932201277,1,18,False,aircraft,2016-01-07 17:07:00,5,0,168,10,False,1,19,161,False,3,0,1,0.45691382765531063,0.6747520233996414
ABRAND00553,601,53.54,-115.54,1,4,2,120,5,30,120,10736.210925619202,6,0,False,,,13,9,168,10,False,1,28,2000,False,0,0,0,0.4589178356713427,0.6764086811442588
ABRAND00743,311,52.69,-114.74,1,4,2,120,5,30,120,18432.426268108804,1,11,False,aircraft,2016-01-07 17:07:00,15,11,168,10,False,1,35,160,False,2,0,0,0.46092184368737477,0.6780629159678125
ABRAND00054,601,55.13,-119.69,1,4,2,120,5,30,120,11728.131634656003,2,9,False,aircraft,2014-07-06 17:00:00,10,1,168,10,False,1,10,714,False,2,0,2,0.46292585170340683,0.6797155413626028
ABRAND00217,351,54.44,-118.7,1,4,2,120,5,30,120,7477.7396394816005,6,2,False,aircraft,2013-07-06 17:08:00,11,3,168,10,False,1,10,1079,False,1,0,0,0.4649298597194389,0.6813611572396437
ABRAND00878,361,52.66,-114.31,1,4,2,120,5,30,120,22341.75874848,8,0,False,,,15,11,168,10,False,1,47,2000,False,0,0,0,0.46693386773547096,0.6830053194875825
ABRAND00180,601,54.53,-118.89,1,4,2,120,5,30,120,17966.511222854402,3,14,False,aircraft,2015-01-07 17:05:00,11,2,168,10,False,1,69,530,False,1,1,4,0.46893787575150303,0.6846486943469464
ABRAND01044,601,51.92,-113.05,1,4,2,120,5,30,120,21525.5926312128,4,8,False,aircraft,2013-07-06 17:08:00,16,14,167,10,False,1,20,1076,False,2,2,0,0.4709418837675351,0.6862888190755245
ABRAND00732,311,52.95,-114.78,1,4,2,120,5,30,120,25143.451764480007,2,16,False,aircraft,2015-07-07 23:16:00,14,10,167,10,False,1,34,345,False,2,1,0,0.4729458917835671,0.687916461538649
ABRAND00407,351,52.87,-115.97,1,4,2,120,5,30,120,24281.572947033597,11,12,False,aircraft,2013-01-06 17:14:00,14,8,167,10,False,1,39,1261,False,1,0,2,0.4749498997995992,0.6895432072540206
ABRAND00140,601,55.3,-119.19,1,4,2,120,5,30,120,4936.9718024352,6,0,False,,,9,2,167,10,False,1,31,2000,False,0,0,0,0.47695390781563124,0.6911699017178704
ABRAND00949,351,52.58,-114.15,1,4,2,120,5,30,120,126461.48090762878,5,7,False,aircraft,2015-01-07 17:05:00,15,12,167,10,False,1,13,529,False,2,0,0,0.4789579158316633,0.6927961994220065
ABRAND00452,351,53.79,-115.85,1,4,2,120,5,30,120,16189.855780233598,2,8,False,aircraft,2014-01-08 23:00:00,12,8,167,10,False,1,5,893,False,2,0,1,0.48096192384769537,0.6944178164532652
ABRAND01130,601,55.06,-110.75,1,4,2,120,5,30,120,21871.118018937592,5,12,False,aircraft,2014-07-07 23:56:00,10,18,167,10,False,1,42,714,False,1,0,0,0.48296593186372744,0.6960345875143977
ABRAND01018,601,50.22,-113.66,1,4,2,120,5,30,120,14251.108742467204,5,8,False,aircraft,2014-01-08 23:00:00,20,13,167,10,False,1,29,894,False,1,0,0,0.4849699398797595,0.6976477927626109
ABRAND01025,601,55.63,-113.44,1,4,2,120,5,30,120,12065.371000588802,10,0,False,,,9,13,167,10,False,1,40,2000,False,0,0,0,0.48697394789579157,0.6992604530417755
ABRAND01033,621,56.26,-113.24,1,4,2,120,5,30,120,12046.9514818752,4,9,False,aircraft,2015-01-08 23:11:00,7,14,167,10,False,1,36,529,False,1,0,0,0.48897795591182364,0.7008679427689574
ABRAND00481,601,52.74,-115.77,1,4,2,120,5,30,120,23787.228751344006,2,12,False,aircraft,2016-01-08 23:05:00,15,8,167,10,False,1,27,161,False,2,1,0,0.4909819639278557,0.7024744303634975
ABRAND00618,361,53.09,-115.27,1,4,2,120,5,30,120,16171.8109168032,2,7,False,aircraft,2014-07-07 23:56:00,14,9,167,10,False,1,18,714,False,1,0,0,0.49298597194388777,0.7040802768588403
ABRAND00161,351,54.57,-119.03,1,4,2,120,5,30,120,19741.8780124992,4,7,False,aircraft,2014-07-07 23:56:00,11,2,167,10,False,1,30,714,False,1,0,0,0.49498997995991983,0.7056807302511632
ABRAND01053,601,51.72,-112.9,1,4,2,120,5,30,120,30683.064809951997,3,16,False,aircraft,2016-01-08 23:05:00,17,14,167,10,False,1,32,163,False,2,1,0,0.4969939879759519,0.7072675311722666
ABRAND00095,601,54.72,-119.5,1,4,2,120,5,30,120,4111.794377280001,4,0,False,,,11,1,167,10,False,1,22,2000,False,0,0,0,0.49899799599198397,0.7088540253213215
ABRAND00730,601,52.22,-114.8,1,4,2,120,5,30,120,11943.849237033599,3,9,False,aircraft,2015-07-07 23:16:00,16,10,167,10,False,1,30,349,False,1,1,1,0.501002004008016,0.7104404068647071
ABRAND00420,601,52.87,-115.92,1,4,2,120,5,30,120,35029.4911991424,4,8,False,aircraft,2014-01-08 23:00:00,14,8,167,10,False,1,19,894,False,1,0,0,0.503006012024048,0.7120239690845944
ABRAND00817,311,53.01,-114.45,1,4,2,120,5,30,120,15473.219385398403,2,10,False,aircraft,2014-07-07 23:56:00,14,11,167,10,False,1,24,714,False,1,0,1,0.5050100200400801,0.713602660316796
ABRAND00544,601,53.84,-115.57,1,4,2,120,5,30,120,19738.018422288,0,6,False,aircraft,2015-01-08 23:11:00,12,9,167,10,False,1,24,529,False,1,0,0,0.5070140280561122,0.7151796875049591
ABRAND00412,601,53.18,-115.96,1,4,2,120,5,30,120,27144.886010169597,3,9,False,aircraft,2015-01-08 23:11:00,14,8,167,10,False,1,28,529,False,1,0,0,0.5090180360721442,0.7167545999786175
ABRAND00915,351,52.64,-114.23,1,4,2,120,5,30,120,25915.2729429888,2,15,False,aircraft,2014-07-07 23:56:00,15,12,167,10,False,1,24,713,False,2,0,2,0.5110220440881763,0.7183288363541059
ABRAND00357,351,53.23,-116.12,1,4,2,120,5,30,120,29819.360869488002,1,13,False,aircraft,2015-07-07 23:16:00,14,8,167,10,False,1,11,346,False,3,0,0,0.5130260521042084,0.7199019674971336
ABRAND00868,311,52.93,-114.33,1,4,2,120,5,30,120,19687.531880188802,2,7,False,aircraft,2013-01-08 23:08:00,14,11,167,10,False,1,20,1259,False,1,0,0,0.5150300601202404,0.7214745487304662
ABRAND00338,311,53.05,-116.21,1,4,2,120,5,30,120,24486.115696617595,3,14,False,aircraft,2015-07-07 23:16:00,14,8,167,10,False,1,48,349,False,1,1,3,0.5170340681362725,0.7230438216010417
ABRAND00321,362,53.25,-116.3,1,4,2,120,5,30,120,39545.62694645761,11,7,False,aircraft,2013-07-07 23:17:00,13,7,167,10,False,1,35,1077,False,2,0,0,0.5190380761523046,0.724611906475109
ABRAND00873,351,52.81,-114.31,1,4,2,120,5,30,120,21584.095540876806,1,14,False,aircraft,2016-01-08 23:05:00,14,11,167,10,False,1,29,164,False,2,1,0,0.5210420841683366,0.7261760380324627
ABRAND00738,322,53.1,-114.76,1,4,2,120,5,30,120,18355.6652557536,8,6,False,aircraft,2014-01-08 23:00:00,14,10,167,10,False,1,16,893,False,1,0,0,0.5230460921843687,0.727736667895143
ABRAND00757,601,52.71,-114.66,1,4,2,120,5,30,120,191996.8904800512,9,5,False,aircraft,2013-01-08 23:08:00,15,11,167,10,False,1,27,1256,False,3,0,0,0.5250501002004008,0.7292959258140911
ABRAND00918,351,52.78,-114.22,1,4,2,120,5,30,120,15904.4535550656,5,10,False,aircraft,2014-01-08 23:00:00,14,12,167,10,False,1,35,893,False,1,0,0,0.5270541082164328,0.7308533914426433
ABRAND00827,601,52.68,-114.43,1,4,2,120,5,30,120,43363.5026697504,7,12,False,aircraft,2013-01-08 23:08:00,15,11,167,10,False,1,21,1258,False,2,0,0,0.5290581162324649,0.7323953018821101
ABRAND00022,311,55.33,-119.88,1,4,2,120,5,30,120,32072.547569529597,4,7,False,aircraft,2015-01-08 23:11:00,9,0,167,10,False,1,17,527,False,2,0,0,0.531062124248497,0.7339350906384424
ABRAND00036,601,54.89,-119.82,1,4,2,120,5,30,120,8440.1570733696,10,0,False,,,10,0,20,11,False,1,47,2000,False,0,0,0,0.533066132264529,0.7354715754812472
ABRAND00051,601,54.83,-119.7,1,4,2,120,5,30,120,27039.097906675208,4,15,False,aircraft,2014-12-11 23:28:00,10,1,20,11,False,1,20,553,False,2,0,0,0.5350701402805611,0.7370071307364778
ABRAND00352,311,53,-116.14,1,4,2,120,5,30,120,30625.635813753597,8,0,False,,,14,8,20,11,False,1,52,2000,False,0,0,0,0.5370741482965932,0.7385423522691319
ABRAND00815,351,52.53,-114.46,1,4,2,120,5,30,120,40326.289132406404,7,8,False,aircraft,2014-06-14 17:07:00,15,11,20,11,False,1,32,737,False,2,0,0,0.5390781563126252,0.7400773499208341
ABRAND00850,311,52.46,-114.36,1,4,2,120,5,30,120,24839.905079232005,7,10,False,aircraft,2011-06-30 17:00:00,15,11,20,11,False,1,26,1817,False,1,0,10,0.5410821643286573,0.7416105143847651
ABRAND01147,503,54.93,-110.57,1,4,2,120,5,30,120,13419.6145674336,3,6,False,aircraft,2014-06-14 17:07:00,10,19,20,11,False,1,20,737,False,1,0,0,0.5430861723446894,0.7431425051544628
ABRAND00641,361,52.42,-115.18,1,4,2,120,5,30,120,36564.10140090241,1,9,False,aircraft,2015-06-09 23:32:00,15,10,20,11,False,1,39,377,False,1,0,0,0.5450901803607214,0.7446736874697475
ABRAND01127,601,50.75,-110.76,1,4,2,120,5,30,120,25259.9336513568,5,8,False,aircraft,2014-12-11 23:28:00,18,18,20,11,False,1,32,556,False,1,0,1,0.5470941883767535,0.7462031137137802
ABRAND00155,601,54.8,-119.1,1,4,2,120,5,30,120,19363.5464156064,7,4,False,aircraft,2012-12-21 17:11:00,10,2,20,11,False,1,33,1277,False,1,0,0,0.5490981963927856,0.7477295496834102
ABRAND00275,361,54.09,-117.53,1,4,2,120,5,30,120,84108.29109566398,6,13,False,aircraft,2014-12-11 23:28:00,12,5,20,11,False,1,78,557,False,1,1,1,0.5511022044088176,0.7492531375764574
ABRAND00668,361,52.95,-115.1,1,4,2,120,5,30,120,20670.015019507202,11,7,False,aircraft,2013-06-19 17:01:00,14,10,20,11,False,1,50,1097,False,1,0,0,0.5531062124248497,0.7507717932460227
ABRAND01010,601,53.28,-113.86,1,4,2,120,5,30,120,14819.158634572803,8,4,False,aircraft,2011-06-30 17:00:00,13,12,20,11,False,1,39,1817,False,1,0,1,0.5551102204408818,0.7522888924228542
ABRAND00686,361,53.07,-115.04,1,4,2,120,5,30,120,9698.6461995648,5,5,False,aircraft,2013-12-16 23:45:00,14,10,20,11,False,1,15,917,False,1,0,0,0.5571142284569138,0.7538049178855758
ABRAND00288,601,54.65,-117.35,1,4,2,120,5,30,120,9495.2357743392,10,0,False,,,11,5,20,11,False,1,38,2000,False,0,0,0,0.5591182364729459,0.7553160059495234
ABRAND00841,361,52.35,-114.38,1,4,2,120,5,30,120,25023.395827987202,0,10,False,aircraft,2016-06-03 17:03:00,15,11,20,11,False,1,40,17,False,1,0,1,0.561122244488978,0.756822998263972
ABRAND00053,601,54.78,-119.69,1,4,2,120,5,30,120,15138.413132284799,6,0,False,,,10,1,20,11,False,1,31,2000,False,0,0,0,0.56312625250501,0.758323216252594
ABRAND00503,311,53.97,-115.71,1,4,2,120,5,30,120,24564.5847319104,2,7,False,aircraft,2015-06-09 23:32:00,12,9,20,11,False,1,7,377,False,2,0,0,0.5651302605210421,0.7598200304819275
ABRAND00366,621,53.19,-116.08,1,4,2,120,5,30,120,19449.1535822496,7,0,False,,,14,8,20,11,False,1,42,2000,False,0,0,0,0.5671342685370742,0.7613160479411452
ABRAND01068,601,51.66,-112.62,1,4,2,120,5,30,120,16367.366617632,3,10,False,aircraft,2013-06-19 17:01:00,17,15,20,11,False,1,29,1097,False,2,1,2,0.5691382765531062,0.7628110369151357
ABRAND00156,362,54.63,-119.09,1,4,2,120,5,30,120,45875.55783199681,0,22,False,aircraft,2015-12-06 23:35:00,11,2,20,11,False,1,41,197,False,2,0,0,0.5711422845691383,0.7642998759451517
ABRAND00394,361,52.88,-116,1,4,2,120,5,30,120,32366.746219046403,0,21,False,aircraft,2015-12-06 23:35:00,14,8,20,11,False,1,16,197,False,3,0,2,0.5731462925851704,0.7657881643474005
ABRAND00953,351,52.56,-114.14,1,4,2,120,5,30,120,21762.6407309088,1,11,False,aircraft,2014-12-11 23:28:00,15,12,20,11,False,1,43,557,False,1,0,0,0.5751503006012024,0.7672763958495951
ABRAND00648,361,52.74,-115.16,1,4,2,120,5,30,120,19404.7348551264,5,3,False,aircraft,2011-12-27 17:11:00,15,10,20,11,False,1,28,1637,False,1,0,0,0.5771543086172345,0.7687611518876247
ABRAND00257,621,54.08,-117.71,1,4,2,120,5,30,120,24770.9336115456,7,6,False,aircraft,2012-12-21 17:11:00,12,5,20,11,False,1,32,1277,False,1,0,1,0.5791583166332666,0.7702440220423961
ABRAND01166,601,54.76,-110.4,1,4,2,120,5,30,120,37264.6451261376,3,9,False,aircraft,2016-06-03 17:03:00,10,19,20,11,False,1,36,17,False,2,0,1,0.5811623246492986,0.7717246297588353
ABRAND00039,601,55,-119.79,1,4,2,120,5,30,120,19834.810696627203,10,4,False,aircraft,2016-06-03 17:03:00,10,0,20,11,False,1,35,17,False,2,0,0,0.5831663326653307,0.7732017529912993
ABRAND00995,351,52.89,-113.99,1,4,2,120,5,30,120,21933.580264416007,3,9,False,aircraft,2015-12-06 23:35:00,14,12,20,11,False,1,17,197,False,2,0,3,0.5851703406813628,0.774678044325908
ABRAND00572,601,53.21,-115.44,1,4,2,120,5,30,120,24767.367988348804,1,12,False,aircraft,2015-06-09 23:32:00,14,9,20,11,False,1,60,377,False,1,0,1,0.5871743486973948,0.7761525350742616
ABRAND00415,311,53.4,-115.94,1,4,2,120,5,30,120,45438.740467372816,2,14,False,aircraft,2015-12-06 23:35:00,13,8,20,11,False,1,32,197,False,2,0,1,0.5891783567134269,0.7776215658095954
ABRAND01023,601,55.4,-113.5,1,4,2,120,5,30,120,33296.557116153606,4,15,False,aircraft,2015-06-09 23:32:00,9,13,20,11,False,1,35,377,False,2,0,1,0.591182364729459,0.7790883278537648
ABRAND00151,601,54.23,-119.13,1,4,2,120,5,30,120,15441.423865286402,2,11,False,aircraft,2014-12-11 23:28:00,12,2,20,11,False,1,15,550,False,2,0,0,0.593186372745491,0.780543514490335
ABRAND00859,621,52.7,-114.34,1,4,2,120,5,30,120,24818.2910821728,6,12,False,aircraft,2016-06-03 17:03:00,15,11,20,11,False,1,22,17,False,3,0,0,0.5951903807615231,0.7819979939742008
ABRAND00220,351,54.45,-118.69,1,4,2,120,5,30,120,28884.470437584005,10,0,False,aircraft,2016-06-03 17:03:00,11,3,20,11,False,1,24,17,False,1,0,0,0.5971943887775552,0.7834456148031124
ABRAND01132,601,50.55,-110.71,1,4,2,120,5,30,120,27125.047120204803,9,6,False,aircraft,2013-12-16 23:45:00,19,19,20,11,False,1,42,917,False,1,0,0,0.5991983967935872,0.7848927087023422
ABRAND00169,601,54.69,-118.97,1,4,2,120,5,30,120,22860.572955868804,1,16,False,aircraft,2015-12-06 23:35:00,11,2,20,11,False,1,40,190,False,2,0,0,0.6012024048096193,0.7863316619890987
ABRAND00400,362,52.77,-115.98,1,4,2,120,5,30,120,14423.847596236801,11,0,False,,,14,8,20,11,False,1,76,2000,False,0,0,0,0.6032064128256514,0.7877621028027381
ABRAND01011,601,55.66,-113.86,1,4,2,120,5,30,120,24753.067490620804,7,9,False,aircraft,2014-12-11 23:28:00,9,12,20,11,False,1,48,557,False,1,0,2,0.6052104208416834,0.7891913426130367
ABRAND00646,311,52.82,-115.16,1,4,2,120,5,30,120,39940.9156144512,5,8,False,aircraft,2015-12-07 17:05:00,14,10,19,11,False,1,20,196,False,2,1,1,0.6072144288577155,0.7906148631729125
ABRAND01001,601,52.42,-113.92,1,4,2,120,5,30,120,14109.545303308802,1,13,False,aircraft,2015-06-10 17:02:00,15,12,19,11,False,1,16,376,False,2,0,0,0.6092184368737475,0.7920288928333836
ABRAND00050,351,55.11,-119.7,1,4,2,120,5,30,120,20103.6045991968,2,8,False,aircraft,2014-06-15 23:37:00,10,1,19,11,False,1,18,736,False,1,0,0,0.6112224448897795,0.793437981481034
ABRAND00276,361,54.23,-117.52,1,4,2,120,5,30,120,21692.189785391995,0,8,False,aircraft,2014-12-12 23:58:00,12,5,19,11,False,1,36,556,False,1,0,0,0.6132264529058116,0.7948454213663253
ABRAND00715,351,52.8,-114.88,1,4,2,120,5,30,120,16074.0769545216,1,15,False,aircraft,2014-12-12 23:58:00,14,10,19,11,False,1,50,556,False,1,0,1,0.6152304609218436,0.7962524635184748
ABRAND00498,601,53.05,-115.72,1,4,2,120,5,30,120,20020.196806502405,4,10,False,aircraft,2014-06-15 23:37:00,14,9,19,11,False,1,40,736,False,1,0,0,0.6172344689378757,0.797657722659974
ABRAND01134,362,54.76,-110.71,1,4,2,120,5,30,120,127586.550095856,9,5,False,aircraft,2011-12-28 17:11:00,10,19,19,11,False,1,35,1636,False,1,0,0,0.6192384769539078,0.7990625464189232
ABRAND00558,311,53.34,-115.52,1,4,2,120,5,30,120,18818.317023292802,2,13,False,aircraft,2015-06-10 17:02:00,13,9,19,11,False,1,29,376,False,2,0,1,0.6212424849699398,0.8004653985082987
ABRAND00934,351,52.45,-114.18,1,4,2,120,5,30,120,16026.231448569604,11,6,False,aircraft,2011-12-28 17:11:00,15,12,19,11,False,1,65,1636,False,1,0,0,0.6232464929859719,0.8018669990699202
ABRAND01112,344,55.76,-110.97,1,4,2,120,5,30,120,20983.356629193604,4,7,False,aircraft,2013-12-17 17:00:00,8,18,19,11,False,1,29,915,False,1,0,0,0.625250501002004,0.8032671460037885
ABRAND00294,361,54.04,-117.24,1,4,2,120,5,30,120,35770.5477733536,8,9,False,aircraft,2014-06-15 23:37:00,12,6,19,11,False,1,21,730,False,2,0,0,0.627254509018036,0.8046600772218298
ABRAND00379,361,54.04,-116.04,1,4,2,120,5,30,120,88291.314784224,10,9,False,aircraft,2013-06-20 23:31:00,12,8,19,11,False,1,61,1096,False,1,0,3,0.6292585170340681,0.8060521355185044
ABRAND00491,311,52.89,-115.74,1,4,2,120,5,30,120,30177.2864110464,6,9,False,aircraft,2014-12-12 23:58:00,14,9,19,11,False,1,29,550,False,2,0,0,0.6312625250501002,0.8074436554466001
ABRAND00509,601,53.73,-115.69,1,4,2,120,5,30,120,19999.433463148805,2,10,False,aircraft,2015-12-07 17:05:00,13,9,19,11,False,1,43,196,False,1,0,0,0.6332665330661322,0.8088323265677198
ABRAND00170,601,55.34,-118.96,1,4,2,120,5,30,120,16865.8038333504,3,8,False,aircraft,2015-12-07 17:05:00,9,2,19,11,False,1,18,196,False,2,0,0,0.6352705410821643,0.810220948372028
ABRAND00442,361,53.86,-115.88,1,4,2,120,5,30,120,16864.8089646528,11,4,False,aircraft,2013-06-20 23:31:00,12,8,19,11,False,1,45,1096,False,1,1,0,0.6372745490981964,0.8116070249060353
ABRAND00892,351,52.55,-114.27,1,4,2,120,5,30,120,42663.5485601472,7,4,False,aircraft,2011-12-28 17:11:00,15,11,19,11,False,1,32,1636,False,1,0,0,0.6392785571142284,0.812990589980626
ABRAND00685,351,53.14,-115.05,1,4,2,120,5,30,120,22462.452318873602,1,14,False,aircraft,2015-06-10 17:02:00,14,10,19,11,False,1,29,375,False,2,0,1,0.6412825651302605,0.8143727056299985
ABRAND00246,601,56.99,-118.03,1,4,2,120,5,30,120,21181.0362737472,9,8,False,aircraft,2016-06-04 23:33:00,6,4,19,11,False,1,32,16,False,2,0,1,0.6432865731462926,0.8157545510720469
ABRAND01030,601,50.11,-113.36,1,4,2,120,5,30,120,23034.933814204807,3,17,False,aircraft,2014-12-12 23:58:00,20,13,19,11,False,1,23,551,False,2,0,0,0.6452905811623246,0.8171358499779705
ABRAND00218,351,54.35,-118.69,1,4,2,120,5,30,120,18420.844208140803,5,8,False,aircraft,2013-12-17 17:00:00,11,3,19,11,False,1,27,916,False,1,0,0,0.6472945891783567,0.8185141608910407
ABRAND00086,601,54.86,-119.54,1,4,2,120,5,30,120,204928.15469610237,1,23,False,aircraft,2014-12-12 23:58:00,10,1,19,11,False,1,15,550,False,3,1,8,0.6492985971943888,0.8198886209858202
ABRAND00204,351,54.23,-118.75,1,4,2,120,5,30,120,15034.570379481596,12,0,False,,,12,2,19,11,False,1,59,2000,False,0,0,0,0.6513026052104208,0.8212598012375156
ABRAND01118,601,49.06,-110.92,1,4,2,120,5,30,120,29317.089723235204,0,17,False,aircraft,2015-06-10 17:02:00,22,18,19,11,False,1,15,375,False,3,0,2,0.6533066132264529,0.8226256238621181
ABRAND00435,311,53.02,-115.9,1,4,2,120,5,30,120,24132.702688905603,3,8,False,aircraft,2014-12-12 23:58:00,14,8,19,11,False,1,9,556,False,2,0,0,0.655310621242485,0.8239872460703019
ABRAND01135,601,54.97,-110.7,1,4,2,120,5,30,120,23850.496875715206,6,11,False,aircraft,2013-12-17 17:00:00,10,19,19,11,False,1,49,916,False,1,0,0,0.657314629258517,0.825347175249264
ABRAND01031,601,50.43,-113.26,1,4,2,120,5,30,120,6564.655750579202,4,7,False,aircraft,2012-06-25 17:02:00,19,13,19,11,False,1,11,1456,False,1,0,0,0.6593186372745491,0.8267062863548384
ABRAND00001,601,55.05,-119.99,1,4,2,120,5,30,120,27906.998119228803,3,15,False,aircraft,2015-12-07 17:05:00,10,0,19,11,False,1,37,196,False,2,2,0,0.6613226452905812,0.8280647988377043
ABRAND00238,311,54.31,-118.44,1,4,2,120,5,30,120,11558.0684351808,4,9,False,aircraft,2013-06-20 23:31:00,11,3,19,11,False,1,21,1096,False,1,0,0,0.6633266533066132,0.8294207428210815
ABRAND00439,601,54.33,-115.89,1,4,2,120,5,30,120,12934.5514598304,13,0,False,aircraft,2016-06-04 23:33:00,11,8,19,11,False,1,54,16,False,1,1,0,0.6653306613226453,0.8307763717288994
ABRAND00790,501,52.1,-114.53,1,4,2,120,5,30,120,195408.9644046912,5,11,False,aircraft,2014-06-15 23:37:00,16,11,19,11,False,1,21,733,False,2,0,1,0.6673346693386774,0.8321262754943523
ABRAND00191,351,54.12,-118.81,1,4,2,120,5,30,120,22665.5636442336,1,15,False,aircraft,2015-06-10 17:02:00,12,2,19,11,False,1,35,373,False,2,0,0,0.6693386773547094,0.8334750489978081
ABRAND00214,351,54.45,-118.7,1,4,2,120,5,30,120,12236.779687910403,5,9,False,aircraft,2013-12-17 17:00:00,11,3,19,11,False,1,34,916,False,1,0,0,0.6713426853707415,0.8348228425018571
ABRAND00030,601,54.68,-119.85,1,4,2,120,5,30,120,26325.796951872002,2,12,False,aircraft,2015-06-10 17:02:00,11,0,19,11,False,1,22,376,False,2,0,0,0.6733466933867736,0.8361700943924149
ABRAND00152,601,54.8,-119.12,1,4,2,120,5,30,120,27705.4470683136,4,12,False,aircraft,2016-06-04 23:33:00,10,2,19,11,False,1,22,16,False,3,2,0,0.6753507014028056,0.8375142632540783
ABRAND00932,351,52.56,-114.19,1,4,2,120,5,30,120,21207.973872816,12,0,False,aircraft,2016-06-04 23:33:00,15,12,19,11,False,1,47,16,False,1,1,0,0.6773547094188377,0.8388554423130251
ABRAND00944,361,52.45,-114.16,1,4,2,120,5,30,120,27246.2492634624,4,20,False,aircraft,2015-06-10 17:02:00,15,12,19,11,False,1,31,376,False,3,2,2,0.6793587174348698,0.8401964134946186
ABRAND00529,311,52.94,-115.61,1,4,2,120,5,30,120,26298.07572312,11,0,False,aircraft,2016-06-04 23:33:00,14,9,19,11,False,1,49,16,False,1,0,1,0.6813627254509018,0.8415295842907177
ABRAND00298,311,54.12,-117.09,1,4,2,120,5,30,120,23605.7879520576,15,0,False,aircraft,2016-06-05 23:48:00,12,6,18,11,False,1,49,15,False,1,0,0,0.6833667334669339,0.8428624736908769
ABRAND00733,351,52.15,-114.77,1,4,2,120,5,30,120,16239.0276828288,7,11,False,aircraft,2016-06-05 23:48:00,16,10,18,11,False,1,28,10,False,2,0,1,0.685370741482966,0.8441893986607748
ABRAND00624,601,53.01,-115.25,1,4,2,120,5,30,120,29975.822881862405,7,12,False,aircraft,2014-12-13 17:13:00,14,9,18,11,False,1,34,550,False,2,1,0,0.687374749498998,0.8455141734385111
ABRAND00209,351,54.25,-118.72,1,4,2,120,5,30,120,10658.764357344,4,12,False,aircraft,2014-06-16 17:07:00,11,3,18,11,False,1,37,735,False,1,0,0,0.6893787575150301,0.8468339873617762
ABRAND01081,601,51.11,-111.93,1,4,2,120,5,30,120,12108.794991120001,10,9,False,aircraft,2013-12-18 23:45:00,18,16,18,11,False,1,49,914,False,1,1,0,0.6913827655310621,0.8481532754300325
ABRAND00575,311,53.07,-115.43,1,4,2,120,5,30,120,18580.714011475204,20,0,False,,,14,9,18,11,False,1,114,2000,False,0,0,1,0.6933867735470942,0.8494707331934873
ABRAND00032,601,55.04,-119.83,1,4,2,120,5,30,120,24082.781522659207,11,4,False,aircraft,2011-07-02 17:00:00,10,0,18,11,False,1,71,1815,False,1,0,0,0.6953907815631263,0.8507749697786448
ABRAND00339,362,53.39,-116.21,1,4,2,120,5,30,120,24803.531698579198,5,9,False,aircraft,2014-12-13 17:13:00,13,8,18,11,False,1,30,555,False,1,0,0,0.6973947895791583,0.8520757931144751
ABRAND00778,361,52.16,-114.57,1,4,2,120,5,30,120,29136.7488479616,10,5,False,aircraft,2016-06-05 23:48:00,16,11,18,11,False,1,36,15,False,2,0,0,0.6993987975951904,0.8533737178326087
ABRAND00890,351,52.57,-114.28,1,4,2,120,5,30,120,22495.751313897603,4,11,False,aircraft,2014-06-16 17:07:00,15,11,18,11,False,1,41,735,False,1,0,0,0.7014028056112225,0.8546665174827931
ABRAND01163,601,50.4,-110.44,1,4,2,120,5,30,120,27119.2990992768,6,12,False,aircraft,2014-06-16 17:07:00,19,19,18,11,False,1,22,730,False,2,0,3,0.7034068136272545,0.8559569592930873
ABRAND00021,601,57.31,-119.89,1,4,2,120,5,30,120,31003.835145292807,6,7,False,aircraft,2014-12-13 17:13:00,5,0,18,11,False,1,16,555,False,2,1,2,0.7054108216432866,0.8572472354439366
ABRAND00579,361,53.07,-115.42,1,4,2,120,5,30,120,11397.4495000416,7,0,False,,,14,9,18,11,False,1,45,2000,False,0,0,0,0.7074148296593187,0.8585368664019742
ABRAND01168,601,49.43,-110.31,1,4,2,120,5,30,120,26883.3542351328,9,8,False,aircraft,2012-06-26 17:02:00,21,19,18,11,False,1,46,1455,False,1,0,0,0.7094188376753507,0.8598245086099106
ABRAND00175,601,55.34,-118.94,1,4,2,120,5,30,120,22619.3026498272,6,9,False,aircraft,2016-06-05 23:48:00,9,2,18,11,False,1,21,10,False,2,0,0,0.7114228456913828,0.8611095764331722
ABRAND00120,601,54.94,-119.32,1,4,2,120,5,30,120,28282.846582627208,0,10,False,aircraft,2015-12-08 23:20:00,10,1,18,11,False,1,37,195,False,1,0,0,0.7134268537074149,0.8623784950064498
ABRAND01160,601,55.02,-110.45,1,4,2,120,5,30,120,9678.460152931199,2,4,False,aircraft,2013-06-21 17:01:00,10,19,18,11,False,1,11,1095,False,1,0,0,0.7154308617234469,0.8636447946803585
ABRAND01016,601,53.74,-113.8,1,4,2,120,5,30,120,19157.147512704003,11,0,False,,,13,12,18,11,False,1,74,2000,False,0,0,0,0.717434869739479,0.864910526037039
ABRAND00239,351,54.36,-118.42,1,4,2,120,5,30,120,17250.166976832,1,15,False,aircraft,2014-12-13 17:13:00,11,3,18,11,False,1,44,555,False,1,0,0,0.7194388777555111,0.8661697411319486
ABRAND00674,361,52.92,-115.08,1,4,2,120,5,30,120,25331.484313612804,1,13,False,aircraft,2014-12-13 17:13:00,14,10,18,11,False,1,49,555,False,1,0,0,0.7214428857715431,0.867427803224163
ABRAND00324,601,53.16,-116.28,1,4,2,120,5,30,120,19424.970673689604,10,7,False,aircraft,2011-07-02 17:00:00,14,7,18,11,False,1,56,1815,False,1,0,4,0.7234468937875751,0.8686856266343782
ABRAND00642,601,52.45,-115.18,1,4,2,120,5,30,120,19265.625118857603,3,6,False,aircraft,2015-12-08 23:20:00,15,10,18,11,False,1,29,195,False,1,1,0,0.7254509018036072,0.8699337587123669
ABRAND00902,501,52.44,-114.25,1,4,2,120,5,30,120,25980.168177215997,9,1,False,aircraft,2011-12-29 17:11:00,15,11,18,11,False,1,40,1634,False,1,0,0,0.7274549098196392,0.8711813142956981
ABRAND00255,361,54.05,-117.75,1,4,2,120,5,30,120,138313.9232117856,6,6,False,aircraft,2012-12-23 17:11:00,12,4,18,11,False,1,35,1275,False,2,0,0,0.7294589178356713,0.8724136227929475
ABRAND00373,621,53.25,-116.07,1,4,2,120,5,30,120,17445.171098419203,11,4,False,aircraft,2011-12-29 17:11:00,13,8,18,11,False,1,38,1635,False,1,0,0,0.7314629258517034,0.873645686586454
ABRAND00968,611,52.99,-114.09,1,4,2,120,5,30,120,24533.749778832003,7,8,False,aircraft,2016-06-05 23:48:00,14,12,18,11,False,1,22,15,False,2,0,0,0.7334669338677354,0.8748731206088205
ABRAND01111,601,50.19,-110.98,1,4,2,120,5,30,120,22486.0940557632,8,11,False,aircraft,2013-12-18 23:45:00,20,18,18,11,False,1,33,910,False,2,0,1,0.7354709418837675,0.8760989743022619
ABRAND00894,351,52.89,-114.27,1,4,2,120,5,30,120,21087.0656532864,1,12,False,aircraft,2015-12-08 23:20:00,14,11,18,11,False,1,42,195,False,2,0,0,0.7374749498997996,0.8773216978136013
ABRAND01110,601,55.36,-110.99,1,4,2,120,5,30,120,23702.3791990848,8,10,False,aircraft,2013-12-18 23:45:00,9,18,18,11,False,1,25,910,False,3,0,0,0.7394789579158316,0.8785430225510877
ABRAND00456,311,53.34,-115.84,1,4,2,120,5,30,120,18392.437278576002,8,10,False,aircraft,2013-06-21 17:01:00,13,8,18,11,False,1,56,1095,False,1,0,0,0.7414829659318637,0.8797618604773227
ABRAND00427,361,53.9,-115.91,1,4,2,120,5,30,120,21266.2945565856,2,7,False,aircraft,2015-06-11 23:17:00,12,8,18,11,False,1,19,375,False,2,1,0,0.7434869739478958,0.8809784984078677
ABRAND00604,311,53.32,-115.31,1,4,2,120,5,30,120,25630.9756795584,7,4,False,aircraft,2012-06-26 17:02:00,13,9,18,11,False,1,30,1454,False,1,0,0,0.7454909819639278,0.8821933839852466
ABRAND00353,361,53.48,-116.14,1,4,2,120,5,30,120,29618.5037639328,15,0,False,aircraft,2016-06-05 23:48:00,13,8,18,11,False,1,67,15,False,1,0,1,0.7474949899799599,0.8834053323412429
ABRAND00952,362,52.79,-114.14,1,4,2,120,5,30,120,31329.923865292796,8,6,False,aircraft,2011-12-29 17:11:00,14,12,18,11,False,1,46,1635,False,1,1,3,0.749498997995992,0.8846140143263885
ABRAND00185,351,54.5,-118.86,1,4,2,120,5,30,120,38063.91597137281,5,7,False,aircraft,2015-06-11 23:17:00,11,2,18,11,False,1,30,375,False,1,0,0,0.751503006012024,0.8858216869560073
ABRAND00520,351,53.86,-115.64,1,4,2,120,5,30,120,15614.387653334401,5,10,False,aircraft,2013-12-18 23:45:00,12,9,18,11,False,1,23,911,False,2,0,0,0.7535070140280561,0.8870277820443719
ABRAND00381,601,53.25,-116.03,1,4,2,120,5,30,120,25413.469180991997,1,17,False,aircraft,2015-12-08 23:20:00,13,8,18,11,False,1,34,195,False,2,0,0,0.7555110220440882,0.8882337166507126
ABRAND00465,361,53.67,-115.83,1,4,2,120,5,30,120,28179.336949862394,9,0,False,aircraft,2016-06-06 17:03:00,13,8,17,11,False,1,56,14,False,1,0,0,0.7575150300601202,0.8894358242568016
ABRAND01164,601,55.19,-110.43,1,4,2,120,5,30,120,29692.658080598405,7,8,False,aircraft,2013-06-22 17:01:00,10,19,17,11,False,1,34,1094,False,1,0,2,0.7595190380761523,0.8906355001595109
ABRAND00419,311,52.96,-115.92,1,4,2,120,5,30,120,31491.35365380481,2,15,False,aircraft,2015-12-09 17:05:00,14,8,17,11,False,1,42,190,False,2,1,0,0.7615230460921844,0.89182705806486
ABRAND01017,601,53.7,-113.77,1,4,2,120,5,30,120,22470.307124745603,2,9,False,aircraft,2015-06-12 17:02:00,13,12,17,11,False,1,39,374,False,1,0,0,0.7635270541082164,0.8930172812004792
ABRAND00836,322,52.38,-114.4,1,4,2,120,5,30,120,32876.825812128,2,17,False,aircraft,2015-12-09 17:05:00,15,11,17,11,False,1,17,190,False,3,2,0,0.7655310621242485,0.8942019284845766
ABRAND00533,361,52.85,-115.6,1,4,2,120,5,30,120,82773.5030920512,1,17,False,aircraft,2015-12-09 17:05:00,14,9,17,11,False,1,27,191,False,3,0,0,0.7675350701402806,0.8953826921081063
ABRAND00971,503,52.83,-114.08,1,4,2,120,5,30,120,9319.0688534304,3,5,False,aircraft,2014-12-14 23:58:00,14,12,17,11,False,1,17,554,False,1,0,0,0.7695390781563126,0.8965633860815453
ABRAND00048,311,55.26,-119.71,1,4,2,120,5,30,120,42660.594562895996,2,18,False,aircraft,2016-06-06 17:03:00,9,1,17,11,False,1,11,9,False,4,0,0,0.7715430861723447,0.8977377000911848
ABRAND00194,601,54.55,-118.8,1,4,2,120,5,30,120,21928.813434374395,15,0,False,,,11,2,17,11,False,1,69,2000,False,0,0,2,0.7735470941883767,0.8989118352107835
ABRAND01124,601,55.34,-110.79,1,4,2,120,5,30,120,16921.277304912004,2,12,False,aircraft,2015-06-12 17:02:00,9,18,17,11,False,1,9,374,False,3,0,0,0.7755511022044088,0.9000850696128041
ABRAND00029,601,54.67,-119.85,1,4,2,120,5,30,120,24638.267957673605,13,0,False,aircraft,2016-06-06 17:03:00,11,0,17,11,False,1,69,14,False,1,0,0,0.7775551102204409,0.9012548061726235
ABRAND00327,361,53.95,-116.26,1,4,2,120,5,30,120,27142.2638413632,3,11,False,aircraft,2014-06-17 23:37:00,12,7,17,11,False,1,38,734,False,1,0,2,0.779559118236473,0.9024184332044979
ABRAND00560,351,53.21,-115.51,1,4,2,120,5,30,120,29161.744592774405,1,18,False,aircraft,2015-12-09 17:05:00,14,9,17,11,False,1,81,193,False,1,1,0,0.781563126252505,0.9035643015725894
ABRAND00947,322,52.41,-114.15,1,4,2,120,5,30,120,5926.2169172256,7,0,False,,,15,12,17,11,False,1,23,2000,False,0,0,0,0.7835671342685371,0.9047100538457097
ABRAND00428,311,52.7,-115.91,1,4,2,120,5,30,120,96295.15450324799,5,7,False,aircraft,2012-12-24 17:11:00,15,8,17,11,False,1,34,1274,False,1,0,0,0.7855711422845691,0.9058556488760687
ABRAND00232,351,54.26,-118.56,1,4,2,120,5,30,120,16708.295345040002,11,0,False,,,11,3,17,11,False,1,73,2000,False,0,0,2,0.7875751503006012,0.9069994854198331
ABRAND00666,361,52.88,-115.11,1,4,2,120,5,30,120,18922.831868649602,1,10,False,aircraft,2015-12-09 17:05:00,14,10,17,11,False,1,49,194,False,1,0,0,0.7895791583166333,0.908142110862156
ABRAND00411,601,53.49,-115.96,1,4,2,120,5,30,120,40653.493043472,6,22,False,aircraft,2016-06-06 17:03:00,13,8,17,11,False,1,12,9,False,4,0,13,0.7915831663326653,0.9092817186006763
ABRAND00423,311,53.21,-115.92,1,4,2,120,5,30,120,27133.981014556804,10,2,False,aircraft,2016-06-06 17:03:00,14,8,17,11,False,1,45,14,False,2,0,0,0.7935871743486974,0.9104206300169643
ABRAND00270,621,54.15,-117.57,1,4,2,120,5,30,120,26155.634104166405,2,10,False,aircraft,2014-12-14 23:58:00,12,5,17,11,False,1,32,554,False,1,0,0,0.7955911823647295,0.9115575134622385
ABRAND00812,351,52.42,-114.47,1,4,2,120,5,30,120,13807.2477150432,10,0,False,,,15,11,17,11,False,1,61,2000,False,0,0,0,0.7975951903807615,0.912690954415565
ABRAND00114,601,55.12,-119.37,1,4,2,120,5,30,120,21098.9483246016,6,10,False,aircraft,2013-06-22 17:01:00,10,1,17,11,False,1,29,1091,False,2,0,0,0.7995991983967936,0.9138231320600959
ABRAND00577,601,53.02,-115.43,1,4,2,120,5,30,120,45418.305254716804,5,10,False,aircraft,2013-12-19 17:00:00,14,9,17,11,False,1,49,914,False,1,0,4,0.8016032064128257,0.914948467415425
ABRAND00834,501,52.43,-114.42,1,4,2,120,5,30,120,32118.978784118404,8,6,False,aircraft,2016-06-06 17:03:00,15,11,17,11,False,1,34,13,False,2,0,0,0.8036072144288577,0.916070453138947
ABRAND00500,351,53.78,-115.72,1,4,2,120,5,30,120,24025.1515286976,4,4,False,aircraft,2014-06-17 23:37:00,12,9,17,11,False,1,18,734,False,1,0,0,0.8056112224448898,0.917191044659124
ABRAND01075,601,51.05,-112.29,1,4,2,120,5,30,120,15722.691495263998,5,0,False,,,18,15,17,11,False,1,38,2000,False,0,0,1,0.8076152304609219,0.9183092270898185
ABRAND01028,601,56.12,-113.37,1,4,2,120,5,30,120,30139.029546508802,3,11,False,aircraft,2015-12-09 17:05:00,8,13,17,11,False,1,58,194,False,1,0,0,0.8096192384769539,0.9194263658841941
ABRAND00226,351,54.3,-118.65,1,4,2,120,5,30,120,10164.1623978816,7,0,False,,,11,3,17,11,False,1,42,2000,False,0,0,0,0.811623246492986,0.9205398260190029
ABRAND01114,506,55.3,-110.95,1,4,2,120,5,30,120,16363.462313260801,8,0,False,,,9,18,17,11,False,1,61,2000,False,0,0,1,0.8136272545090181,0.9216528355013106
ABRAND00350,601,53.2,-116.16,1,4,2,120,5,30,120,24564.443892220796,4,13,False,aircraft,2014-06-17 23:37:00,14,8,17,11,False,1,39,729,False,2,2,0,0.8156312625250501,0.9227580161952472
ABRAND00728,351,53.31,-114.81,1,4,2,120,5,30,120,18466.105206268803,13,9,False,aircraft,2016-06-06 17:03:00,13,10,17,11,False,1,50,12,False,2,0,0,0.8176352705410822,0.9238625861021749
ABRAND01120,506,55.51,-110.88,1,4,2,120,5,30,120,6434.203279449601,11,0,False,,,9,18,17,11,False,1,55,2000,False,0,0,0,0.8196392785571143,0.9249669267096726
ABRAND01095,601,51.31,-111.35,1,4,2,120,5,30,120,20950.9510745376,2,8,False,aircraft,2015-12-09 17:05:00,17,17,17,11,False,1,45,194,False,1,2,0,0.8216432865731463,0.926070476445929
ABRAND01119,601,55.25,-110.9,1,4,2,120,5,30,120,14154.407558179202,1,4,False,aircraft,2015-06-12 17:02:00,9,18,17,11,False,1,19,374,False,1,0,0,0.8236472945891784,0.9271726950178888
ABRAND00279,621,54.11,-117.5,1,4,2,120,5,30,120,96596.90725587841,10,2,False,aircraft,2016-06-06 17:03:00,12,5,17,11,False,1,30,14,False,2,1,0,0.8256513026052105,0.928273430112701
ABRAND00697,311,53.38,-115,1,4,2,120,5,30,120,30553.609146163202,0,6,False,aircraft,2015-12-09 17:05:00,13,10,17,11,False,1,15,194,False,1,0,0,0.8276553106212425,0.929372192825094
ABRAND00035,601,55.35,-119.82,1,4,2,120,5,30,120,67955.55949350719,4,11,False,aircraft,2014-06-17 23:37:00,9,0,17,11,False,1,26,731,False,2,0,1,0.8296593186372746,0.930465345640514
ABRAND00158,351,54.38,-119.07,1,4,2,120,5,30,120,34409.7606437568,5,8,False,aircraft,2016-06-07 17:05:00,11,2,16,11,False,1,43,9,False,2,0,0,0.8316633266533067,0.9315577286366247
ABRAND00603,311,53.19,-115.32,1,4,2,120,5,30,120,17465.1509190528,5,5,False,aircraft,2012-12-24 17:11:00,14,9,16,11,False,1,29,1274,False,1,0,0,0.8336673346693386,0.9326409983562123
ABRAND00014,601,54.94,-119.91,1,4,2,120,5,30,120,23042.718048816005,7,7,False,aircraft,2016-06-07 17:05:00,10,0,16,11,False,1,27,11,False,2,1,0,0.8356713426853707,0.9337220420927451
ABRAND01157,601,54.71,-110.48,1,4,2,120,5,30,120,19632.527521487995,7,8,False,aircraft,2013-06-23 17:08:00,11,19,16,11,False,1,25,1093,False,1,0,0,0.8376753507014028,0.934802822127239
ABRAND00777,311,52.4,-114.57,1,4,2,120,5,30,120,28791.094286016007,15,0,False,aircraft,2016-06-07 17:05:00,15,11,16,11,False,1,80,13,False,1,0,1,0.8396793587174348,0.9358817989222478
ABRAND00844,311,52.75,-114.37,1,4,2,120,5,30,120,17135.943245107203,7,6,False,aircraft,2012-06-28 17:12:00,14,11,16,11,False,1,40,1453,False,1,0,2,0.8416833667334669,0.9369532006469948
ABRAND00333,361,53.15,-116.24,1,4,2,120,5,30,120,19154.178231984002,6,11,False,aircraft,2013-06-23 17:08:00,14,8,16,11,False,1,47,1093,False,1,0,0,0.843687374749499,0.9380209672650729
ABRAND00074,601,55.13,-119.57,1,4,2,120,5,30,120,14454.763245964798,11,6,False,aircraft,2016-06-07 17:05:00,10,1,16,11,False,1,13,12,False,2,0,0,0.845691382765531,0.9390832310504635
ABRAND00736,351,53.13,-114.76,1,4,2,120,5,30,120,29266.448421455996,11,6,False,aircraft,2016-06-07 17:05:00,14,10,16,11,False,1,33,11,False,2,0,0,0.8476953907815631,0.9401430612086455
ABRAND00899,351,52.56,-114.26,1,4,2,120,5,30,120,27849.768769670398,17,0,False,,,15,11,16,11,False,1,86,2000,False,0,0,0,0.8496993987975952,0.9412006142577997
ABRAND00418,351,52.81,-115.94,1,4,2,120,5,30,120,27624.097981900803,6,15,False,aircraft,2014-12-15 17:05:00,14,8,16,11,False,1,29,551,False,2,0,2,0.8517034068136272,0.9422578548805601
ABRAND00043,501,55.23,-119.77,1,4,2,120,5,30,120,20432.145500841598,12,0,False,aircraft,2016-06-07 17:05:00,10,0,16,11,False,1,32,13,False,1,0,0,0.8537074148296593,0.9433132075740173
ABRAND01117,601,50.17,-110.93,1,4,2,120,5,30,120,23236.127515670403,8,6,False,aircraft,2012-06-28 17:12:00,20,18,16,11,False,1,29,1453,False,1,0,0,0.8557114228456913,0.9443675018307189
ABRAND00638,402,52.89,-115.19,1,4,2,120,5,30,120,25409.960313955202,9,0,False,,,14,10,16,11,False,1,42,2000,False,0,0,1,0.8577154308617234,0.9454200620273687
ABRAND00343,601,53.56,-116.19,1,4,2,120,5,30,120,18539.3107056096,3,8,False,aircraft,2013-06-23 17:08:00,13,8,16,11,False,1,12,1093,False,1,0,1,0.8597194388777555,0.9464575413921186
ABRAND00741,351,52.13,-114.74,1,4,2,120,5,30,120,20097.923454374406,5,8,False,aircraft,2014-06-18 17:11:00,16,11,16,11,False,1,20,729,False,2,0,0,0.8617234468937875,0.9474865188599376
ABRAND00375,401,53.31,-116.05,1,4,2,120,5,30,120,12398.625375264,6,6,False,aircraft,2016-06-07 17:05:00,13,8,16,11,False,1,21,12,False,2,0,0,0.8637274549098196,0.9485140593014778
ABRAND01100,601,50.16,-111.3,1,4,2,120,5,30,120,19730.211803856,3,8,False,aircraft,2015-12-10 17:10:00,20,17,16,11,False,1,32,193,False,1,0,0,0.8657314629258517,0.9495338146311038
ABRAND00842,501,52.12,-114.38,1,4,2,120,5,30,120,39906.898172668814,0,14,False,aircraft,2015-12-10 17:10:00,16,11,16,11,False,1,10,190,False,3,0,0,0.8677354709418837,0.950547162810396
ABRAND00623,311,53.12,-115.26,1,4,2,120,5,30,120,11733.1440655104,4,6,False,aircraft,2012-12-25 17:09:00,14,9,16,11,False,1,23,1273,False,1,0,0,0.8697394789579158,0.9515591310981937
ABRAND00125,601,54.95,-119.29,1,4,2,120,5,30,120,20333.2979075328,2,12,False,aircraft,2015-06-13 17:14:00,10,1,16,11,False,1,17,370,False,3,0,0,0.8717434869739479,0.9525689350020726
ABRAND01091,601,50.8,-111.46,1,4,2,120,5,30,120,29427.65331552001,2,19,False,aircraft,2015-06-13 17:14:00,18,17,16,11,False,1,34,370,False,2,0,2,0.87374749498998,0.9535719284863488
ABRAND00762,351,52.19,-114.64,1,4,2,120,5,30,120,38332.7096631264,4,11,False,aircraft,2014-06-18 17:11:00,16,11,16,11,False,1,15,731,False,3,0,1,0.875751503006012,0.9545696390588385
ABRAND00601,351,53.36,-115.32,1,4,2,120,5,30,120,27687.785319072,11,2,False,aircraft,2016-06-07 17:05:00,13,9,16,11,False,1,23,13,False,2,0,0,0.8777555110220441,0.9555652105023846
ABRAND00103,601,54.98,-119.44,1,4,2,120,5,30,120,17409.649957776,11,0,False,,,10,1,16,11,False,1,64,2000,False,0,0,2,0.8797595190380761,0.9565561510897679
ABRAND00940,601,52.43,-114.17,1,4,2,120,5,30,120,26440.797441110397,5,7,False,aircraft,2016-06-07 17:05:00,15,12,16,11,False,1,19,10,False,2,0,0,0.8817635270541082,0.9575439509007528
ABRAND00939,311,52.59,-114.17,1,4,2,120,5,30,120,20072.4552681408,3,19,False,aircraft,2015-12-10 17:10:00,15,12,16,11,False,1,61,193,False,1,0,2,0.8837675350701403,0.9585301619741312
ABRAND00725,351,52.14,-114.82,1,4,2,120,5,30,120,15303.6991961856,4,4,False,aircraft,2012-06-28 17:12:00,16,10,16,11,False,1,27,1453,False,1,0,1,0.8857715430861723,0.9595090395582525
ABRAND00702,361,52.92,-114.95,1,4,2,120,5,30,120,30108.770363635205,10,2,False,aircraft,2012-06-28 17:12:00,14,10,16,11,False,1,43,1452,False,1,0,0,0.8877755511022044,0.9604873049112426
ABRAND00770,601,52.68,-114.61,1,4,2,120,5,30,120,22937.607017366405,2,12,False,aircraft,2014-12-15 17:05:00,15,11,16,11,False,1,53,553,False,1,1,0,0.8897795591182365,0.9614571387584138
ABRAND01045,601,56.05,-113.03,1,4,2,120,5,30,120,28173.738552220802,8,0,False,,,8,14,16,11,False,1,53,2000,False,0,0,0,0.8917835671342685,0.9624237749178328
ABRAND00202,351,54.32,-118.75,1,4,2,120,5,30,120,15777.4672247904,5,9,False,aircraft,2014-12-15 17:05:00,11,2,16,11,False,1,37,553,False,1,0,0,0.8937875751503006,0.9633632731403654
ABRAND00250,601,56.24,-117.87,1,4,2,120,5,30,120,26032.098328790395,0,13,False,aircraft,2015-12-10 17:10:00,8,4,16,11,False,1,18,193,False,2,0,0,0.8957915831663327,0.9642734966983348
ABRAND00402,311,53.13,-115.98,1,4,2,120,5,30,120,22549.7263848192,1,12,False,aircraft,2015-06-13 17:14:00,14,8,16,11,False,1,41,373,False,1,0,0,0.8977955911823647,0.9651790359777755
ABRAND00573,601,52.55,-115.44,1,4,2,120,5,30,120,15956.998831180803,4,4,False,aircraft,2013-12-20 17:04:00,15,9,16,11,False,1,14,913,False,1,0,0,0.8997995991983968,0.9660841905179625
ABRAND00332,601,53.12,-116.24,1,4,2,120,5,30,120,17264.5844198976,7,0,False,,,14,8,16,11,False,1,32,2000,False,0,0,0,0.9018036072144289,0.9669871593777936
ABRAND00799,361,52.18,-114.51,1,4,2,120,5,30,120,33901.524938908806,5,10,False,aircraft,2016-06-07 17:05:00,16,11,16,11,False,1,42,10,False,2,0,0,0.9038076152304609,0.9678891009726717
ABRAND01035,601,56.1,-113.23,1,4,2,120,5,30,120,19883.896902345597,0,14,False,aircraft,2015-06-12 17:02:00,8,14,16,11,False,1,16,373,False,2,0,0,0.905811623246493,0.9687806232704074
ABRAND00329,361,53.16,-116.26,1,4,2,120,5,30,120,28996.291901376,3,15,False,aircraft,2014-12-14 23:58:00,14,7,16,11,False,1,31,554,False,2,0,2,0.9078156312625251,0.9696655969399185
ABRAND00714,601,52.98,-114.89,1,4,2,120,5,30,120,16773.6787708032,6,4,False,aircraft,2012-12-25 17:09:00,14,10,15,11,False,1,26,1273,False,1,0,1,0.9098196392785571,0.9705474564126768
ABRAND01003,361,52.9,-113.91,1,4,2,120,5,30,120,23786.1289526112,3,10,False,aircraft,2014-12-16 23:49:00,14,12,15,11,False,1,29,552,False,1,0,0,0.9118236472945892,0.9714214059047501
ABRAND00982,351,52.7,-114.04,1,4,2,120,5,30,120,28028.8619024544,12,0,False,,,15,12,15,11,False,1,84,2000,False,0,0,0,0.9138276553106213,0.9722894253581683
ABRAND00183,351,54.42,-118.87,1,4,2,120,5,30,120,26278.8691568256,4,7,False,aircraft,2014-06-19 17:00:00,11,2,15,11,False,1,36,732,False,1,0,2,0.9158316633266533,0.9731461141034781
ABRAND00091,311,55.04,-119.51,1,4,2,120,5,30,120,32141.522485699203,5,9,False,aircraft,2016-06-08 23:41:00,10,1,15,11,False,1,54,8,False,2,1,0,0.9178356713426854,0.9739954206298765
ABRAND00866,322,52.24,-114.33,1,4,2,120,5,30,120,23093.6514448032,3,8,False,aircraft,2016-06-08 23:41:00,16,11,15,11,False,1,35,9,False,2,1,0,0.9198396793587175,0.9748431492523346
ABRAND00698,351,52.87,-114.99,1,4,2,120,5,30,120,189090.7375639104,1,14,False,aircraft,2015-06-14 17:08:00,14,10,15,11,False,1,18,371,False,2,0,1,0.9218436873747495,0.9756878377903166
ABRAND00519,361,52.59,-115.64,1,4,2,120,5,30,120,19251.626993049606,10,0,False,,,15,9,15,11,False,1,48,2000,False,0,0,0,0.9238476953907816,0.9765312367901376
ABRAND01142,601,54.83,-110.63,1,4,2,120,5,30,120,27186.124169692805,10,11,False,aircraft,2012-12-26 17:10:00,10,19,15,11,False,1,63,1272,False,1,0,0,0.9258517034068137,0.9773738386527652
ABRAND00679,351,52.91,-115.06,1,4,2,120,5,30,120,22398.227175225602,8,0,False,,,14,10,15,11,False,1,50,2000,False,0,0,0,0.9278557114228457,0.9782100195335203
ABRAND00864,351,53.07,-114.33,1,4,2,120,5,30,120,26336.729334470398,1,10,False,aircraft,2015-12-11 17:03:00,14,11,15,11,False,1,21,189,False,2,0,0,0.9298597194388778,0.9790314490864238
ABRAND00797,351,52.21,-114.51,1,4,2,120,5,30,120,32132.365135718403,5,12,False,aircraft,2015-06-14 17:08:00,16,11,15,11,False,1,25,371,False,2,0,0,0.9318637274549099,0.9798525277224025
ABRAND00433,361,53.68,-115.9,1,4,2,120,5,30,120,29132.0576077248,3,10,False,aircraft,2014-12-16 23:49:00,13,8,15,11,False,1,44,552,False,1,0,0,0.9338677354709419,0.9806695222741316
ABRAND00963,351,52.76,-114.11,1,4,2,120,5,30,120,22415.1962922144,12,0,False,aircraft,2016-06-08 23:41:00,14,12,15,11,False,1,35,12,False,1,0,0,0.935871743486974,0.981478694899485
ABRAND00171,351,54.42,-118.95,1,4,2,120,5,30,120,12596.313588710404,5,8,False,aircraft,2013-12-21 17:04:00,11,2,15,11,False,1,46,912,False,1,2,0,0.9378757515030061,0.9822766227008303
ABRAND01161,601,55.39,-110.45,1,4,2,120,5,30,120,27123.024595564806,4,11,False,aircraft,2014-12-16 23:49:00,9,19,15,11,False,1,26,551,False,2,0,0,0.9398797595190381,0.9830669433226492
ABRAND00186,351,54.34,-118.86,1,4,2,120,5,30,120,17819.847529488,13,0,False,,,11,2,15,11,False,1,91,2000,False,0,0,1,0.9418837675350702,0.9838292103742342
ABRAND00865,601,52.1,-114.33,1,4,2,120,5,30,120,17509.8618470016,5,10,False,aircraft,2015-06-14 17:08:00,16,11,15,11,False,1,52,372,False,1,1,0,0.9438877755511023,0.9845808453061221
ABRAND00793,621,52.29,-114.52,1,4,2,120,5,30,120,22024.356511680002,3,10,False,aircraft,2015-12-11 17:03:00,15,11,15,11,False,1,44,192,False,1,1,0,0.9458917835671342,0.9853313769367212
ABRAND00704,601,52.81,-114.95,1,4,2,120,5,30,120,17986.389783292805,6,15,False,aircraft,2014-12-16 23:49:00,14,10,15,11,False,1,37,550,False,2,0,0,0.9478957915831663,0.9860809025761998
ABRAND00097,601,55.37,-119.5,1,4,2,120,5,30,120,8382.734933184001,6,0,False,,,9,1,15,11,False,1,36,2000,False,0,0,0,0.9498997995991983,0.9868271155257445
ABRAND00608,361,52.49,-115.3,1,4,2,120,5,30,120,18087.5845671264,4,13,False,aircraft,2015-06-14 17:08:00,15,9,15,11,False,1,28,370,False,2,0,0,0.9519038076152304,0.987557392767075
ABRAND00675,351,52.96,-115.08,1,4,2,120,5,30,120,21846.034629964804,3,11,False,aircraft,2016-06-08 23:41:00,14,10,15,11,False,1,30,8,False,2,0,0,0.9539078156312625,0.988268978964902
ABRAND00460,311,53.36,-115.84,1,4,2,120,5,30,120,179963.52288160322,6,14,False,aircraft,2013-12-21 17:04:00,13,8,15,11,False,1,41,912,False,1,0,0,0.9559118236472945,0.9889771608039247
ABRAND00154,601,54.95,-119.11,1,4,2,120,5,30,120,27125.5111504992,6,6,False,aircraft,2016-06-08 23:41:00,10,2,15,11,False,1,26,11,False,2,0,0,0.9579158316633266,0.9896561565246794
ABRAND00617,601,52.53,-115.27,1,4,2,120,5,30,120,14326.568853264003,0,15,False,aircraft,2015-06-14 17:08:00,15,9,15,11,False,1,24,371,False,2,0,0,0.9599198396793587,0.9903337390338371
ABRAND01101,601,50.36,-111.26,1,4,2,120,5,30,120,12929.055917241598,1,10,False,aircraft,2015-06-14 17:08:00,19,17,15,11,False,1,47,372,False,1,0,0,0.9619238476953907,0.9910001493865304
ABRAND00943,361,52.68,-114.17,1,4,2,120,5,30,120,12483.328923619201,1,10,False,aircraft,2015-12-11 17:03:00,15,12,15,11,False,1,27,192,False,1,0,0,0.9639278557114228,0.9916649044797331
ABRAND00846,621,52.26,-114.36,1,4,2,120,5,30,120,109859.66628269761,8,7,False,aircraft,2016-06-08 23:41:00,15,11,15,11,False,1,20,12,False,3,0,0,0.9659318637274549,0.9923173262448636
ABRAND00540,601,53.74,-115.59,1,4,2,120,5,30,120,23427.230804870404,7,3,False,aircraft,2012-12-26 17:10:00,13,9,15,11,False,1,26,1272,False,1,0,1,0.9679358717434869,0.9929669962880556
ABRAND00331,601,53.42,-116.24,1,4,2,120,5,30,120,11669.7953492064,1,8,False,aircraft,2015-12-11 17:03:00,13,8,15,11,False,1,24,192,False,1,0,0,0.969939879759519,0.993569470340253
ABRAND01080,601,53.06,-112.03,1,4,2,120,5,30,120,33106.14977402881,11,1,False,aircraft,2011-07-05 17:05:00,14,16,15,11,False,1,44,1812,False,1,0,0,0.9719438877755511,0.9941631379026684
ABRAND00860,601,52.4,-114.34,1,4,2,120,5,30,120,14220.553830019202,4,7,False,aircraft,2014-06-19 17:00:00,15,11,15,11,False,1,33,732,False,1,0,1,0.9739478957915831,0.9947540276430913
ABRAND00768,311,52.04,-114.62,1,4,2,120,5,30,120,14086.852076419202,7,6,False,aircraft,2013-12-21 17:04:00,16,11,15,11,False,1,43,912,False,1,1,0,0.9759519038076152,0.995340897297962
ABRAND00286,621,54.08,-117.38,1,4,2,120,5,30,120,17227.633676515197,7,8,False,aircraft,2016-06-08 23:41:00,12,5,15,11,False,1,22,11,False,2,0,0,0.9779559118236473,0.9958644088388152
ABRAND00224,351,54.44,-118.67,1,4,2,120,5,30,120,19199.853288115202,6,10,False,aircraft,2014-06-19 17:00:00,11,3,15,11,False,1,41,732,False,1,0,0,0.9799599198396793,0.9963278091480829
ABRAND00683,401,52.94,-115.05,1,4,2,120,5,30,120,26780.033681251207,2,10,False,aircraft,2014-12-16 23:49:00,14,10,15,11,False,1,44,552,False,1,1,0,0.9819639278557114,0.9967908523944032
ABRAND00129,601,54.66,-119.26,1,4,2,120,5,30,120,22246.5438847296,0,15,False,aircraft,2015-12-11 17:03:00,11,1,15,11,False,1,12,189,False,2,0,0,0.9839679358717435,0.9972504395441099
ABRAND00009,601,57.73,-119.92,1,4,2,120,5,30,120,27089.8027040736,2,9,False,aircraft,2015-12-12 23:22:00,5,0,14,11,False,1,50,191,False,1,0,0,0.9859719438877755,0.9977008938037369
ABRAND00177,601,54.62,-118.91,1,4,2,120,5,30,120,26896.874514163206,3,6,False,aircraft,2013-12-22 23:27:00,11,2,14,11,False,1,16,911,False,1,0,0,0.9879759519038076,0.9981477302877768
ABRAND01020,601,50.2,-113.55,1,4,2,120,5,30,120,10720.451579097602,4,9,False,aircraft,2014-06-20 23:41:00,20,13,14,11,False,1,34,731,False,1,0,0,0.9899799599198397,0.9985626207626185
ABRAND00431,311,52.99,-115.9,1,4,2,120,5,30,120,23229.728208086406,13,2,False,aircraft,2012-01-01 17:03:00,14,8,14,11,False,1,69,1632,False,1,0,0,0.9919839679358717,0.9989082548499296
ABRAND00801,621,52.48,-114.5,1,4,2,120,5,30,120,173850.41287805757,0,12,False,aircraft,2015-12-12 23:22:00,15,11,14,11,False,1,19,191,False,2,0,0,0.9939879759519038,0.9992468785826453
ABRAND00007,601,54.63,-119.95,1,4,2,120,5,30,120,13982.101905628799,4,8,False,aircraft,2014-06-20 23:41:00,11,0,14,11,False,1,16,730,False,2,1,0,0.9959919839679359,0.9995347425514248
ABRAND01129,331,55.52,-110.76,1,4,2,120,5,30,120,27549.6777034848,12,0,False,,,9,18,14,11,False,1,92,2000,False,0,0,1,0.9979959919839679,0.9998096293313404
ABRAND00907,361,52.53,-114.24,1,4,2,120,5,30,120,15251.776021411202,1,15,False,aircraft,2015-06-15 23:43:00,15,12,14,11,False,1,21,371,False,2,0,1,1.0,1.0
