facility_ID,subtype_code,lat,lon,equipment_groups
ABRAND00001,601,55.05,-119.99,1
ABRAND00002,601,54.74,-119.98,3
ABRAND00003,601,55.25,-119.96,1
ABRAND00004,601,55.32,-119.96,5
ABRAND00005,601,55.19,-119.95,4
ABRAND00006,351,55.25,-119.95,5
ABRAND00007,601,54.63,-119.95,1
ABRAND00008,601,55.28,-119.92,4
ABRAND00009,601,57.73,-119.92,2
ABRAND00010,601,55.12,-119.92,4
ABRAND00011,601,57.57,-119.91,5
ABRAND00012,601,54.75,-119.91,3
ABRAND00013,601,55.03,-119.91,3
ABRAND00014,601,54.94,-119.91,1
ABRAND00015,601,54.91,-119.91,4
ABRAND00016,601,57.3,-119.9,4
ABRAND00017,601,55.09,-119.9,3
ABRAND00018,601,55.04,-119.9,1
ABRAND00019,601,54.97,-119.89,2
ABRAND00020,601,55.03,-119.89,1
ABRAND00021,601,57.31,-119.89,1
ABRAND00022,311,55.33,-119.88,3
ABRAND00023,311,55.24,-119.87,5
ABRAND00024,601,54.87,-119.87,4
ABRAND00025,601,55.21,-119.87,1
ABRAND00026,601,55.07,-119.86,2
ABRAND00027,351,55.24,-119.86,4
ABRAND00028,601,57.69,-119.86,4
ABRAND00029,601,54.67,-119.85,1
ABRAND00030,601,54.68,-119.85,5
ABRAND00031,601,55.29,-119.83,1
ABRAND00032,601,55.04,-119.83,5
ABRAND00033,601,57.85,-119.83,1
ABRAND00034,601,55.27,-119.83,1
ABRAND00035,601,55.35,-119.82,4
ABRAND00036,601,54.89,-119.82,4
ABRAND00037,601,54.95,-119.82,1
ABRAND00038,601,55.06,-119.82,4
ABRAND00039,601,55,-119.79,1
ABRAND00040,601,55.03,-119.79,5
ABRAND00041,601,55.18,-119.78,2
ABRAND00042,601,54.86,-119.78,5
ABRAND00043,501,55.23,-119.77,2
ABRAND00044,601,55.12,-119.76,2
ABRAND00045,351,54.81,-119.75,1
ABRAND00046,601,56.03,-119.71,5
ABRAND00047,351,55.23,-119.71,2
ABRAND00048,311,55.26,-119.71,4
ABRAND00049,621,54.88,-119.71,3
ABRAND00050,351,55.11,-119.7,3
ABRAND00051,601,54.83,-119.7,1
ABRAND00052,601,55.11,-119.69,4
ABRAND00053,601,54.78,-119.69,5
ABRAND00054,601,55.13,-119.69,4
ABRAND00055,601,54.81,-119.68,5
ABRAND00056,601,54.91,-119.68,3
ABRAND00057,601,56.03,-119.68,3
ABRAND00058,601,55.27,-119.67,5
ABRAND00059,601,55.1,-119.66,4
ABRAND00060,601,56.12,-119.65,3
ABRAND00061,601,55.06,-119.64,1
ABRAND00062,601,55.13,-119.64,4
ABRAND00063,601,54.79,-119.63,1
ABRAND00064,601,54.71,-119.63,2
ABRAND00065,503,55.03,-119.62,3
ABRAND00066,601,54.94,-119.61,3
ABRAND00067,601,54.85,-119.61,4
ABRAND00068,601,57.4,-119.6,2
ABRAND00069,601,55.01,-119.6,5
ABRAND00070,601,55.14,-119.59,1
ABRAND00071,601,54.55,-119.58,3
ABRAND00072,601,54.84,-119.58,3
ABRAND00073,601,54.72,-119.58,5
ABRAND00074,601,55.13,-119.57,4
ABRAND00075,601,57.6,-119.57,3
ABRAND00076,362,55.15,-119.57,1
ABRAND00077,601,57.41,-119.56,3
ABRAND00078,601,54.98,-119.56,2
ABRAND00079,601,54.72,-119.56,2
ABRAND00080,601,54.85,-119.56,2
ABRAND00081,401,55.09,-119.56,2
ABRAND00082,601,55.14,-119.56,1
ABRAND00083,351,55.43,-119.55,5
ABRAND00084,601,55.08,-119.55,1
ABRAND00085,601,57.51,-119.55,2
ABRAND00086,601,54.86,-119.54,2
ABRAND00087,601,54.43,-119.53,5
ABRAND00088,601,54.55,-119.53,5
ABRAND00089,601,54.78,-119.52,3
ABRAND00090,601,55.08,-119.52,1
ABRAND00091,311,55.04,-119.51,2
ABRAND00092,601,54.74,-119.51,5
ABRAND00093,311,54.84,-119.51,2
ABRAND00094,601,54.65,-119.51,2
ABRAND00095,601,54.72,-119.5,3
ABRAND00096,601,55.35,-119.5,4
ABRAND00097,601,55.37,-119.5,2
ABRAND00098,601,54.94,-119.5,3
ABRAND00099,601,54.69,-119.47,2
ABRAND00100,601,55.23,-119.46,2
ABRAND00101,601,54.88,-119.44,5
ABRAND00102,601,57.45,-119.44,4
ABRAND00103,601,54.98,-119.44,2
ABRAND00104,601,54.58,-119.42,1
ABRAND00105,601,55.84,-119.42,2
ABRAND00106,311,55.2,-119.4,4
ABRAND00107,601,54.9,-119.4,4
ABRAND00108,601,54.82,-119.39,4
ABRAND00109,321,54.68,-119.38,1
ABRAND00110,601,54.85,-119.38,5
ABRAND00111,601,55.55,-119.38,2
ABRAND00112,601,55.11,-119.38,2
ABRAND00113,601,54.91,-119.38,1
ABRAND00114,601,55.12,-119.37,1
ABRAND00115,601,54.86,-119.36,1
ABRAND00116,601,55.29,-119.34,1
ABRAND00117,311,55.4,-119.34,1
ABRAND00118,311,55.33,-119.33,3
ABRAND00119,601,55.6,-119.32,1
ABRAND00120,601,54.94,-119.32,5
ABRAND00121,601,55.44,-119.3,2
ABRAND00122,601,54.73,-119.3,5
ABRAND00123,601,55.02,-119.3,5
ABRAND00124,601,54.83,-119.3,3
ABRAND00125,601,54.95,-119.29,5
ABRAND00126,601,54.9,-119.29,3
ABRAND00127,601,55.09,-119.29,1
ABRAND00128,601,54.86,-119.27,3
ABRAND00129,601,54.66,-119.26,4
ABRAND00130,601,54.61,-119.26,1
ABRAND00131,601,54.9,-119.26,1
ABRAND00132,351,55.27,-119.26,1
ABRAND00133,601,54.99,-119.26,3
ABRAND00134,601,55.38,-119.24,5
ABRAND00135,601,55.29,-119.24,1
ABRAND00136,601,55.43,-119.24,2
ABRAND00137,311,55.32,-119.23,3
ABRAND00138,601,55.35,-119.22,1
ABRAND00139,601,55.02,-119.19,4
ABRAND00140,601,55.3,-119.19,1
ABRAND00141,351,54.52,-119.18,3
ABRAND00142,601,55.08,-119.17,1
ABRAND00143,601,54.51,-119.17,1
ABRAND00144,601,54.7,-119.15,4
ABRAND00145,601,55.56,-119.15,3
ABRAND00146,351,54.43,-119.15,1
ABRAND00147,601,54.88,-119.14,1
ABRAND00148,601,54.97,-119.14,4
ABRAND00149,351,54.54,-119.14,1
ABRAND00150,351,54.71,-119.13,5
ABRAND00151,601,54.23,-119.13,2
ABRAND00152,601,54.8,-119.12,1
ABRAND00153,601,54.58,-119.12,4
ABRAND00154,601,54.95,-119.11,3
ABRAND00155,601,54.8,-119.1,4
ABRAND00156,362,54.63,-119.09,1
ABRAND00157,351,54.56,-119.09,5
ABRAND00158,351,54.38,-119.07,2
ABRAND00159,601,54.79,-119.06,3
ABRAND00160,601,54.76,-119.04,5
ABRAND00161,351,54.57,-119.03,1
ABRAND00162,601,54.7,-119.03,1
ABRAND00163,351,54.45,-119.02,5
ABRAND00164,351,54.52,-119.01,5
ABRAND00165,601,55.6,-119,5
ABRAND00166,601,55.25,-119,2
ABRAND00167,621,54.36,-118.99,4
ABRAND00168,351,54.5,-118.98,3
ABRAND00169,601,54.69,-118.97,1
ABRAND00170,601,55.34,-118.96,2
ABRAND00171,351,54.42,-118.95,4
ABRAND00172,351,54.44,-118.94,1
ABRAND00173,351,54.43,-118.94,4
ABRAND00174,351,54.54,-118.94,2
ABRAND00175,601,55.34,-118.94,2
ABRAND00176,361,54.42,-118.93,1
ABRAND00177,601,54.62,-118.91,3
ABRAND00178,351,54.22,-118.91,1
ABRAND00179,601,54.72,-118.9,5
ABRAND00180,601,54.53,-118.89,4
ABRAND00181,351,54.38,-118.89,3
ABRAND00182,601,54.95,-118.88,2
ABRAND00183,351,54.42,-118.87,1
ABRAND00184,351,54.65,-118.86,5
ABRAND00185,351,54.5,-118.86,4
ABRAND00186,351,54.34,-118.86,1
ABRAND00187,621,54.65,-118.85,2
ABRAND00188,351,54.37,-118.85,2
ABRAND00189,351,54.46,-118.82,3
ABRAND00190,601,54.43,-118.82,1
ABRAND00191,351,54.12,-118.81,5
ABRAND00192,322,54.49,-118.81,1
ABRAND00193,351,54.5,-118.8,1
ABRAND00194,601,54.55,-118.8,4
ABRAND00195,351,54.52,-118.79,3
ABRAND00196,601,54.93,-118.79,2
ABRAND00197,351,54.54,-118.78,5
ABRAND00198,351,54.31,-118.78,5
ABRAND00199,621,54.41,-118.77,2
ABRAND00200,351,54.45,-118.76,5
ABRAND00201,351,54.53,-118.76,3
ABRAND00202,351,54.32,-118.75,2
ABRAND00203,621,54.37,-118.75,2
ABRAND00204,351,54.23,-118.75,1
ABRAND00205,351,54.47,-118.75,1
ABRAND00206,351,54.2,-118.74,4
ABRAND00207,351,54.46,-118.74,3
ABRAND00208,351,54.34,-118.72,1
ABRAND00209,351,54.25,-118.72,4
ABRAND00210,351,54.19,-118.72,1
ABRAND00211,351,54.54,-118.72,3
ABRAND00212,351,54.53,-118.71,5
ABRAND00213,351,54.36,-118.71,3
ABRAND00214,351,54.45,-118.7,4
ABRAND00215,601,54.36,-118.7,1
ABRAND00216,351,54.19,-118.7,1
ABRAND00217,351,54.44,-118.7,3
ABRAND00218,351,54.35,-118.69,4
ABRAND00219,351,54.46,-118.69,5
ABRAND00220,351,54.45,-118.69,5
ABRAND00221,351,54.4,-118.68,1
ABRAND00222,361,54.4,-118.68,2
ABRAND00223,351,54.32,-118.67,5
ABRAND00224,351,54.44,-118.67,3
ABRAND00225,351,54.52,-118.66,3
ABRAND00226,351,54.3,-118.65,1
ABRAND00227,351,54.49,-118.63,4
ABRAND00228,351,54.55,-118.63,4
ABRAND00229,351,54.41,-118.63,5
ABRAND00230,322,54.62,-118.59,4
ABRAND00231,351,54.47,-118.58,5
ABRAND00232,351,54.26,-118.56,5
ABRAND00233,351,54.54,-118.55,3
ABRAND00234,351,54.25,-118.55,4
ABRAND00235,601,57.13,-118.54,3
ABRAND00236,351,54.39,-118.53,5
ABRAND00237,621,54.5,-118.48,1
ABRAND00238,311,54.31,-118.44,5
ABRAND00239,351,54.36,-118.42,3
ABRAND00240,621,54.2,-118.42,3
ABRAND00241,361,54.03,-118.38,4
ABRAND00242,401,54.28,-118.32,4
ABRAND00243,311,54.21,-118.16,4
ABRAND00244,361,54.12,-118.13,3
ABRAND00245,351,54.29,-118.1,2
ABRAND00246,601,56.99,-118.03,4
ABRAND00247,361,54.21,-118,3
ABRAND00248,621,54.07,-117.94,3
ABRAND00249,601,53.58,-117.9,2
ABRAND00250,601,56.24,-117.87,5
ABRAND00251,361,53.88,-117.85,3
ABRAND00252,601,53.78,-117.83,3
ABRAND00253,361,54.42,-117.79,1
ABRAND00254,601,53.41,-117.78,1
ABRAND00255,361,54.05,-117.75,2
ABRAND00256,601,53.5,-117.74,1
ABRAND00257,621,54.08,-117.71,3
ABRAND00258,351,54.02,-117.7,5
ABRAND00259,601,53.21,-117.7,4
ABRAND00260,322,54.14,-117.67,5
ABRAND00261,351,54.06,-117.65,2
ABRAND00262,351,54.02,-117.63,4
ABRAND00263,601,53.63,-117.63,1
ABRAND00264,621,53.99,-117.62,3
ABRAND00265,361,54.2,-117.62,1
ABRAND00266,601,54.09,-117.62,2
ABRAND00267,361,54.17,-117.59,2
ABRAND00268,351,54.26,-117.58,3
ABRAND00269,601,54.25,-117.58,5
ABRAND00270,621,54.15,-117.57,4
ABRAND00271,621,54.23,-117.57,1
ABRAND00272,621,53.98,-117.56,1
ABRAND00273,601,54.07,-117.55,1
ABRAND00274,601,54.85,-117.54,1
ABRAND00275,361,54.09,-117.53,4
ABRAND00276,361,54.23,-117.52,2
ABRAND00277,601,54,-117.52,2
ABRAND00278,601,54.15,-117.51,3
ABRAND00279,621,54.11,-117.5,2
ABRAND00280,621,54.22,-117.49,2
ABRAND00281,322,54.34,-117.45,4
ABRAND00282,361,53.96,-117.43,4
ABRAND00283,361,54.11,-117.41,4
ABRAND00284,601,54.16,-117.41,2
ABRAND00285,601,54,-117.38,2
ABRAND00286,621,54.08,-117.38,4
ABRAND00287,601,54.15,-117.37,5
ABRAND00288,601,54.65,-117.35,5
ABRAND00289,621,54.67,-117.3,2
ABRAND00290,311,54.07,-117.29,2
ABRAND00291,361,54.07,-117.25,4
ABRAND00292,322,53.97,-117.25,5
ABRAND00293,601,53.23,-117.25,2
ABRAND00294,361,54.04,-117.24,4
ABRAND00295,361,54.87,-117.13,1
ABRAND00296,322,53.99,-117.1,1
ABRAND00297,601,53.99,-117.09,1
ABRAND00298,311,54.12,-117.09,4
ABRAND00299,311,53.85,-117.08,2
ABRAND00300,601,53.17,-117.06,3
ABRAND00301,601,54.15,-116.92,2
ABRAND00302,601,54.24,-116.84,5
ABRAND00303,601,54.11,-116.81,4
ABRAND00304,601,54.19,-116.69,2
ABRAND00305,601,53.25,-116.61,3
ABRAND00306,601,54.19,-116.55,1
ABRAND00307,362,53.41,-116.53,4
ABRAND00308,311,53.24,-116.45,2
ABRAND00309,311,54.43,-116.41,5
ABRAND00310,362,53.2,-116.39,4
ABRAND00311,601,53.33,-116.39,4
ABRAND00312,311,53.14,-116.38,5
ABRAND00313,362,52.97,-116.34,2
ABRAND00314,311,54.26,-116.33,3
ABRAND00315,362,53.18,-116.33,4
ABRAND00316,311,53.42,-116.33,3
ABRAND00317,361,53.27,-116.32,2
ABRAND00318,601,53.33,-116.31,5
ABRAND00319,311,53.3,-116.3,5
ABRAND00320,351,53.06,-116.3,3
ABRAND00321,362,53.25,-116.3,3
ABRAND00322,311,54.39,-116.29,4
ABRAND00323,601,53.31,-116.29,5
ABRAND00324,601,53.16,-116.28,5
ABRAND00325,311,53.18,-116.28,2
ABRAND00326,621,53.45,-116.27,3
ABRAND00327,361,53.95,-116.26,5
ABRAND00328,621,53.16,-116.26,4
ABRAND00329,361,53.16,-116.26,1
ABRAND00330,311,53.2,-116.25,3
ABRAND00331,601,53.42,-116.24,3
ABRAND00332,601,53.12,-116.24,3
ABRAND00333,361,53.15,-116.24,4
ABRAND00334,361,53.21,-116.24,5
ABRAND00335,351,53.25,-116.23,5
ABRAND00336,601,53.19,-116.23,4
ABRAND00337,601,53.16,-116.21,3
ABRAND00338,311,53.05,-116.21,3
ABRAND00339,362,53.39,-116.21,3
ABRAND00340,361,53.43,-116.21,1
ABRAND00341,311,53.35,-116.21,1
ABRAND00342,311,53.19,-116.2,2
ABRAND00343,601,53.56,-116.19,5
ABRAND00344,621,53.02,-116.19,3
ABRAND00345,361,53.09,-116.19,4
ABRAND00346,362,53.11,-116.19,1
ABRAND00347,601,53.16,-116.19,3
ABRAND00348,322,53.08,-116.18,2
ABRAND00349,351,53.94,-116.17,2
ABRAND00350,601,53.2,-116.16,2
ABRAND00351,601,53.06,-116.15,3
ABRAND00352,311,53,-116.14,3
ABRAND00353,361,53.48,-116.14,3
ABRAND00354,311,53.02,-116.13,1
ABRAND00355,601,53.15,-116.13,2
ABRAND00356,601,53.25,-116.12,3
ABRAND00357,351,53.23,-116.12,3
ABRAND00358,601,53.02,-116.12,5
ABRAND00359,401,53.11,-116.12,5
ABRAND00360,601,52.99,-116.12,3
ABRAND00361,361,53.42,-116.11,3
ABRAND00362,361,53.89,-116.1,3
ABRAND00363,311,52.92,-116.09,1
ABRAND00364,351,53.14,-116.09,5
ABRAND00365,351,53.07,-116.08,3
ABRAND00366,621,53.19,-116.08,5
ABRAND00367,361,53.11,-116.08,2
ABRAND00368,311,52.98,-116.08,3
ABRAND00369,361,53.48,-116.08,3
ABRAND00370,361,53.08,-116.08,3
ABRAND00371,311,53.18,-116.08,3
ABRAND00372,311,52.82,-116.08,3
ABRAND00373,621,53.25,-116.07,5
ABRAND00374,351,52.92,-116.07,2
ABRAND00375,401,53.31,-116.05,4
ABRAND00376,321,53.21,-116.05,3
ABRAND00377,311,53.4,-116.04,3
ABRAND00378,621,53.08,-116.04,1
ABRAND00379,361,54.04,-116.04,1
ABRAND00380,311,53.34,-116.03,1
ABRAND00381,601,53.25,-116.03,2
ABRAND00382,351,52.99,-116.03,3
ABRAND00383,601,53.79,-116.03,3
ABRAND00384,311,53.28,-116.03,2
ABRAND00385,601,53.01,-116.02,4
ABRAND00386,601,54.16,-116.02,1
ABRAND00387,361,53.08,-116.02,1
ABRAND00388,361,53.83,-116.01,2
ABRAND00389,601,53.71,-116.01,5
ABRAND00390,361,53.88,-116.01,5
ABRAND00391,311,53.28,-116.01,2
ABRAND00392,351,53.1,-116.01,2
ABRAND00393,351,53,-116.01,4
ABRAND00394,361,52.88,-116,2
ABRAND00395,311,52.9,-116,2
ABRAND00396,351,53.19,-116,3
ABRAND00397,601,52.95,-115.99,5
ABRAND00398,351,53.64,-115.99,2
ABRAND00399,601,52.83,-115.99,2
ABRAND00400,362,52.77,-115.98,5
ABRAND00401,351,53.42,-115.98,4
ABRAND00402,311,53.13,-115.98,4
ABRAND00403,601,54.24,-115.98,1
ABRAND00404,311,53.12,-115.98,3
ABRAND00405,601,53.06,-115.97,2
ABRAND00406,601,53.09,-115.97,4
ABRAND00407,351,52.87,-115.97,2
ABRAND00408,311,53.95,-115.97,4
ABRAND00409,351,52.99,-115.96,5
ABRAND00410,322,53.04,-115.96,1
ABRAND00411,601,53.49,-115.96,4
ABRAND00412,601,53.18,-115.96,5
ABRAND00413,361,53.92,-115.95,2
ABRAND00414,601,53.96,-115.95,3
ABRAND00415,311,53.4,-115.94,2
ABRAND00416,361,53.75,-115.94,5
ABRAND00417,351,53.88,-115.94,1
ABRAND00418,351,52.81,-115.94,1
ABRAND00419,311,52.96,-115.92,3
ABRAND00420,601,52.87,-115.92,2
ABRAND00421,601,53.19,-115.92,1
ABRAND00422,351,53.14,-115.92,5
ABRAND00423,311,53.21,-115.92,1
ABRAND00424,601,53.82,-115.91,4
ABRAND00425,322,53.68,-115.91,3
ABRAND00426,311,53.07,-115.91,5
ABRAND00427,361,53.9,-115.91,1
ABRAND00428,311,52.7,-115.91,2
ABRAND00429,311,52.98,-115.91,5
ABRAND00430,601,53.05,-115.9,4
ABRAND00431,311,52.99,-115.9,3
ABRAND00432,361,53.8,-115.9,2
ABRAND00433,361,53.68,-115.9,1
ABRAND00434,311,53.24,-115.9,1
ABRAND00435,311,53.02,-115.9,2
ABRAND00436,311,53.02,-115.89,4
ABRAND00437,361,54.31,-115.89,3
ABRAND00438,351,53.31,-115.89,4
ABRAND00439,601,54.33,-115.89,2
ABRAND00440,601,53.45,-115.89,3
ABRAND00441,311,53.21,-115.89,3
ABRAND00442,361,53.86,-115.88,1
ABRAND00443,311,52.9,-115.88,4
ABRAND00444,361,53.86,-115.88,5
ABRAND00445,601,53.96,-115.87,1
ABRAND00446,311,52.97,-115.87,4
ABRAND00447,311,53,-115.87,1
ABRAND00448,351,53.27,-115.87,4
ABRAND00449,361,53.17,-115.87,5
ABRAND00450,351,54.04,-115.85,3
ABRAND00451,361,52.89,-115.85,3
ABRAND00452,351,53.79,-115.85,2
ABRAND00453,361,54.15,-115.84,3
ABRAND00454,601,53.05,-115.84,2
ABRAND00455,601,54.35,-115.84,1
ABRAND00456,311,53.34,-115.84,4
ABRAND00457,311,54.04,-115.84,3
ABRAND00458,311,53.34,-115.84,3
ABRAND00459,361,53.03,-115.84,3
ABRAND00460,311,53.36,-115.84,3
ABRAND00461,601,53.8,-115.84,2
ABRAND00462,322,53.67,-115.84,5
ABRAND00463,601,53.61,-115.83,5
ABRAND00464,311,52.96,-115.83,2
ABRAND00465,361,53.67,-115.83,4
ABRAND00466,601,52.72,-115.82,5
ABRAND00467,601,53.5,-115.82,2
ABRAND00468,311,53.07,-115.82,3
ABRAND00469,351,53.85,-115.81,4
ABRAND00470,311,53.17,-115.81,1
ABRAND00471,621,53.85,-115.81,4
ABRAND00472,351,53.69,-115.81,3
ABRAND00473,311,53.2,-115.8,5
ABRAND00474,311,53.07,-115.8,5
ABRAND00475,322,53.59,-115.79,1
ABRAND00476,351,53.02,-115.79,5
ABRAND00477,311,53.33,-115.79,1
ABRAND00478,601,53,-115.79,2
ABRAND00479,351,53.68,-115.78,2
ABRAND00480,311,53,-115.78,3
ABRAND00481,601,52.74,-115.77,1
ABRAND00482,351,53.76,-115.77,4
ABRAND00483,351,53.87,-115.77,3
ABRAND00484,361,53.1,-115.76,3
ABRAND00485,621,53.76,-115.76,1
ABRAND00486,351,53.15,-115.76,5
ABRAND00487,362,53.65,-115.76,1
ABRAND00488,311,53.09,-115.75,2
ABRAND00489,311,52.72,-115.75,1
ABRAND00490,361,53.04,-115.74,2
ABRAND00491,311,52.89,-115.74,4
ABRAND00492,311,53.16,-115.74,3
ABRAND00493,601,52.48,-115.74,5
ABRAND00494,351,52.89,-115.73,2
ABRAND00495,311,53.44,-115.73,5
ABRAND00496,601,52.78,-115.73,1
ABRAND00497,601,53.86,-115.72,1
ABRAND00498,601,53.05,-115.72,1
ABRAND00499,351,53.11,-115.72,4
ABRAND00500,351,53.78,-115.72,2
ABRAND00501,601,52.85,-115.72,4
ABRAND00502,311,53.1,-115.71,5
ABRAND00503,311,53.97,-115.71,5
ABRAND00504,311,53.28,-115.7,3
ABRAND00505,351,52.79,-115.7,1
ABRAND00506,361,53.61,-115.7,2
ABRAND00507,311,53.23,-115.7,3
ABRAND00508,601,52.83,-115.7,1
ABRAND00509,601,53.73,-115.69,5
ABRAND00510,601,53.87,-115.69,3
ABRAND00511,601,53.13,-115.69,3
ABRAND00512,501,52.98,-115.67,3
ABRAND00513,311,53.44,-115.67,3
ABRAND00514,601,54.13,-115.65,1
ABRAND00515,361,52.48,-115.65,2
ABRAND00516,401,53.65,-115.64,3
ABRAND00517,351,54.11,-115.64,1
ABRAND00518,351,54.07,-115.64,1
ABRAND00519,361,52.59,-115.64,4
ABRAND00520,351,53.86,-115.64,1
ABRAND00521,601,54.1,-115.64,4
ABRAND00522,311,53.02,-115.63,2
ABRAND00523,601,52.84,-115.63,5
ABRAND00524,322,53.74,-115.63,2
ABRAND00525,351,53.94,-115.62,4
ABRAND00526,361,52.9,-115.62,4
ABRAND00527,503,54.18,-115.62,4
ABRAND00528,351,52.5,-115.62,3
ABRAND00529,311,52.94,-115.61,2
ABRAND00530,311,52.83,-115.61,3
ABRAND00531,601,53.03,-115.6,1
ABRAND00532,621,54.12,-115.6,2
ABRAND00533,361,52.85,-115.6,4
ABRAND00534,361,53.75,-115.6,4
ABRAND00535,351,53.06,-115.6,3
ABRAND00536,351,53.7,-115.6,2
ABRAND00537,601,52.68,-115.6,3
ABRAND00538,351,53.79,-115.6,5
ABRAND00539,311,52.88,-115.59,5
ABRAND00540,601,53.74,-115.59,4
ABRAND00541,601,52.83,-115.59,5
ABRAND00542,311,53.14,-115.59,5
ABRAND00543,322,52.98,-115.59,2
ABRAND00544,601,53.84,-115.57,5
ABRAND00545,362,52.72,-115.57,3
ABRAND00546,621,53.2,-115.57,5
ABRAND00547,601,52.97,-115.56,5
ABRAND00548,601,52.68,-115.55,3
ABRAND00549,311,53.34,-115.54,5
ABRAND00550,322,54.11,-115.54,5
ABRAND00551,601,52.78,-115.54,5
ABRAND00552,601,52.69,-115.54,5
ABRAND00553,601,53.54,-115.54,1
ABRAND00554,601,52.85,-115.53,3
ABRAND00555,601,53.33,-115.53,5
ABRAND00556,601,53.17,-115.53,5
ABRAND00557,351,53.82,-115.53,3
ABRAND00558,311,53.34,-115.52,4
ABRAND00559,311,54.1,-115.52,5
ABRAND00560,351,53.21,-115.51,5
ABRAND00561,351,53.12,-115.51,3
ABRAND00562,311,53.18,-115.5,4
ABRAND00563,311,53,-115.5,3
ABRAND00564,311,53.03,-115.49,2
ABRAND00565,401,53.19,-115.49,1
ABRAND00566,311,53.16,-115.48,4
ABRAND00567,311,52.72,-115.48,3
ABRAND00568,601,52.86,-115.48,1
ABRAND00569,601,52.79,-115.47,4
ABRAND00570,362,53.84,-115.47,1
ABRAND00571,311,52.85,-115.45,2
ABRAND00572,601,53.21,-115.44,4
ABRAND00573,601,52.55,-115.44,1
ABRAND00574,351,52.87,-115.44,2
ABRAND00575,311,53.07,-115.43,2
ABRAND00576,351,53.74,-115.43,3
ABRAND00577,601,53.02,-115.43,1
ABRAND00578,311,53.12,-115.42,1
ABRAND00579,361,53.07,-115.42,4
ABRAND00580,311,53.2,-115.42,2
ABRAND00581,601,52.56,-115.41,4
ABRAND00582,601,53.3,-115.4,5
ABRAND00583,601,52.68,-115.4,1
ABRAND00584,351,53.36,-115.4,1
ABRAND00585,311,53.13,-115.4,2
ABRAND00586,351,53.17,-115.39,5
ABRAND00587,621,52.83,-115.39,4
ABRAND00588,311,52.85,-115.38,1
ABRAND00589,361,53.01,-115.38,1
ABRAND00590,621,52.87,-115.38,4
ABRAND00591,601,52.76,-115.38,5
ABRAND00592,362,52.83,-115.37,5
ABRAND00593,311,53.04,-115.36,4
ABRAND00594,601,52.95,-115.36,2
ABRAND00595,361,52.4,-115.36,2
ABRAND00596,311,53.1,-115.34,1
ABRAND00597,601,53.29,-115.34,2
ABRAND00598,601,52.8,-115.33,4
ABRAND00599,311,52.84,-115.33,2
ABRAND00600,361,53.09,-115.33,3
ABRAND00601,351,53.36,-115.32,1
ABRAND00602,361,52.76,-115.32,2
ABRAND00603,311,53.19,-115.32,2
ABRAND00604,311,53.32,-115.31,2
ABRAND00605,601,52.32,-115.31,5
ABRAND00606,311,53.3,-115.3,1
ABRAND00607,351,52.61,-115.3,4
ABRAND00608,361,52.49,-115.3,4
ABRAND00609,311,53.21,-115.29,5
ABRAND00610,361,52.43,-115.29,3
ABRAND00611,361,53.06,-115.28,1
ABRAND00612,621,53.35,-115.28,4
ABRAND00613,621,53.2,-115.28,3
ABRAND00614,621,52.97,-115.27,3
ABRAND00615,601,52.91,-115.27,3
ABRAND00616,361,52.97,-115.27,3
ABRAND00617,601,52.53,-115.27,3
ABRAND00618,361,53.09,-115.27,2
ABRAND00619,361,52.9,-115.27,5
ABRAND00620,351,52.82,-115.27,1
ABRAND00621,322,52.9,-115.26,5
ABRAND00622,361,52.68,-115.26,5
ABRAND00623,311,53.12,-115.26,5
ABRAND00624,601,53.01,-115.25,2
ABRAND00625,311,52.75,-115.24,2
ABRAND00626,361,53.28,-115.24,4
ABRAND00627,311,52.75,-115.23,3
ABRAND00628,311,53.22,-115.22,3
ABRAND00629,621,52.99,-115.22,3
ABRAND00630,601,52.83,-115.21,3
ABRAND00631,621,53.18,-115.21,3
ABRAND00632,311,53,-115.21,1
ABRAND00633,621,52.95,-115.2,4
ABRAND00634,621,53.33,-115.2,5
ABRAND00635,311,52.98,-115.2,4
ABRAND00636,351,52.53,-115.2,4
ABRAND00637,361,53.03,-115.19,1
ABRAND00638,402,52.89,-115.19,1
ABRAND00639,601,53.26,-115.18,1
ABRAND00640,311,53.04,-115.18,3
ABRAND00641,361,52.42,-115.18,4
ABRAND00642,601,52.45,-115.18,3
ABRAND00643,504,52.88,-115.17,1
ABRAND00644,361,52.97,-115.17,3
ABRAND00645,361,53.02,-115.17,3
ABRAND00646,311,52.82,-115.16,4
ABRAND00647,361,53.14,-115.16,1
ABRAND00648,361,52.74,-115.16,3
ABRAND00649,351,52.94,-115.16,1
ABRAND00650,621,52.98,-115.15,1
ABRAND00651,311,52.78,-115.15,5
ABRAND00652,361,52.37,-115.15,5
ABRAND00653,351,52.89,-115.15,2
ABRAND00654,601,52.44,-115.14,5
ABRAND00655,321,52.96,-115.14,3
ABRAND00656,601,53.43,-115.14,3
ABRAND00657,361,52.87,-115.14,1
ABRAND00658,361,52.81,-115.14,1
ABRAND00659,311,52.87,-115.13,4
ABRAND00660,361,52.87,-115.13,4
ABRAND00661,351,52.92,-115.13,1
ABRAND00662,361,53.13,-115.13,5
ABRAND00663,321,52.4,-115.13,3
ABRAND00664,621,52.66,-115.12,1
ABRAND00665,322,52.99,-115.11,2
ABRAND00666,361,52.88,-115.11,4
ABRAND00667,311,52.85,-115.1,5
ABRAND00668,361,52.95,-115.1,4
ABRAND00669,361,53.17,-115.1,2
ABRAND00670,351,52.7,-115.09,4
ABRAND00671,311,52.95,-115.09,2
ABRAND00672,361,53.23,-115.08,2
ABRAND00673,361,53.01,-115.08,3
ABRAND00674,361,52.92,-115.08,3
ABRAND00675,351,52.96,-115.08,1
ABRAND00676,361,52.93,-115.07,3
ABRAND00677,351,52.67,-115.06,4
ABRAND00678,351,52.93,-115.06,5
ABRAND00679,351,52.91,-115.06,1
ABRAND00680,621,52.66,-115.06,4
ABRAND00681,351,52.79,-115.06,1
ABRAND00682,361,52.92,-115.05,5
ABRAND00683,401,52.94,-115.05,3
ABRAND00684,321,53.02,-115.05,3
ABRAND00685,351,53.14,-115.05,4
ABRAND00686,361,53.07,-115.04,5
ABRAND00687,361,52.91,-115.04,3
ABRAND00688,361,53.15,-115.03,1
ABRAND00689,361,52.83,-115.03,1
ABRAND00690,621,52.55,-115.03,5
ABRAND00691,601,53.03,-115.02,4
ABRAND00692,621,53.09,-115.02,3
ABRAND00693,361,52.97,-115.01,3
ABRAND00694,601,52.1,-115,5
ABRAND00695,361,52.67,-115,5
ABRAND00696,351,52.58,-115,5
ABRAND00697,311,53.38,-115,2
ABRAND00698,351,52.87,-114.99,4
ABRAND00699,351,52.9,-114.98,4
ABRAND00700,361,52.87,-114.98,2
ABRAND00701,601,52.99,-114.98,4
ABRAND00702,361,52.92,-114.95,3
ABRAND00703,361,52.83,-114.95,3
ABRAND00704,601,52.81,-114.95,1
ABRAND00705,601,52.14,-114.95,3
ABRAND00706,311,52.3,-114.95,4
ABRAND00707,351,53.02,-114.94,1
ABRAND00708,601,52.68,-114.94,1
ABRAND00709,351,52.72,-114.93,1
ABRAND00710,621,52.05,-114.91,4
ABRAND00711,601,52.96,-114.9,2
ABRAND00712,601,52.95,-114.9,1
ABRAND00713,351,52.12,-114.9,2
ABRAND00714,601,52.98,-114.89,3
ABRAND00715,351,52.8,-114.88,1
ABRAND00716,401,52.13,-114.88,5
ABRAND00717,361,52.85,-114.87,1
ABRAND00718,351,52.94,-114.87,2
ABRAND00719,621,52.52,-114.86,4
ABRAND00720,351,52.1,-114.84,1
ABRAND00721,311,52.33,-114.83,1
ABRAND00722,311,52.91,-114.83,3
ABRAND00723,311,53.01,-114.83,4
ABRAND00724,601,52.95,-114.83,4
ABRAND00725,351,52.14,-114.82,5
ABRAND00726,311,52.01,-114.81,3
ABRAND00727,601,52.24,-114.81,2
ABRAND00728,351,53.31,-114.81,2
ABRAND00729,351,52.94,-114.81,3
ABRAND00730,601,52.22,-114.8,4
ABRAND00731,361,53.13,-114.79,4
ABRAND00732,311,52.95,-114.78,1
ABRAND00733,351,52.15,-114.77,2
ABRAND00734,311,53.14,-114.77,5
ABRAND00735,361,53.18,-114.76,3
ABRAND00736,351,53.13,-114.76,5
ABRAND00737,601,52.6,-114.76,1
ABRAND00738,322,53.1,-114.76,4
ABRAND00739,351,53.09,-114.75,2
ABRAND00740,311,52.29,-114.75,2
ABRAND00741,351,52.13,-114.74,5
ABRAND00742,311,52.23,-114.74,1
ABRAND00743,311,52.69,-114.74,3
ABRAND00744,351,53.27,-114.73,2
ABRAND00745,621,52.35,-114.72,4
ABRAND00746,621,52.76,-114.7,1
ABRAND00747,311,52.21,-114.69,2
ABRAND00748,601,53.03,-114.69,4
ABRAND00749,601,53.07,-114.69,2
ABRAND00750,361,51.97,-114.69,5
ABRAND00751,621,52.28,-114.68,3
ABRAND00752,361,52.64,-114.68,1
ABRAND00753,601,53.22,-114.67,1
ABRAND00754,361,52.46,-114.66,2
ABRAND00755,621,52,-114.66,3
ABRAND00756,351,53,-114.66,3
ABRAND00757,601,52.71,-114.66,5
ABRAND00758,351,52.95,-114.66,4
ABRAND00759,311,52.56,-114.65,5
ABRAND00760,601,51.97,-114.64,5
ABRAND00761,361,51.97,-114.64,4
ABRAND00762,351,52.19,-114.64,4
ABRAND00763,351,53.11,-114.64,5
ABRAND00764,621,52.61,-114.64,5
ABRAND00765,351,53.06,-114.63,5
ABRAND00766,311,53,-114.63,1
ABRAND00767,311,52.53,-114.63,5
ABRAND00768,311,52.04,-114.62,2
ABRAND00769,351,52.53,-114.62,4
ABRAND00770,601,52.68,-114.61,2
ABRAND00771,311,52.25,-114.6,1
ABRAND00772,601,52.24,-114.6,4
ABRAND00773,311,51.94,-114.6,3
ABRAND00774,311,51.68,-114.6,3
ABRAND00775,311,51.97,-114.59,5
ABRAND00776,311,52.43,-114.58,4
ABRAND00777,311,52.4,-114.57,5
ABRAND00778,361,52.16,-114.57,3
ABRAND00779,601,52.81,-114.57,2
ABRAND00780,621,52.65,-114.56,3
ABRAND00781,601,52.53,-114.56,2
ABRAND00782,351,51.89,-114.56,1
ABRAND00783,351,52.16,-114.56,2
ABRAND00784,351,52.58,-114.55,1
ABRAND00785,351,52.4,-114.55,5
ABRAND00786,311,52.45,-114.55,3
ABRAND00787,311,52,-114.54,2
ABRAND00788,601,52.56,-114.54,4
ABRAND00789,351,52.21,-114.54,1
ABRAND00790,501,52.1,-114.53,2
ABRAND00791,351,52.62,-114.53,4
ABRAND00792,601,52.61,-114.53,4
ABRAND00793,621,52.29,-114.52,3
ABRAND00794,361,52.64,-114.52,1
ABRAND00795,351,52.54,-114.52,2
ABRAND00796,361,52.18,-114.51,1
ABRAND00797,351,52.21,-114.51,3
ABRAND00798,311,52.61,-114.51,5
ABRAND00799,361,52.18,-114.51,2
ABRAND00800,601,52.06,-114.5,5
ABRAND00801,621,52.48,-114.5,1
ABRAND00802,361,52.5,-114.5,1
ABRAND00803,322,52.34,-114.49,2
ABRAND00804,401,52.35,-114.49,1
ABRAND00805,361,52.5,-114.49,2
ABRAND00806,311,52.36,-114.49,5
ABRAND00807,311,52.06,-114.48,3
ABRAND00808,311,52.16,-114.48,2
ABRAND00809,361,52.33,-114.47,2
ABRAND00810,361,52.69,-114.47,2
ABRAND00811,311,52,-114.47,2
ABRAND00812,351,52.42,-114.47,2
ABRAND00813,351,52.56,-114.46,1
ABRAND00814,351,52.45,-114.46,1
ABRAND00815,351,52.53,-114.46,5
ABRAND00816,402,52.36,-114.45,2
ABRAND00817,311,53.01,-114.45,2
ABRAND00818,361,52.52,-114.45,1
ABRAND00819,601,52.52,-114.45,5
ABRAND00820,322,52.54,-114.44,2
ABRAND00821,361,52.46,-114.44,3
ABRAND00822,311,52.48,-114.44,1
ABRAND00823,501,52.53,-114.44,3
ABRAND00824,361,52.1,-114.44,1
ABRAND00825,361,52.32,-114.44,3
ABRAND00826,621,52.12,-114.43,1
ABRAND00827,601,52.68,-114.43,3
ABRAND00828,601,52.4,-114.42,4
ABRAND00829,601,52.47,-114.42,1
ABRAND00830,601,52.55,-114.42,3
ABRAND00831,351,52.21,-114.42,4
ABRAND00832,601,52.39,-114.42,3
ABRAND00833,361,52.33,-114.42,1
ABRAND00834,501,52.43,-114.42,3
ABRAND00835,601,52.42,-114.4,4
ABRAND00836,322,52.38,-114.4,2
ABRAND00837,322,52.25,-114.39,4
ABRAND00838,361,52.57,-114.39,3
ABRAND00839,361,53.02,-114.39,1
ABRAND00840,621,52.73,-114.39,4
ABRAND00841,361,52.35,-114.38,4
ABRAND00842,501,52.12,-114.38,1
ABRAND00843,502,52.37,-114.38,2
ABRAND00844,311,52.75,-114.37,5
ABRAND00845,331,55.47,-114.37,1
ABRAND00846,621,52.26,-114.36,1
ABRAND00847,311,52.83,-114.36,5
ABRAND00848,311,52.18,-114.36,2
ABRAND00849,361,52.37,-114.36,4
ABRAND00850,311,52.46,-114.36,2
ABRAND00851,601,52.85,-114.36,5
ABRAND00852,311,51.98,-114.36,2
ABRAND00853,351,52.37,-114.35,3
ABRAND00854,351,52.73,-114.35,3
ABRAND00855,351,52.62,-114.35,4
ABRAND00856,621,52.86,-114.35,2
ABRAND00857,311,52.55,-114.34,4
ABRAND00858,311,52.86,-114.34,1
ABRAND00859,621,52.7,-114.34,5
ABRAND00860,601,52.4,-114.34,4
ABRAND00861,601,52.46,-114.34,1
ABRAND00862,361,52.82,-114.33,4
ABRAND00863,601,52.55,-114.33,5
ABRAND00864,351,53.07,-114.33,1
ABRAND00865,601,52.1,-114.33,1
ABRAND00866,322,52.24,-114.33,2
ABRAND00867,351,52.52,-114.33,5
ABRAND00868,311,52.93,-114.33,2
ABRAND00869,311,52.06,-114.33,4
ABRAND00870,361,52.34,-114.32,2
ABRAND00871,351,52.32,-114.32,3
ABRAND00872,621,52.26,-114.32,4
ABRAND00873,351,52.81,-114.31,3
ABRAND00874,361,52.86,-114.31,5
ABRAND00875,322,52.46,-114.31,1
ABRAND00876,351,52.52,-114.31,3
ABRAND00877,601,52.57,-114.31,1
ABRAND00878,361,52.66,-114.31,5
ABRAND00879,361,52.95,-114.3,5
ABRAND00880,351,52.76,-114.29,4
ABRAND00881,351,52.61,-114.29,3
ABRAND00882,621,52.56,-114.29,4
ABRAND00883,351,52.49,-114.29,1
ABRAND00884,351,52.33,-114.28,3
ABRAND00885,601,52.62,-114.28,1
ABRAND00886,351,52.15,-114.28,4
ABRAND00887,601,52.6,-114.28,3
ABRAND00888,601,53.06,-114.28,3
ABRAND00889,601,52.51,-114.28,2
ABRAND00890,351,52.57,-114.28,5
ABRAND00891,351,52.65,-114.28,4
ABRAND00892,351,52.55,-114.27,4
ABRAND00893,361,52.79,-114.27,2
ABRAND00894,351,52.89,-114.27,2
ABRAND00895,621,52.76,-114.27,3
ABRAND00896,311,51.99,-114.27,2
ABRAND00897,362,52.67,-114.26,3
ABRAND00898,361,52.88,-114.26,5
ABRAND00899,351,52.56,-114.26,4
ABRAND00900,601,52.48,-114.26,1
ABRAND00901,331,55.52,-114.25,2
ABRAND00902,501,52.44,-114.25,5
ABRAND00903,361,52.51,-114.25,1
ABRAND00904,351,52.55,-114.25,3
ABRAND00905,621,52.44,-114.24,5
ABRAND00906,601,52.85,-114.24,5
ABRAND00907,361,52.53,-114.24,2
ABRAND00908,351,52.45,-114.24,4
ABRAND00909,361,52.38,-114.24,3
ABRAND00910,601,52.85,-114.24,4
ABRAND00911,601,52.31,-114.24,4
ABRAND00912,601,52.41,-114.23,2
ABRAND00913,351,52.85,-114.23,3
ABRAND00914,601,52.49,-114.23,4
ABRAND00915,351,52.64,-114.23,5
ABRAND00916,362,52.7,-114.23,4
ABRAND00917,601,52.9,-114.23,4
ABRAND00918,351,52.78,-114.22,1
ABRAND00919,351,52.7,-114.22,3
ABRAND00920,351,52.44,-114.22,1
ABRAND00921,362,52.82,-114.22,2
ABRAND00922,351,52.7,-114.21,2
ABRAND00923,351,52.63,-114.21,4
ABRAND00924,351,52.68,-114.21,3
ABRAND00925,351,52.7,-114.21,5
ABRAND00926,361,52.67,-114.2,4
ABRAND00927,601,52.42,-114.19,5
ABRAND00928,351,52.72,-114.19,2
ABRAND00929,601,52.33,-114.19,3
ABRAND00930,351,52.81,-114.19,5
ABRAND00931,351,52.49,-114.19,5
ABRAND00932,351,52.56,-114.19,2
ABRAND00933,361,52.96,-114.18,2
ABRAND00934,351,52.45,-114.18,5
ABRAND00935,351,52.76,-114.18,3
ABRAND00936,601,52.42,-114.18,1
ABRAND00937,621,52.89,-114.18,3
ABRAND00938,351,52.81,-114.18,5
ABRAND00939,311,52.59,-114.17,3
ABRAND00940,601,52.43,-114.17,4
ABRAND00941,361,52.89,-114.17,2
ABRAND00942,621,52.87,-114.17,5
ABRAND00943,361,52.68,-114.17,1
ABRAND00944,361,52.45,-114.16,5
ABRAND00945,503,52.67,-114.16,4
ABRAND00946,351,52.76,-114.16,2
ABRAND00947,322,52.41,-114.15,5
ABRAND00948,621,52.19,-114.15,3
ABRAND00949,351,52.58,-114.15,1
ABRAND00950,351,52.63,-114.14,2
ABRAND00951,362,52.7,-114.14,5
ABRAND00952,362,52.79,-114.14,1
ABRAND00953,351,52.56,-114.14,2
ABRAND00954,601,52.14,-114.13,4
ABRAND00955,503,52.89,-114.13,4
ABRAND00956,362,52.85,-114.12,1
ABRAND00957,621,52.9,-114.12,1
ABRAND00958,361,52.83,-114.12,1
ABRAND00959,362,52.81,-114.12,1
ABRAND00960,322,52.22,-114.11,1
ABRAND00961,351,52.71,-114.11,1
ABRAND00962,361,52.21,-114.11,4
ABRAND00963,351,52.76,-114.11,4
ABRAND00964,601,52.8,-114.1,3
ABRAND00965,362,52.67,-114.1,1
ABRAND00966,351,52.33,-114.09,3
ABRAND00967,361,52.75,-114.09,4
ABRAND00968,611,52.99,-114.09,5
ABRAND00969,351,52.6,-114.09,5
ABRAND00970,351,52.74,-114.08,2
ABRAND00971,503,52.83,-114.08,3
ABRAND00972,351,53.04,-114.08,3
ABRAND00973,311,52.73,-114.07,3
ABRAND00974,503,52.57,-114.06,1
ABRAND00975,361,52.68,-114.06,5
ABRAND00976,311,56.07,-114.05,4
ABRAND00977,362,52.98,-114.05,5
ABRAND00978,361,52.74,-114.05,4
ABRAND00979,351,52.8,-114.04,5
ABRAND00980,351,52.66,-114.04,4
ABRAND00981,601,52.69,-114.04,1
ABRAND00982,351,52.7,-114.04,2
ABRAND00983,322,52.83,-114.04,1
ABRAND00984,351,52.71,-114.04,4
ABRAND00985,361,52.95,-114.03,5
ABRAND00986,362,52.76,-114.02,5
ABRAND00987,621,52.77,-114.02,5
ABRAND00988,621,52.69,-114.02,3
ABRAND00989,351,52.64,-114.02,1
ABRAND00990,351,52.97,-114.01,4
ABRAND00991,351,52.86,-114,1
ABRAND00992,351,52.77,-113.99,2
ABRAND00993,621,52.59,-113.99,3
ABRAND00994,601,52.92,-113.99,4
ABRAND00995,351,52.89,-113.99,1
ABRAND00996,361,52.74,-113.98,1
ABRAND00997,322,52.91,-113.96,4
ABRAND00998,621,52.77,-113.94,4
ABRAND00999,601,55.62,-113.94,4
ABRAND01000,322,52.84,-113.93,4
ABRAND01001,601,52.42,-113.92,2
ABRAND01002,351,53.06,-113.92,1
ABRAND01003,361,52.9,-113.91,3
ABRAND01004,601,52.94,-113.91,5
ABRAND01005,351,52.96,-113.91,5
ABRAND01006,601,50.19,-113.9,2
ABRAND01007,361,53.01,-113.88,5
ABRAND01008,361,52.77,-113.88,4
ABRAND01009,351,52.73,-113.86,2
ABRAND01010,601,53.28,-113.86,1
ABRAND01011,601,55.66,-113.86,2
ABRAND01012,331,55.51,-113.85,5
ABRAND01013,601,52.96,-113.85,3
ABRAND01014,601,52.88,-113.8,4
ABRAND01015,342,55.51,-113.8,3
ABRAND01016,601,53.74,-113.8,4
ABRAND01017,601,53.7,-113.77,2
ABRAND01018,601,50.22,-113.66,2
ABRAND01019,601,50.42,-113.61,3
ABRAND01020,601,50.2,-113.55,2
ABRAND01021,601,51.01,-113.52,1
ABRAND01022,601,53.76,-113.51,5
ABRAND01023,601,55.4,-113.5,2
ABRAND01024,601,56.19,-113.48,4
ABRAND01025,601,55.63,-113.44,2
ABRAND01026,601,50.76,-113.43,4
ABRAND01027,601,56.22,-113.41,2
ABRAND01028,601,56.12,-113.37,3
ABRAND01029,601,52.02,-113.37,1
ABRAND01030,601,50.11,-113.36,2
ABRAND01031,601,50.43,-113.26,2
ABRAND01032,601,51.68,-113.26,2
ABRAND01033,621,56.26,-113.24,1
ABRAND01034,601,51.38,-113.24,4
ABRAND01035,601,56.1,-113.23,3
ABRAND01036,601,50.34,-113.23,5
ABRAND01037,601,56.42,-113.19,1
ABRAND01038,601,53.72,-113.16,5
ABRAND01039,601,53.87,-113.14,1
ABRAND01040,601,51.61,-113.12,4
ABRAND01041,601,56.11,-113.12,4
ABRAND01042,601,51.66,-113.08,1
ABRAND01043,601,51.67,-113.06,3
ABRAND01044,601,51.92,-113.05,2
ABRAND01045,601,56.05,-113.03,2
ABRAND01046,601,56.22,-113,5
ABRAND01047,601,51.48,-112.99,2
ABRAND01048,601,51.84,-112.95,3
ABRAND01049,601,51.41,-112.94,5
ABRAND01050,601,56.17,-112.93,1
ABRAND01051,601,51.58,-112.92,5
ABRAND01052,601,56.17,-112.92,3
ABRAND01053,601,51.72,-112.9,1
ABRAND01054,601,51.68,-112.88,1
ABRAND01055,601,51.75,-112.86,2
ABRAND01056,601,54.6,-112.86,1
ABRAND01057,601,56.23,-112.85,5
ABRAND01058,601,56.27,-112.85,5
ABRAND01059,601,51.81,-112.8,2
ABRAND01060,601,56.07,-112.78,1
ABRAND01061,601,50.17,-112.78,3
ABRAND01062,601,50.46,-112.78,2
ABRAND01063,601,50.3,-112.77,3
ABRAND01064,601,56.1,-112.75,3
ABRAND01065,601,51.69,-112.69,4
ABRAND01066,601,51.74,-112.68,4
ABRAND01067,601,50.17,-112.68,1
ABRAND01068,601,51.66,-112.62,1
ABRAND01069,601,50.42,-112.61,2
ABRAND01070,601,54.43,-112.55,5
ABRAND01071,601,56.15,-112.46,1
ABRAND01072,601,54.17,-112.4,4
ABRAND01073,601,50.15,-112.32,3
ABRAND01074,601,50.13,-112.29,2
ABRAND01075,601,51.05,-112.29,1
ABRAND01076,601,52.95,-112.2,5
ABRAND01077,601,52.15,-112.13,5
ABRAND01078,601,50.2,-112.1,4
ABRAND01079,601,51.07,-112.03,1
ABRAND01080,601,53.06,-112.03,1
ABRAND01081,601,51.11,-111.93,5
ABRAND01082,601,52.86,-111.77,1
ABRAND01083,601,52.87,-111.75,4
ABRAND01084,601,51.02,-111.72,1
ABRAND01085,601,52.86,-111.68,3
ABRAND01086,601,51.03,-111.55,2
ABRAND01087,601,51.04,-111.52,4
ABRAND01088,601,50.97,-111.51,5
ABRAND01089,601,51.04,-111.48,4
ABRAND01090,601,51.2,-111.47,5
ABRAND01091,601,50.8,-111.46,2
ABRAND01092,601,55.24,-111.44,4
ABRAND01093,601,55.92,-111.38,2
ABRAND01094,601,49.68,-111.37,4
ABRAND01095,601,51.31,-111.35,4
ABRAND01096,601,49.12,-111.35,5
ABRAND01097,601,55.73,-111.34,2
ABRAND01098,601,50.15,-111.33,1
ABRAND01099,601,50.23,-111.31,2
ABRAND01100,601,50.16,-111.3,4
ABRAND01101,601,50.36,-111.26,5
ABRAND01102,601,50.5,-111.25,4
ABRAND01103,601,50.43,-111.23,2
ABRAND01104,601,55.79,-111.22,3
ABRAND01105,601,50.74,-111.21,4
ABRAND01106,601,55.03,-111.09,3
ABRAND01107,601,49.2,-111.08,2
ABRAND01108,601,55.65,-111.05,5
ABRAND01109,601,49.39,-110.99,1
ABRAND01110,601,55.36,-110.99,5
ABRAND01111,601,50.19,-110.98,5
ABRAND01112,344,55.76,-110.97,1
ABRAND01113,601,50.22,-110.96,4
ABRAND01114,506,55.3,-110.95,4
ABRAND01115,344,55.82,-110.95,1
ABRAND01116,601,50.04,-110.95,1
ABRAND01117,601,50.17,-110.93,1
ABRAND01118,601,49.06,-110.92,5
ABRAND01119,601,55.25,-110.9,2
ABRAND01120,506,55.51,-110.88,1
ABRAND01121,601,55.13,-110.88,4
ABRAND01122,503,55.22,-110.85,2
ABRAND01123,601,55.14,-110.82,5
ABRAND01124,601,55.34,-110.79,1
ABRAND01125,601,50.35,-110.77,4
ABRAND01126,344,55.46,-110.77,5
ABRAND01127,601,50.75,-110.76,3
ABRAND01128,601,50.29,-110.76,3
ABRAND01129,331,55.52,-110.76,4
ABRAND01130,601,55.06,-110.75,1
ABRAND01131,361,55.1,-110.73,4
ABRAND01132,601,50.55,-110.71,3
ABRAND01133,601,54.71,-110.71,3
ABRAND01134,362,54.76,-110.71,4
ABRAND01135,601,54.97,-110.7,5
ABRAND01136,331,54.9,-110.68,3
ABRAND01137,601,55.83,-110.68,4
ABRAND01138,601,54.86,-110.67,4
ABRAND01139,601,55.1,-110.67,4
ABRAND01140,601,50.42,-110.66,3
ABRAND01141,601,55.11,-110.65,4
ABRAND01142,601,54.83,-110.63,2
ABRAND01143,601,55.13,-110.62,5
ABRAND01144,506,55.24,-110.6,1
ABRAND01145,601,55.15,-110.6,4
ABRAND01146,506,54.99,-110.59,4
ABRAND01147,503,54.93,-110.57,5
ABRAND01148,601,55.08,-110.57,5
ABRAND01149,601,54.79,-110.54,3
ABRAND01150,601,50.58,-110.53,1
ABRAND01151,344,55.09,-110.53,3
ABRAND01152,362,54.98,-110.51,5
ABRAND01153,601,54.87,-110.51,4
ABRAND01154,506,55,-110.5,4
ABRAND01155,601,55.28,-110.49,4
ABRAND01156,601,55.05,-110.49,3
ABRAND01157,601,54.71,-110.48,4
ABRAND01158,601,54.96,-110.48,3
ABRAND01159,601,55.1,-110.47,2
ABRAND01160,601,55.02,-110.45,2
ABRAND01161,601,55.39,-110.45,2
ABRAND01162,601,50.7,-110.44,2
ABRAND01163,601,50.4,-110.44,5
ABRAND01164,601,55.19,-110.43,4
ABRAND01165,601,54.99,-110.43,1
ABRAND01166,601,54.76,-110.4,4
ABRAND01167,506,55.26,-110.32,5
ABRAND01168,601,49.43,-110.31,4
ABRAND01169,601,54.64,-110.27,2
