facility_ID,subtype_code,lat,lon,OGI_required_surveys,truck_required_surveys,aircraft_required_surveys,OGI_time,aircraft_time,truck_time,OGI_FU_time,total_emissions_kg,active_leaks,repaired_leaks,currently_flagged,flagged_by,date_flagged,lat_index,lon_index,truck_t_since_last_LDAR,truck_surveys_conducted,attempted_today_truck?,surveys_done_this_year_truck,truck_missed_leaks,OGI_FU_t_since_last_LDAR,attempted_today_OGI_FU?,OGI_FU_surveys_conducted,OGI_FU_missed_leaks,initial_leaks,cum_frac_sites,cum_frac_emissions
ABRAND00719,621,52.52,-114.86,1,4,2,120,5,30,120,3449.885616288001,2,12,False,truck,2015-09-29 23:44:00,15,10,83,21,False,2,0,265,False,5,0,0,0.0,0.02994941218352729
ABRAND00845,331,55.47,-114.37,1,4,2,120,5,30,120,5611.6242421056,2,16,False,truck,2016-04-01 18:05:00,9,11,83,21,False,2,3,80,False,8,4,0,0.002004008016032064,0.05596799400141852
ABRAND00517,351,54.11,-115.64,1,4,2,120,5,30,120,2871.6973041024,2,9,False,truck,2016-01-02 17:57:00,12,9,83,21,False,2,6,170,False,5,3,0,0.004008016032064128,0.08196142618607602
ABRAND00990,351,52.97,-114.01,1,4,2,120,5,30,120,2385.3024698400004,2,5,False,truck,2015-07-01 17:01:00,14,12,83,21,False,2,0,355,False,3,0,0,0.006012024048096192,0.10615620258435032
ABRAND00356,601,53.25,-116.12,1,4,2,120,5,30,120,2503.0265964768,0,14,False,truck,2016-01-02 17:57:00,13,8,83,21,False,2,0,170,False,8,0,0,0.008016032064128256,0.13031444125569241
ABRAND00544,601,53.84,-115.57,1,4,2,120,5,30,120,3495.8665603872005,1,11,False,truck,2016-04-01 18:05:00,12,9,83,21,False,2,0,80,False,5,0,0,0.01002004008016032,0.1521018083900572
ABRAND00127,601,55.09,-119.29,1,4,2,120,5,30,120,14403.625360531203,0,17,False,truck,2016-04-01 18:05:00,10,1,83,21,False,2,0,80,False,10,0,0,0.012024048096192385,0.17258781532959877
ABRAND00794,361,52.64,-114.52,1,4,2,120,5,30,120,5943.041725824001,2,9,False,truck,2016-01-02 17:57:00,15,11,83,21,False,2,0,170,False,7,0,0,0.014028056112224449,0.19269857105193824
ABRAND00728,351,53.31,-114.81,1,4,2,120,5,30,120,4349.0951437536005,1,16,False,truck,2016-04-01 18:00:00,13,10,83,21,False,2,0,80,False,8,0,0,0.01603206412825651,0.2125468245452775
ABRAND00714,601,52.98,-114.89,1,4,2,120,5,30,120,5378.024940710398,2,13,False,truck,2016-04-01 18:00:00,14,10,83,21,False,2,0,80,False,8,0,1,0.018036072144288578,0.2322403031129522
ABRAND00362,361,53.89,-116.1,1,4,2,120,5,30,120,1610.6425888319995,2,11,False,truck,2015-04-02 17:17:00,12,8,83,21,False,2,0,445,False,7,1,0,0.02004008016032064,0.25140009919593226
ABRAND00931,351,52.49,-114.19,1,4,2,120,5,30,120,1718.3003292288001,0,9,False,truck,2014-07-01 23:56:00,15,12,83,21,False,2,0,720,False,6,0,0,0.022044088176352707,0.2705024722814613
ABRAND00104,601,54.58,-119.42,1,4,2,120,5,30,120,2693.205352454401,2,12,False,truck,2016-04-01 18:00:00,11,1,83,21,False,2,2,80,False,7,7,0,0.02404809619238477,0.28847202084134027
ABRAND00256,601,53.5,-117.74,1,4,2,120,5,30,120,1890.6060267071998,0,12,False,truck,2016-01-02 17:09:00,13,5,83,21,False,2,0,170,False,5,0,0,0.026052104208416832,0.3059988638756092
ABRAND00268,351,54.26,-117.58,1,4,2,120,5,30,120,2943.6226438464,1,14,False,truck,2016-04-01 18:00:00,11,5,83,21,False,2,0,80,False,7,0,0,0.028056112224448898,0.32338953712703106
ABRAND00643,504,52.88,-115.17,1,4,2,120,5,30,120,3004.072516944,0,9,False,truck,2016-01-02 17:09:00,14,10,83,21,False,2,0,170,False,6,0,0,0.03006012024048096,0.33865659175112994
ABRAND00543,322,52.98,-115.59,1,4,2,120,5,30,120,1884.6724067424002,4,12,False,truck,2015-01-03 17:10:00,14,9,83,21,False,2,0,534,False,7,1,0,0.03206412825651302,0.3524575246465523
ABRAND00484,361,53.1,-115.76,1,4,2,120,5,30,120,2296.6983194400004,4,10,False,truck,2015-01-03 17:10:00,14,8,83,21,False,2,0,534,False,5,0,0,0.03406813627254509,0.3646248980266068
ABRAND00525,351,53.94,-115.62,1,4,2,120,5,30,120,3015.9294735456006,3,9,False,truck,2015-09-30 17:03:00,12,9,83,21,False,2,0,264,False,5,0,0,0.036072144288577156,0.37611940582165404
ABRAND00623,311,53.12,-115.26,1,4,2,120,5,30,120,2643.7257665856,0,8,False,truck,2016-01-03 17:05:00,14,9,82,21,False,2,0,169,False,3,0,0,0.03807615230460922,0.3866320712224248
ABRAND00941,361,52.89,-114.17,1,4,2,120,5,30,120,4477.8891845088,1,19,False,truck,2016-04-02 17:20:00,14,12,82,21,False,2,0,79,False,8,0,4,0.04008016032064128,0.39603970455495496
ABRAND00634,621,53.33,-115.2,1,4,2,120,5,30,120,4464.506292624001,1,15,False,truck,2016-01-03 17:05:00,13,10,82,21,False,2,1,169,False,8,0,0,0.04208416833667335,0.40504691837872325
ABRAND01006,601,50.19,-113.9,1,4,2,120,5,30,120,3509.8921353888,1,15,False,truck,2015-04-03 17:23:00,20,12,82,21,False,2,3,444,False,7,0,1,0.04408817635270541,0.4139194136874499
ABRAND00444,361,53.86,-115.88,1,4,2,120,5,30,120,3934.8077999616007,3,20,False,truck,2015-09-30 17:42:00,12,8,82,21,False,2,0,264,False,9,0,1,0.04609218436873747,0.42226819640674645
ABRAND00305,601,53.25,-116.61,1,4,2,120,5,30,120,7649.8923472704,3,14,False,truck,2016-04-02 17:20:00,13,7,82,21,False,2,2,79,False,5,3,1,0.04809619238476954,0.4303034875814135
ABRAND00950,351,52.63,-114.14,1,4,2,120,5,30,120,5960.1999547008,0,17,False,truck,2015-07-02 18:00:00,15,12,82,21,False,2,0,354,False,11,0,4,0.050100200400801605,0.4373143529313066
ABRAND00705,601,52.14,-114.95,1,4,2,120,5,30,120,2348.42560632,2,11,False,truck,2015-09-30 17:42:00,16,10,82,21,False,2,5,264,False,6,5,0,0.052104208416833664,0.44376725778154996
ABRAND00597,601,53.29,-115.34,1,4,2,120,5,30,120,4016.5503671808,1,11,False,truck,2016-04-02 17:20:00,13,9,82,21,False,2,0,79,False,7,0,0,0.05410821643286573,0.45013949340653925
ABRAND01137,601,55.83,-110.68,1,4,2,120,5,30,120,3456.4842720864,2,10,False,truck,2014-07-03 17:22:00,8,19,82,21,False,2,7,718,False,8,1,0,0.056112224448897796,0.4564628779253641
ABRAND00873,351,52.81,-114.31,1,4,2,120,5,30,120,18784.069271856006,1,17,False,truck,2016-01-03 17:06:00,14,11,82,21,False,2,0,169,False,9,1,0,0.05811623246492986,0.46192445022486595
ABRAND00475,322,53.59,-115.79,1,4,2,120,5,30,120,2895.1414190495993,2,12,False,truck,2016-01-03 17:06:00,13,8,82,21,False,2,4,169,False,6,3,0,0.06012024048096192,0.46732306313007294
ABRAND00572,601,53.21,-115.44,1,4,2,120,5,30,120,3144.3592318560004,2,8,False,truck,2015-04-03 17:23:00,14,9,82,21,False,2,0,444,False,4,0,0,0.06212424849699399,0.47233315896459577
ABRAND00608,361,52.49,-115.3,1,4,2,120,5,30,120,1258.4135275776,2,5,False,truck,2015-01-04 17:29:00,15,9,82,21,False,2,0,533,False,3,0,0,0.06412825651302605,0.47720207266730214
ABRAND00293,601,53.23,-117.25,1,4,2,120,5,30,120,3222.1426370976005,0,14,False,truck,2016-01-03 17:06:00,14,5,82,21,False,2,0,169,False,8,0,0,0.06613226452905811,0.48206532711302674
ABRAND00185,351,54.5,-118.86,1,4,2,120,5,30,120,4164.325895232,0,16,False,truck,2016-04-02 17:33:00,11,2,82,21,False,2,0,79,False,10,0,0,0.06813627254509018,0.48669436006923145
ABRAND01061,601,50.17,-112.78,1,4,2,120,5,30,120,2566.0918914047998,0,12,False,truck,2016-04-02 17:33:00,20,14,82,21,False,2,0,79,False,7,1,0,0.07014028056112225,0.4910127285889439
ABRAND00651,311,52.78,-115.15,1,4,2,120,5,30,120,3242.4592562496,1,11,False,truck,2016-04-02 17:33:00,14,10,82,21,False,2,0,79,False,7,0,1,0.07214428857715431,0.49529942788372855
ABRAND00894,351,52.89,-114.27,1,4,2,120,5,30,120,3025.7123319648003,0,13,False,truck,2015-07-03 17:28:00,14,11,82,21,False,2,0,353,False,8,0,0,0.07414829659318638,0.4995490774398077
ABRAND00319,311,53.3,-116.3,1,4,2,120,5,30,120,2625.9472185408003,1,12,False,truck,2015-01-02 17:33:00,13,7,82,21,False,2,0,535,False,6,0,2,0.07615230460921844,0.5037953221850126
ABRAND00593,311,53.04,-115.36,1,4,2,120,5,30,120,2287.8004345344,2,12,False,truck,2015-04-04 17:10:00,14,9,81,21,False,2,0,443,False,5,0,0,0.0781563126252505,0.5079537347044394
ABRAND00566,311,53.16,-115.48,1,4,2,120,5,30,120,2008.9969066368003,0,10,False,truck,2016-01-04 17:04:00,14,9,81,21,False,2,0,168,False,6,0,0,0.08016032064128256,0.5120891241359732
ABRAND00982,351,52.7,-114.04,1,4,2,120,5,30,120,1879.4639378304,0,15,False,truck,2016-04-03 17:05:00,15,12,81,21,False,2,0,78,False,7,0,0,0.08216432865731463,0.516224437375086
ABRAND01069,601,50.42,-112.61,1,4,2,120,5,30,120,1954.7865526176001,0,10,False,truck,2015-10-01 17:19:00,19,15,81,21,False,2,0,263,False,6,0,0,0.0841683366733467,0.5202208754132184
ABRAND00437,361,54.31,-115.89,1,4,2,120,5,30,120,5659.866544377601,4,17,False,truck,2016-01-04 17:04:00,11,8,81,21,False,2,3,168,False,5,3,0,0.08617234468937876,0.5240093484091554
ABRAND00934,351,52.45,-114.18,1,4,2,120,5,30,120,4530.121663852801,0,17,False,truck,2016-01-04 17:04:00,15,12,81,21,False,2,0,168,False,9,0,0,0.08817635270541083,0.5275161168876787
ABRAND00627,311,52.75,-115.23,1,4,2,120,5,30,120,3746.8612210752,0,11,False,truck,2016-01-04 18:33:00,14,10,81,21,False,2,0,168,False,7,0,0,0.09018036072144289,0.530830286275839
ABRAND00425,322,53.68,-115.91,1,4,2,120,5,30,120,1862.1630707616,1,11,False,truck,2015-04-04 17:10:00,13,8,81,21,False,2,2,443,False,6,0,0,0.09218436873747494,0.5341175690303237
ABRAND00108,601,54.82,-119.39,1,4,2,120,5,30,120,3814.423579065601,0,12,False,truck,2016-04-03 17:05:00,10,1,81,21,False,2,0,78,False,6,0,0,0.09418837675350701,0.5374035875239607
ABRAND00048,311,55.26,-119.71,1,4,2,120,5,30,120,5546.232242956802,3,14,False,truck,2016-01-04 18:33:00,9,1,81,21,False,2,0,168,False,9,0,0,0.09619238476953908,0.5406622190394983
ABRAND01010,601,53.28,-113.86,1,4,2,120,5,30,120,4119.0202582848,1,10,False,truck,2015-04-02 17:17:00,13,12,81,21,False,2,0,445,False,7,0,0,0.09819639278557114,0.5439129924382545
ABRAND00635,311,52.98,-115.2,1,4,2,120,5,30,120,3546.8171121312007,2,15,False,truck,2016-04-03 18:14:00,14,10,81,21,False,2,6,78,False,6,9,2,0.10020040080160321,0.5471279920246066
ABRAND00306,601,54.19,-116.55,1,4,2,120,5,30,120,10485.2248713216,2,15,False,truck,2016-04-03 18:14:00,12,7,81,21,False,2,7,78,False,8,7,0,0.10220440881763528,0.5503129575362075
ABRAND00244,361,54.12,-118.13,1,4,2,120,5,30,120,2625.368086684801,0,10,False,truck,2016-01-04 18:33:00,12,4,81,21,False,2,0,168,False,5,0,0,0.10420841683366733,0.5534159584542344
ABRAND00793,621,52.29,-114.52,1,4,2,120,5,30,120,2369.7406104767997,0,11,False,truck,2015-07-04 17:47:00,15,11,81,21,False,2,0,352,False,7,0,0,0.1062124248496994,0.5564297629621834
ABRAND00430,601,53.05,-115.9,1,4,2,120,5,30,120,7056.033933196801,0,15,False,truck,2015-09-30 17:03:00,14,8,81,21,False,2,0,264,False,11,0,0,0.10821643286573146,0.559428614382554
ABRAND00287,601,54.15,-117.37,1,4,2,120,5,30,120,12424.832776742403,0,19,False,truck,2016-04-03 18:14:00,12,5,81,21,False,2,0,78,False,11,0,0,0.11022044088176353,0.5623938593663556
ABRAND00016,601,57.3,-119.9,1,4,2,120,5,30,120,28166.208487747197,0,14,False,truck,2015-09-30 17:03:00,5,0,81,21,False,2,0,264,False,6,1,1,0.11222444889779559,0.5653238541999484
ABRAND01089,601,51.04,-111.48,1,4,2,120,5,30,120,4990.434649747201,0,15,False,truck,2016-01-05 18:56:00,18,17,80,21,False,2,0,167,False,7,0,0,0.11422845691382766,0.5682499679900278
ABRAND00277,601,54,-117.52,1,4,2,120,5,30,120,12196.476316425602,2,16,False,truck,2015-10-02 23:28:00,12,5,80,21,False,2,0,262,False,10,0,0,0.11623246492985972,0.571088828811707
ABRAND00280,621,54.22,-117.49,1,4,2,120,5,30,120,7356.348386409599,2,15,False,truck,2016-01-05 18:56:00,12,5,80,21,False,2,0,167,False,7,0,0,0.11823647294589178,0.5738997844321247
ABRAND00912,601,52.41,-114.23,1,4,2,120,5,30,120,1713.9991790304,2,11,False,truck,2015-04-05 17:07:00,15,12,80,21,False,2,0,442,False,4,1,0,0.12024048096192384,0.5767026735572355
ABRAND00239,351,54.36,-118.42,1,4,2,120,5,30,120,6164.8562222208,0,10,False,truck,2016-04-04 23:56:00,11,3,80,21,False,2,0,77,False,7,1,2,0.12224448897795591,0.5794878761847178
ABRAND00541,601,52.83,-115.59,1,4,2,120,5,30,120,4301.081319024001,1,10,False,truck,2016-04-04 23:56:00,14,9,80,21,False,2,0,77,False,4,0,0,0.12424849699398798,0.5822471691480101
ABRAND00014,601,54.94,-119.91,1,4,2,120,5,30,120,1614.9059153568,1,15,False,truck,2016-04-04 23:56:00,10,0,80,21,False,2,0,77,False,8,0,0,0.12625250501002003,0.584962400601284
ABRAND00594,601,52.95,-115.36,1,4,2,120,5,30,120,3926.0164506624,0,14,False,truck,2016-01-05 17:16:00,14,9,80,21,False,2,0,167,False,7,0,0,0.1282565130260521,0.5876072550024398
ABRAND00581,601,52.56,-115.41,1,4,2,120,5,30,120,4223.1948130944,0,18,False,truck,2016-04-04 17:37:00,15,9,80,21,False,2,0,77,False,10,0,0,0.13026052104208416,0.590095669004131
ABRAND00727,601,52.24,-114.81,1,4,2,120,5,30,120,3452.9753199456004,0,6,False,truck,2016-04-04 17:37:00,16,10,80,21,False,2,0,77,False,6,1,0,0.13226452905811623,0.5925695618377226
ABRAND00895,621,52.76,-114.27,1,4,2,120,5,30,120,2612.3580966816003,0,12,False,truck,2016-01-05 17:16:00,14,11,80,21,False,2,0,167,False,7,1,0,0.1342685370741483,0.5950095912574868
ABRAND00926,361,52.67,-114.2,1,4,2,120,5,30,120,106782.9294392928,2,13,False,truck,2015-10-03 23:08:00,15,12,80,21,False,2,0,261,False,11,0,0,0.13627254509018036,0.5974359792818164
ABRAND00387,361,53.08,-116.02,1,4,2,120,5,30,120,3043.3774791456003,0,9,False,truck,2016-01-05 17:16:00,14,8,80,21,False,2,0,167,False,6,0,0,0.13827655310621242,0.5998500018485647
ABRAND00084,601,55.08,-119.55,1,4,2,120,5,30,120,3458.986284585601,0,17,False,truck,2015-10-03 23:08:00,10,1,80,21,False,2,0,261,False,7,0,0,0.1402805611222445,0.602240792567007
ABRAND00061,601,55.06,-119.64,1,4,2,120,5,30,120,9879.420131078401,2,15,False,truck,2015-07-05 17:12:00,10,1,80,21,False,2,0,351,False,6,0,0,0.14228456913827656,0.6046225779218223
ABRAND00004,601,55.32,-119.96,1,4,2,120,5,30,120,5478.6698711424015,3,20,False,truck,2015-10-01 18:14:00,9,0,80,21,False,2,8,263,False,8,5,2,0.14428857715430862,0.6069949088832785
ABRAND00495,311,53.44,-115.73,1,4,2,120,5,30,120,5541.4963143936,2,13,False,truck,2015-07-03 17:28:00,13,9,80,21,False,2,0,353,False,5,0,0,0.1462925851703407,0.6093670536286432
ABRAND00145,601,55.56,-119.15,1,4,2,120,5,30,120,4690.1579980896,2,17,False,truck,2016-04-04 17:37:00,9,2,80,21,False,2,0,77,False,9,0,3,0.14829659318637275,0.6117334481403319
ABRAND00312,311,53.14,-116.38,1,4,2,120,5,30,120,1302.5953289664003,0,10,False,truck,2015-10-03 23:08:00,14,7,79,21,False,2,0,261,False,6,0,0,0.15030060120240482,0.6140951891282682
ABRAND00778,361,52.16,-114.57,1,4,2,120,5,30,120,2729.4326714880003,4,10,False,truck,2015-04-06 17:26:00,16,11,79,21,False,2,0,441,False,5,0,0,0.1523046092184369,0.6163314964913349
ABRAND00040,601,55.03,-119.79,1,4,2,120,5,30,120,3564.8775189216003,1,12,False,truck,2015-10-03 23:08:00,10,0,79,21,False,2,0,261,False,7,0,1,0.15430861723446893,0.6185665858517251
ABRAND00083,351,55.43,-119.55,1,4,2,120,5,30,120,18947.834506886404,0,15,False,truck,2016-01-06 17:04:00,9,1,79,21,False,2,0,166,False,8,0,0,0.156312625250501,0.6207973618579123
ABRAND00395,311,52.9,-116,1,4,2,120,5,30,120,4119.3519124608,2,12,False,truck,2016-04-05 17:26:00,14,8,79,21,False,2,0,76,False,8,1,0,0.15831663326653306,0.6230273498381386
ABRAND00942,621,52.87,-114.17,1,4,2,120,5,30,120,1363.7170900224003,0,9,False,truck,2016-01-06 17:04:00,14,12,79,21,False,2,0,166,False,7,0,0,0.16032064128256512,0.6252542541313538
ABRAND00761,361,51.97,-114.64,1,4,2,120,5,30,120,2185.0504278912003,2,11,False,truck,2016-04-05 17:26:00,16,11,79,21,False,2,6,76,False,8,5,0,0.1623246492985972,0.6274183000946182
ABRAND00713,351,52.12,-114.9,1,4,2,120,5,30,120,4191.2549244576,3,12,False,truck,2015-07-05 17:47:00,16,10,79,21,False,2,0,351,False,5,0,0,0.16432865731462926,0.6295034593218378
ABRAND00770,601,52.68,-114.61,1,4,2,120,5,30,120,79428.01882331521,1,19,False,truck,2016-04-05 17:26:00,15,11,79,21,False,2,0,76,False,11,0,0,0.16633266533066132,0.6315669378834671
ABRAND00690,621,52.55,-115.03,1,4,2,120,5,30,120,3156.8984372448003,1,13,False,truck,2016-01-06 17:21:00,15,10,79,21,False,2,0,166,False,5,0,1,0.1683366733466934,0.6336135354618748
ABRAND00918,351,52.78,-114.22,1,4,2,120,5,30,120,2059.2859044672,2,10,False,truck,2016-04-05 17:17:00,14,12,79,21,False,2,3,76,False,8,2,1,0.17034068136272545,0.6356487989705502
ABRAND00403,601,54.24,-115.98,1,4,2,120,5,30,120,3224.1789321696,2,12,False,truck,2015-01-06 18:24:00,12,8,79,21,False,2,0,531,False,8,0,0,0.17234468937875752,0.6376824693229339
ABRAND00274,601,54.85,-117.54,1,4,2,120,5,30,120,2122.7412277440003,2,9,False,truck,2015-04-06 17:11:00,10,5,79,21,False,2,0,440,False,4,0,0,0.1743486973947896,0.6397025989721916
ABRAND00224,351,54.44,-118.67,1,4,2,120,5,30,120,10999.151898998402,1,13,False,truck,2016-01-06 17:21:00,11,3,79,21,False,2,7,166,False,9,10,0,0.17635270541082165,0.6416923854710163
ABRAND01151,344,55.09,-110.53,1,4,2,120,5,30,120,6711.6321989856015,0,8,False,truck,2016-04-05 17:17:00,10,19,79,21,False,2,0,76,False,5,0,0,0.17835671342685372,0.6436359944119708
ABRAND00034,601,55.27,-119.83,1,4,2,120,5,30,120,4390.4226522816,1,12,False,truck,2016-01-06 17:21:00,9,0,79,21,False,2,0,166,False,6,0,2,0.18036072144288579,0.6455482914020338
ABRAND00844,311,52.75,-114.37,1,4,2,120,5,30,120,3002.8816891584,0,14,False,truck,2015-07-06 17:09:00,14,11,79,21,False,2,0,350,False,5,0,0,0.18236472945891782,0.6474589687900855
ABRAND00773,311,51.94,-114.6,1,4,2,120,5,30,120,1753.6718750111997,0,11,False,truck,2015-07-06 17:09:00,16,11,79,21,False,2,0,350,False,6,0,0,0.1843687374749499,0.6493581134511811
ABRAND00334,361,53.21,-116.24,1,4,2,120,5,30,120,3290.6329146720004,3,15,False,truck,2015-10-04 23:06:00,14,8,78,21,False,2,0,260,False,8,0,1,0.18637274549098196,0.6512532250635029
ABRAND00842,501,52.12,-114.38,1,4,2,120,5,30,120,2362.6762732800003,1,16,False,truck,2016-04-06 17:11:00,16,11,78,21,False,2,0,75,False,8,0,0,0.18837675350701402,0.653107444374704
ABRAND00567,311,52.72,-115.48,1,4,2,120,5,30,120,4524.95619216,1,6,False,truck,2015-10-04 17:11:00,15,9,78,21,False,2,0,260,False,5,0,0,0.1903807615230461,0.6549553738553099
ABRAND00113,601,54.91,-119.38,1,4,2,120,5,30,120,10934.966223475201,0,7,False,truck,2016-04-06 17:11:00,10,1,78,21,False,2,0,75,False,4,0,0,0.19238476953907815,0.6567929194120685
ABRAND00916,362,52.7,-114.23,1,4,2,120,5,30,120,21521.3068897632,0,17,False,truck,2015-07-06 17:09:00,15,12,78,21,False,2,0,350,False,8,0,5,0.19438877755511022,0.6586227094867658
ABRAND00352,311,53,-116.14,1,4,2,120,5,30,120,2449.3661076095996,0,13,False,truck,2016-04-06 17:11:00,14,8,78,21,False,2,0,75,False,6,1,2,0.1963927855711423,0.6604523246121473
ABRAND01023,601,55.4,-113.5,1,4,2,120,5,30,120,6904.7202311424,3,13,False,truck,2015-04-07 17:50:00,9,13,78,21,False,2,0,440,False,5,0,0,0.19839679358717435,0.6622776749720899
ABRAND00468,311,53.07,-115.82,1,4,2,120,5,30,120,22145.352451401603,2,14,False,truck,2016-01-07 17:26:00,14,8,78,21,False,2,0,165,False,11,0,0,0.20040080160320642,0.6640981331113307
ABRAND00491,311,52.89,-115.74,1,4,2,120,5,30,120,2706.486882624,2,8,False,truck,2016-01-07 17:26:00,14,9,78,21,False,2,0,165,False,5,0,0,0.20240480961923848,0.6659020741594672
ABRAND00103,601,54.98,-119.44,1,4,2,120,5,30,120,3452.0318952768,0,14,False,truck,2015-10-04 17:11:00,10,1,78,21,False,2,0,260,False,7,0,0,0.20440881763527055,0.6676931159655404
ABRAND00044,601,55.12,-119.76,1,4,2,120,5,30,120,4185.1099169568,1,10,False,truck,2016-01-07 17:27:00,10,0,78,21,False,2,0,165,False,5,0,0,0.20641282565130262,0.669470173492019
ABRAND00446,311,52.97,-115.87,1,4,2,120,5,30,120,5296.9319407872,2,16,False,truck,2015-10-04 17:11:00,14,8,78,21,False,2,0,260,False,8,0,1,0.20841683366733466,0.6712243257377598
ABRAND00689,361,52.83,-115.03,1,4,2,120,5,30,120,3923.272174464,1,15,False,truck,2016-04-06 17:12:00,14,10,78,21,False,2,0,75,False,10,0,1,0.21042084168336672,0.6729550136492626
ABRAND01053,601,51.72,-112.9,1,4,2,120,5,30,120,9565.3979804736,2,17,False,truck,2015-01-07 17:10:00,17,14,78,21,False,2,0,530,False,8,0,2,0.2124248496993988,0.6746798199300913
ABRAND00470,311,53.17,-115.81,1,4,2,120,5,30,120,39217.72002468481,0,17,False,truck,2016-01-07 17:27:00,14,8,78,21,False,2,0,165,False,8,1,0,0.21442885771543085,0.6763896311396598
ABRAND00505,351,52.79,-115.7,1,4,2,120,5,30,120,13255.359547392001,0,17,False,truck,2016-04-06 17:12:00,14,9,78,21,False,2,0,75,False,9,0,0,0.21643286573146292,0.6780840083579154
ABRAND00779,601,52.81,-114.57,1,4,2,120,5,30,120,3162.6774127008002,0,13,False,truck,2016-04-06 17:12:00,14,11,78,21,False,2,0,75,False,7,0,0,0.218436873747495,0.6797671794148287
ABRAND00117,311,55.4,-119.34,1,4,2,120,5,30,120,3142.3831059167997,0,12,False,truck,2016-04-07 18:45:00,9,1,77,21,False,2,0,74,False,7,1,0,0.22044088176352705,0.6814425145113745
ABRAND01075,601,51.05,-112.29,1,4,2,120,5,30,120,4972.8726079200005,1,10,False,truck,2016-04-07 18:45:00,18,15,77,21,False,2,0,74,False,9,0,1,0.22244488977955912,0.6831176097363801
ABRAND00024,601,54.87,-119.87,1,4,2,120,5,30,120,2835.6280910207997,2,15,False,truck,2015-10-05 17:45:00,10,0,77,21,False,2,0,259,False,7,0,0,0.22444889779559118,0.6847818871728731
ABRAND00233,351,54.54,-118.55,1,4,2,120,5,30,120,39813.19545985919,3,10,False,truck,2015-04-08 23:27:00,11,3,77,21,False,2,0,439,False,7,0,1,0.22645290581162325,0.6864434840729489
ABRAND00589,361,53.01,-115.38,1,4,2,120,5,30,120,106944.43150779838,1,16,False,truck,2015-07-07 17:48:00,14,9,77,21,False,2,4,349,False,6,3,2,0.22845691382765532,0.6880910877503471
ABRAND00737,601,52.6,-114.76,1,4,2,120,5,30,120,4366.0385749728,1,16,False,truck,2016-01-08 17:34:00,15,10,77,21,False,2,0,164,False,10,1,0,0.23046092184368738,0.6897272877718665
ABRAND01159,601,55.1,-110.47,1,4,2,120,5,30,120,1158.4284500160002,0,8,False,truck,2016-01-08 18:09:00,10,19,77,21,False,2,0,164,False,5,0,0,0.23246492985971945,0.6913236229981647
ABRAND00682,361,52.92,-115.05,1,4,2,120,5,30,120,6151.5025559999995,2,11,False,truck,2014-10-06 17:30:00,14,10,77,21,False,2,0,623,False,6,0,0,0.23446893787575152,0.6929127866694477
ABRAND00006,351,55.25,-119.95,1,4,2,120,5,30,120,6026.069647008001,0,10,False,truck,2015-07-07 17:48:00,9,0,77,21,False,2,0,349,False,6,0,0,0.23647294589178355,0.6944826858444881
ABRAND00002,601,54.74,-119.98,1,4,2,120,5,30,120,4092.2854040736,0,15,False,truck,2016-04-07 17:34:00,11,0,77,21,False,2,0,74,False,6,1,0,0.23847695390781562,0.6960447883282715
ABRAND00840,621,52.73,-114.39,1,4,2,120,5,30,120,50807.3966614944,0,14,False,truck,2015-10-05 17:45:00,15,11,77,21,False,2,0,259,False,9,0,0,0.24048096192384769,0.6975757137604713
ABRAND00118,311,55.33,-119.33,1,4,2,120,5,30,120,18279.02289893761,0,15,False,truck,2015-07-08 17:43:00,9,1,77,21,False,2,0,348,False,7,0,0,0.24248496993987975,0.6991025124482921
ABRAND00384,311,53.28,-116.03,1,4,2,120,5,30,120,5656.3559037216,1,17,False,truck,2016-04-07 17:34:00,13,8,77,21,False,2,0,74,False,9,0,0,0.24448897795591182,0.7006282284256755
ABRAND00753,601,53.22,-114.67,1,4,2,120,5,30,120,6227.6929615008,0,13,False,truck,2015-07-08 17:43:00,14,11,77,21,False,2,0,348,False,8,0,0,0.24649298597194388,0.7021466472721031
ABRAND00258,351,54.02,-117.7,1,4,2,120,5,30,120,3936.007211587201,0,10,False,truck,2015-07-08 17:43:00,12,5,77,21,False,2,0,348,False,6,0,0,0.24849699398797595,0.703653957924429
ABRAND00868,311,52.93,-114.33,1,4,2,120,5,30,120,3632.8230474336005,2,11,False,truck,2016-01-08 18:09:00,14,11,77,21,False,2,0,164,False,7,1,0,0.250501002004008,0.7051496417784251
ABRAND00780,621,52.65,-114.56,1,4,2,120,5,30,120,1074.2302678752003,0,5,False,truck,2014-07-06 17:07:00,15,11,77,21,False,2,0,715,False,4,0,0,0.25250501002004005,0.7066312888566636
ABRAND00416,361,53.75,-115.94,1,4,2,120,5,30,120,3788.9706319776005,1,16,False,truck,2016-01-07 17:26:00,12,8,77,21,False,2,0,165,False,10,0,0,0.2545090180360721,0.7081092263338011
ABRAND00085,601,57.51,-119.55,1,4,2,120,5,30,120,6549.0956340768,1,16,False,truck,2016-01-09 17:32:00,5,1,76,21,False,2,0,163,False,6,0,0,0.2565130260521042,0.7095834856998616
ABRAND00967,361,52.75,-114.09,1,4,2,120,5,30,120,10459.808001936002,0,12,False,truck,2016-04-08 17:29:00,14,12,76,21,False,2,0,73,False,7,0,2,0.25851703406813625,0.7110507566183425
ABRAND00302,601,54.24,-116.84,1,4,2,120,5,30,120,5974.345834963202,1,14,False,truck,2015-10-06 17:36:00,12,6,76,21,False,2,0,258,False,5,0,0,0.2605210420841683,0.7125155312790121
ABRAND00369,361,53.48,-116.08,1,4,2,120,5,30,120,14078.010906288002,1,15,False,truck,2016-04-08 17:29:00,13,8,76,21,False,2,0,73,False,7,0,0,0.2625250501002004,0.7139668783695468
ABRAND00810,361,52.69,-114.47,1,4,2,120,5,30,120,3360.5511496704003,1,7,False,truck,2015-07-07 17:15:00,15,11,76,21,False,2,0,349,False,6,0,0,0.26452905811623245,0.7154085265325113
ABRAND00441,311,53.21,-115.89,1,4,2,120,5,30,120,10486.047973536002,0,6,False,truck,2016-01-09 17:53:00,14,8,76,21,False,2,0,163,False,5,0,0,0.2665330661322645,0.7168476111768725
ABRAND00748,601,53.03,-114.69,1,4,2,120,5,30,120,3266.931010291201,4,7,False,truck,2014-04-09 17:56:00,14,11,76,21,False,2,0,803,False,4,0,0,0.2685370741482966,0.7182851322077459
ABRAND00777,311,52.4,-114.57,1,4,2,120,5,30,120,3856.9642788959995,2,13,False,truck,2016-04-08 18:40:00,15,11,76,21,False,2,4,73,False,8,9,0,0.27054108216432865,0.7197137606103609
ABRAND00175,601,55.34,-118.94,1,4,2,120,5,30,120,1454.5723122432,3,7,False,truck,2016-01-09 17:53:00,9,2,76,21,False,2,0,163,False,6,1,0,0.2725450901803607,0.7211226945450804
ABRAND00815,351,52.53,-114.46,1,4,2,120,5,30,120,1945.5673411008,2,12,False,truck,2015-07-09 17:35:00,15,11,76,21,False,2,0,347,False,6,0,0,0.2745490981963928,0.7225210610610983
ABRAND00376,321,53.21,-116.05,1,4,2,120,5,30,120,5799.055268304,1,17,False,truck,2016-04-08 18:40:00,14,8,76,21,False,2,0,73,False,9,0,2,0.27655310621242485,0.7239157790068687
ABRAND01028,601,56.12,-113.37,1,4,2,120,5,30,120,5431.109741193601,1,17,False,truck,2014-10-03 17:44:00,8,13,76,21,False,2,0,626,False,8,0,1,0.2785571142284569,0.7253075555510915
ABRAND00286,621,54.08,-117.38,1,4,2,120,5,30,120,4016.8253328480005,1,11,False,truck,2016-04-08 18:40:00,12,5,76,21,False,2,0,73,False,7,1,0,0.280561122244489,0.7266992524048447
ABRAND01037,601,56.42,-113.19,1,4,2,120,5,30,120,36902.834190316804,0,16,False,truck,2015-04-08 23:27:00,7,14,76,21,False,2,0,439,False,8,2,0,0.28256513026052105,0.728090660403584
ABRAND00639,601,53.26,-115.18,1,4,2,120,5,30,120,9120.8754348192,0,19,False,truck,2016-01-10 19:04:00,13,10,75,21,False,2,0,162,False,10,1,1,0.2845691382765531,0.7294565490634407
ABRAND00522,311,53.02,-115.63,1,4,2,120,5,30,120,943.5906162432,0,10,False,truck,2015-10-07 17:59:00,14,9,75,21,False,2,0,257,False,4,0,1,0.2865731462925852,0.7308223696839731
ABRAND00436,311,53.02,-115.89,1,4,2,120,5,30,120,2826.890013888001,3,6,False,truck,2015-10-08 17:32:00,14,8,75,21,False,2,0,256,False,4,0,0,0.28857715430861725,0.7321856889855409
ABRAND01029,601,52.02,-113.37,1,4,2,120,5,30,120,1050.3857513088,1,7,False,truck,2014-10-09 18:44:00,16,13,75,21,False,2,0,620,False,2,0,0,0.2905811623246493,0.7335373064523405
ABRAND00909,361,52.38,-114.24,1,4,2,120,5,30,120,4147.4323049760005,1,15,False,truck,2016-04-09 17:36:00,15,12,75,21,False,2,0,72,False,9,0,0,0.2925851703406814,0.7348887240889875
ABRAND00451,361,52.89,-115.85,1,4,2,120,5,30,120,4276.3363496064,4,12,False,truck,2015-07-10 17:10:00,14,8,75,21,False,2,0,346,False,5,0,0,0.29458917835671344,0.736237141235723
ABRAND00660,361,52.87,-115.13,1,4,2,120,5,30,120,1736.4122874432005,0,9,False,truck,2016-04-09 17:36:00,14,10,75,21,False,2,0,72,False,5,0,0,0.2965931863727455,0.7375816765579893
ABRAND01125,601,50.35,-110.77,1,4,2,120,5,30,120,8445.472018272003,0,9,False,truck,2015-01-11 17:31:00,19,18,75,21,False,2,0,526,False,6,0,1,0.2985971943887776,0.7389183603727004
ABRAND00186,351,54.34,-118.86,1,4,2,120,5,30,120,3120.3291372480003,1,8,False,truck,2015-10-08 17:32:00,11,2,75,21,False,2,0,256,False,7,0,0,0.30060120240480964,0.7402486645463465
ABRAND00781,601,52.53,-114.56,1,4,2,120,5,30,120,2532.8288151936003,1,9,False,truck,2016-04-09 17:51:00,15,11,75,21,False,2,0,72,False,5,1,1,0.3026052104208417,0.741576404808458
ABRAND00568,601,52.86,-115.48,1,4,2,120,5,30,120,1889.0405616095998,1,8,False,truck,2015-01-09 17:30:00,14,9,75,21,False,2,0,528,False,4,0,0,0.3046092184368738,0.7428883650812808
ABRAND00547,601,52.97,-115.56,1,4,2,120,5,30,120,3389.0405063904,3,12,False,truck,2015-04-09 17:36:00,14,9,75,21,False,2,0,438,False,7,0,0,0.3066132264529058,0.7441928587253557
ABRAND00580,311,53.2,-115.42,1,4,2,120,5,30,120,4676.5190750112,1,15,False,truck,2016-04-09 17:51:00,14,9,75,21,False,2,0,72,False,7,1,0,0.30861723446893785,0.7454955943752225
ABRAND00866,322,52.24,-114.33,1,4,2,120,5,30,120,4154.7681498528,0,10,False,truck,2015-07-08 17:41:00,16,11,75,21,False,2,0,348,False,7,0,0,0.3106212424849699,0.746787685236444
ABRAND00929,601,52.33,-114.19,1,4,2,120,5,30,120,4847.061670848001,1,13,False,truck,2016-01-09 17:32:00,15,12,75,21,False,2,0,163,False,8,0,0,0.312625250501002,0.7480785662499227
ABRAND00738,322,53.1,-114.76,1,4,2,120,5,30,120,2413.0013488128,1,10,False,truck,2016-01-09 17:32:00,14,10,75,21,False,2,0,163,False,6,0,0,0.31462925851703405,0.7493690697778647
ABRAND00619,361,52.9,-115.27,1,4,2,120,5,30,120,3602.6359106688005,0,16,False,truck,2016-04-09 17:51:00,14,9,75,21,False,2,0,72,False,7,0,0,0.3166332665330661,0.7506591332216401
ABRAND00832,601,52.39,-114.42,1,4,2,120,5,30,120,3582.4326681887997,0,15,False,truck,2015-10-06 17:36:00,15,11,75,21,False,2,0,258,False,8,0,0,0.3186372745490982,0.7519396038693831
ABRAND00135,601,55.29,-119.24,1,4,2,120,5,30,120,8591.034272947201,2,13,False,truck,2015-10-09 17:03:00,9,2,74,21,False,2,0,255,False,6,0,0,0.32064128256513025,0.7532192802806754
ABRAND00106,311,55.2,-119.4,1,4,2,120,5,30,120,1786.6788827904,0,9,False,truck,2015-04-11 18:08:00,10,1,74,21,False,2,0,436,False,5,1,0,0.3226452905811623,0.7544964647028016
ABRAND00529,311,52.94,-115.61,1,4,2,120,5,30,120,2971.6583412096,1,12,False,truck,2016-04-10 17:29:00,14,9,74,21,False,2,0,71,False,8,0,0,0.3246492985971944,0.7557660211617462
ABRAND00535,351,53.06,-115.6,1,4,2,120,5,30,120,3462.4110456288004,2,11,False,truck,2016-04-10 17:29:00,14,9,74,21,False,2,6,71,False,6,7,4,0.32665330661322645,0.7570207835376764
ABRAND00123,601,55.02,-119.3,1,4,2,120,5,30,120,3712.9520357280003,2,17,False,truck,2015-07-11 17:08:00,10,1,74,21,False,2,0,345,False,10,0,1,0.3286573146292585,0.7582744744718214
ABRAND00442,361,53.86,-115.88,1,4,2,120,5,30,120,3552.2730581183996,0,14,False,truck,2015-04-12 17:29:00,12,8,74,21,False,2,0,435,False,7,0,0,0.3306613226452906,0.759515301549129
ABRAND00679,351,52.91,-115.06,1,4,2,120,5,30,120,77471.1959958432,0,16,False,truck,2015-10-09 17:25:00,14,10,74,21,False,2,0,255,False,9,0,4,0.33266533066132264,0.7607547788236666
ABRAND00253,361,54.42,-117.79,1,4,2,120,5,30,120,12548.177825932804,2,14,False,truck,2016-01-11 17:10:00,11,4,74,21,False,2,1,161,False,7,2,0,0.3346693386773547,0.7619866549597368
ABRAND00756,351,53,-114.66,1,4,2,120,5,30,120,1913.7494388096002,1,9,False,truck,2015-07-09 17:35:00,14,11,74,21,False,2,0,347,False,7,0,0,0.3366733466933868,0.7632153723780261
ABRAND00143,601,54.51,-119.17,1,4,2,120,5,30,120,15500.4268356,1,10,False,truck,2015-07-09 17:35:00,11,2,74,21,False,2,0,347,False,6,0,0,0.33867735470941884,0.7644381634563051
ABRAND00391,311,53.28,-116.01,1,4,2,120,5,30,120,4455.0327763584,2,9,False,truck,2016-01-10 17:33:00,13,8,74,21,False,2,0,162,False,6,0,0,0.3406813627254509,0.7656550499721306
ABRAND00820,322,52.54,-114.44,1,4,2,120,5,30,120,9843.240943411201,3,15,False,truck,2016-01-10 17:33:00,15,11,74,21,False,2,0,162,False,7,0,0,0.342685370741483,0.7668717576498497
ABRAND00578,311,53.12,-115.42,1,4,2,120,5,30,120,5868.8051166144005,0,12,False,truck,2016-04-10 17:33:00,14,9,74,21,False,2,0,71,False,8,0,0,0.34468937875751504,0.7680812129031928
ABRAND00041,601,55.18,-119.78,1,4,2,120,5,30,120,6151.854799468799,1,19,False,truck,2016-01-10 17:33:00,10,0,74,21,False,2,2,162,False,7,2,0,0.3466933867735471,0.7692897222929195
ABRAND00038,601,55.06,-119.82,1,4,2,120,5,30,120,5973.4625566176,1,18,False,truck,2016-04-10 17:33:00,10,0,74,21,False,2,0,71,False,9,0,0,0.3486973947895792,0.7704880837419199
ABRAND00088,601,54.55,-119.53,1,4,2,120,5,30,120,4940.193786912,0,16,False,truck,2016-04-10 17:33:00,11,1,74,21,False,2,0,71,False,8,0,0,0.35070140280561124,0.771683140684369
ABRAND00511,601,53.13,-115.69,1,4,2,120,5,30,120,8996.1607960704,0,16,False,truck,2016-04-10 17:33:00,14,9,74,21,False,2,0,71,False,8,0,0,0.3527054108216433,0.7728767451939413
ABRAND01005,351,52.96,-113.91,1,4,2,120,5,30,120,3893.006022912,0,11,False,truck,2016-04-10 17:33:00,14,12,74,21,False,2,0,71,False,8,0,0,0.35470941883767537,0.7740563370431763
ABRAND00301,601,54.15,-116.92,1,4,2,120,5,30,120,4268.7307050912,1,15,False,truck,2015-10-10 17:12:00,12,6,73,21,False,2,0,254,False,7,0,2,0.35671342685370744,0.775234934425899
ABRAND00094,601,54.65,-119.51,1,4,2,120,5,30,120,6485.550916521601,1,20,False,truck,2016-04-11 17:27:00,11,1,73,21,False,2,0,70,False,8,1,0,0.3587174348697395,0.7763792096518717
ABRAND00214,351,54.45,-118.7,1,4,2,120,5,30,120,1528.7436289728003,0,12,False,truck,2015-10-08 17:32:00,11,3,73,21,False,2,0,256,False,6,0,0,0.36072144288577157,0.7775207860700708
ABRAND00079,601,54.72,-119.56,1,4,2,120,5,30,120,3418.1021324736002,1,11,False,truck,2016-04-11 17:27:00,11,1,73,21,False,2,0,70,False,6,1,0,0.3627254509018036,0.7786545004730026
ABRAND00316,311,53.42,-116.33,1,4,2,120,5,30,120,19087.817088268814,1,18,False,truck,2016-01-11 18:03:00,13,7,73,21,False,2,0,161,False,8,0,2,0.36472945891783565,0.7797849177573952
ABRAND00435,311,53.02,-115.9,1,4,2,120,5,30,120,3611.0217108096003,2,10,False,truck,2015-10-08 17:03:00,14,8,73,21,False,2,0,256,False,8,0,0,0.3667334669338677,0.7809139382101529
ABRAND00874,361,52.86,-114.31,1,4,2,120,5,30,120,2696.116332528,0,16,False,truck,2016-01-11 18:03:00,14,11,73,21,False,2,0,161,False,7,0,0,0.3687374749498998,0.7820389854810521
ABRAND00872,621,52.26,-114.32,1,4,2,120,5,30,120,7439.860937289599,1,12,False,truck,2016-01-11 18:03:00,15,11,73,21,False,2,0,161,False,8,0,1,0.37074148296593185,0.7831585589302222
ABRAND01117,601,50.17,-110.93,1,4,2,120,5,30,120,53781.5604349152,0,8,False,truck,2015-04-11 18:08:00,20,18,73,21,False,2,0,436,False,5,0,0,0.3727454909819639,0.7842772763239391
ABRAND00270,621,54.15,-117.57,1,4,2,120,5,30,120,2895.5349498816,1,13,False,truck,2016-01-11 18:03:00,12,5,73,21,False,2,0,161,False,7,0,0,0.374749498997996,0.7853949304397569
ABRAND00622,361,52.68,-115.26,1,4,2,120,5,30,120,3135.8342859840004,0,12,False,truck,2016-04-11 18:39:00,15,9,73,21,False,2,0,70,False,7,0,0,0.37675350701402804,0.7865111138590816
ABRAND00726,311,52.01,-114.81,1,4,2,120,5,30,120,4473.5072821056,3,10,False,truck,2015-04-11 18:08:00,16,10,73,21,False,2,0,436,False,7,0,0,0.3787575150300601,0.787625867399722
ABRAND01144,506,55.24,-110.6,1,4,2,120,5,30,120,1715.3910630720002,0,8,False,truck,2016-01-11 17:10:00,10,19,73,21,False,2,0,161,False,6,0,0,0.3807615230460922,0.7887375018738917
ABRAND00531,601,53.03,-115.6,1,4,2,120,5,30,120,2734.7150423808002,0,9,False,truck,2015-04-09 17:05:00,14,9,73,21,False,2,0,438,False,7,0,0,0.38276553106212424,0.789841642889693
ABRAND00348,322,53.08,-116.18,1,4,2,120,5,30,120,2085.6376107936003,4,7,False,truck,2016-04-11 18:39:00,14,8,73,21,False,2,0,70,False,4,1,1,0.3847695390781563,0.7909453135005782
ABRAND00326,621,53.45,-116.27,1,4,2,120,5,30,120,4286.2463484768,0,16,False,truck,2016-04-11 18:39:00,13,7,73,21,False,2,0,70,False,8,0,1,0.3867735470941884,0.7920468004166518
ABRAND00613,621,53.2,-115.28,1,4,2,120,5,30,120,2221.5131424288,1,8,False,truck,2016-01-12 17:34:00,14,9,72,21,False,2,0,160,False,5,0,0,0.38877755511022044,0.7931433846114657
ABRAND00570,362,53.84,-115.47,1,4,2,120,5,30,120,4880.4639189696,3,8,False,truck,2016-01-12 17:34:00,12,9,72,21,False,2,0,160,False,5,0,0,0.3907815631262525,0.7942391142990751
ABRAND00800,601,52.06,-114.5,1,4,2,120,5,30,120,3671.6623148448,1,16,False,truck,2016-04-12 17:32:00,16,11,72,21,False,2,0,69,False,8,2,0,0.3927855711422846,0.7953049572469196
ABRAND00785,351,52.4,-114.55,1,4,2,120,5,30,120,3719.4475963679997,0,11,False,truck,2016-04-12 17:32:00,15,11,72,21,False,2,0,69,False,6,0,0,0.39478957915831664,0.7963677950440388
ABRAND00052,601,55.11,-119.69,1,4,2,120,5,30,120,2442.1333803552,2,16,False,truck,2015-10-09 17:25:00,10,1,72,21,False,2,0,255,False,7,0,0,0.3967935871743487,0.7974298129308737
ABRAND00971,503,52.83,-114.08,1,4,2,120,5,30,120,6037.125840719999,0,16,False,truck,2016-04-12 17:32:00,14,12,72,21,False,2,0,69,False,10,0,0,0.39879759519038077,0.7984908997255432
ABRAND00474,311,53.07,-115.8,1,4,2,120,5,30,120,9860.354478000003,0,12,False,truck,2016-01-12 17:34:00,14,8,72,21,False,2,0,160,False,7,1,0,0.40080160320641284,0.7995512004343955
ABRAND00199,621,54.41,-118.77,1,4,2,120,5,30,120,4694.2735609152005,2,10,False,truck,2016-01-12 17:34:00,11,2,72,21,False,2,0,160,False,6,0,0,0.4028056112224449,0.8006092016014213
ABRAND00299,311,53.85,-117.08,1,4,2,120,5,30,120,4697.897683651201,2,15,False,truck,2015-07-12 17:17:00,12,6,72,21,False,2,0,344,False,9,0,0,0.40480961923847697,0.8016550289640751
ABRAND00625,311,52.75,-115.24,1,4,2,120,5,30,120,3293.1572173344002,0,17,False,truck,2015-07-12 17:17:00,14,10,72,21,False,2,0,344,False,7,0,0,0.40681362725450904,0.8026999625512544
ABRAND00005,601,55.19,-119.95,1,4,2,120,5,30,120,1155.5896271616002,0,6,False,truck,2016-01-12 18:47:00,10,0,72,21,False,2,0,160,False,4,0,0,0.4088176352705411,0.8037431179282097
ABRAND00366,621,53.19,-116.08,1,4,2,120,5,30,120,3977.2866442175996,1,10,False,truck,2016-04-12 17:06:00,14,8,72,21,False,2,0,69,False,7,0,0,0.41082164328657317,0.8047679985991206
ABRAND00223,351,54.32,-118.67,1,4,2,120,5,30,120,7405.224852499201,2,7,False,truck,2015-04-13 17:03:00,11,3,72,21,False,2,3,434,False,4,1,0,0.41282565130260523,0.8057917106497412
ABRAND00811,311,52,-114.47,1,4,2,120,5,30,120,3153.114516931201,1,10,False,truck,2016-01-12 18:47:00,16,11,72,21,False,2,0,160,False,5,0,0,0.4148296593186373,0.8068132417280575
ABRAND00332,601,53.12,-116.24,1,4,2,120,5,30,120,1226.6437565664,0,12,False,truck,2016-01-12 18:47:00,14,8,72,21,False,2,0,160,False,9,0,0,0.4168336673346693,0.8078329250012857
ABRAND01109,601,49.39,-110.99,1,4,2,120,5,30,120,2759.1352205472003,1,8,False,truck,2016-01-12 18:47:00,21,18,72,21,False,2,0,160,False,7,0,0,0.4188376753507014,0.8088459887581166
ABRAND00448,351,53.27,-115.87,1,4,2,120,5,30,120,7973.6818679712,0,16,False,truck,2016-04-12 17:06:00,13,8,72,21,False,2,0,69,False,8,0,0,0.42084168336673344,0.8098580611669425
ABRAND00631,621,53.18,-115.21,1,4,2,120,5,30,120,3152.7175389120002,1,9,False,truck,2015-04-15 17:40:00,14,10,71,21,False,2,0,432,False,5,0,0,0.4228456913827655,0.8108680972198327
ABRAND00210,351,54.19,-118.72,1,4,2,120,5,30,120,8087.165024428801,2,19,False,truck,2016-01-13 17:32:00,12,3,71,21,False,2,0,159,False,10,0,0,0.4248496993987976,0.8118759900137937
ABRAND00481,601,52.74,-115.77,1,4,2,120,5,30,120,16745.601784608003,1,17,False,truck,2015-10-10 17:12:00,15,8,71,21,False,2,0,254,False,7,0,0,0.42685370741482964,0.8128817465357755
ABRAND01085,601,52.86,-111.68,1,4,2,120,5,30,120,5758.281092851201,0,14,False,truck,2016-04-13 18:19:00,14,17,71,21,False,2,0,68,False,9,0,0,0.4288577154308617,0.8138834595109077
ABRAND00008,601,55.28,-119.92,1,4,2,120,5,30,120,8929.266935788803,0,19,False,truck,2015-10-11 23:54:00,9,0,71,21,False,2,0,253,False,10,0,4,0.4308617234468938,0.814880195119592
ABRAND01024,601,56.19,-113.48,1,4,2,120,5,30,120,2150.2339123392,0,15,False,truck,2016-04-13 18:19:00,8,13,71,21,False,2,0,68,False,8,0,0,0.43286573146292584,0.8158734707195294
ABRAND01157,601,54.71,-110.48,1,4,2,120,5,30,120,4364.8666052831995,0,12,False,truck,2016-04-13 18:19:00,11,19,71,21,False,2,0,68,False,7,1,0,0.4348697394789579,0.8168657114246755
ABRAND00290,311,54.07,-117.29,1,4,2,120,5,30,120,832.0097643552001,0,10,False,truck,2014-10-10 17:02:00,12,5,71,21,False,2,0,619,False,7,0,0,0.43687374749499,0.817853470446612
ABRAND01097,601,55.73,-111.34,1,4,2,120,5,30,120,2747.6391250368,0,10,False,truck,2015-07-13 17:13:00,9,17,71,21,False,2,0,343,False,6,0,0,0.43887775551102204,0.818840964325762
ABRAND00292,322,53.97,-117.25,1,4,2,120,5,30,120,3208.5879138432,0,8,False,truck,2016-04-13 17:25:00,12,5,71,21,False,2,0,68,False,6,0,0,0.4408817635270541,0.8198270465992262
ABRAND00414,601,53.96,-115.95,1,4,2,120,5,30,120,618.2631197280001,0,8,False,truck,2016-04-13 17:25:00,12,8,71,21,False,2,0,68,False,4,0,0,0.44288577154308617,0.8208109723918493
ABRAND00359,401,53.11,-116.12,1,4,2,120,5,30,120,13321.454369846402,2,15,False,truck,2015-07-13 17:26:00,14,8,71,21,False,2,9,343,False,8,8,0,0.44488977955911824,0.8217931304622182
ABRAND00791,351,52.62,-114.53,1,4,2,120,5,30,120,5011.1825923872,0,11,False,truck,2016-04-13 17:25:00,15,11,71,21,False,2,0,68,False,7,0,1,0.4468937875751503,0.822774872943637
ABRAND01123,601,55.14,-110.82,1,4,2,120,5,30,120,4948.6775195519995,0,13,False,truck,2015-10-11 23:54:00,10,18,71,21,False,2,0,253,False,8,0,1,0.44889779559118237,0.8237536398181508
ABRAND01051,601,51.58,-112.92,1,4,2,120,5,30,120,4927.372822656,2,17,False,truck,2016-01-13 17:36:00,17,14,71,21,False,2,0,159,False,8,1,0,0.45090180360721444,0.8247320326948949
ABRAND00457,311,54.04,-115.84,1,4,2,120,5,30,120,2735.8268478624004,1,12,False,truck,2014-07-12 17:01:00,12,8,71,21,False,2,0,709,False,5,0,1,0.4529058116232465,0.8257085077902102
ABRAND00063,601,54.79,-119.63,1,4,2,120,5,30,120,4711.1808870432,0,17,False,truck,2016-01-13 17:36:00,10,1,71,21,False,2,0,159,False,9,0,0,0.45490981963927857,0.8266815710840854
ABRAND00724,601,52.95,-114.83,1,4,2,120,5,30,120,3559.400982172801,0,12,False,truck,2015-10-09 17:25:00,14,10,71,21,False,2,0,255,False,8,1,0,0.45691382765531063,0.827653501128705
ABRAND00020,601,55.03,-119.89,1,4,2,120,5,30,120,132380.7588562176,0,16,False,truck,2016-04-13 17:25:00,10,0,71,21,False,2,0,68,False,6,1,0,0.4589178356713427,0.8286251057754215
ABRAND00602,361,52.76,-115.32,1,4,2,120,5,30,120,18769.019512464005,1,20,False,truck,2016-04-14 17:24:00,14,9,70,21,False,2,0,67,False,12,0,0,0.46092184368737477,0.8295948128515842
ABRAND00151,601,54.23,-119.13,1,4,2,120,5,30,120,1818.1479710016001,0,11,False,truck,2016-04-14 17:24:00,12,2,70,21,False,2,0,67,False,6,0,0,0.46292585170340683,0.8305622779203475
ABRAND00852,311,51.98,-114.36,1,4,2,120,5,30,120,3846.485497075201,1,9,False,truck,2016-04-14 17:24:00,16,11,70,21,False,2,0,67,False,6,1,0,0.4649298597194389,0.8315280223116915
ABRAND00831,351,52.21,-114.42,1,4,2,120,5,30,120,1955.7488467872004,2,10,False,truck,2015-07-12 17:17:00,16,11,70,21,False,2,0,344,False,6,0,0,0.46693386773547096,0.8324927341420426
ABRAND00658,361,52.81,-115.14,1,4,2,120,5,30,120,2086.1651107871994,4,7,False,truck,2015-01-12 17:40:00,14,10,70,21,False,2,0,525,False,5,0,1,0.46893787575150303,0.8334481766344525
ABRAND00204,351,54.23,-118.75,1,4,2,120,5,30,120,3659.5819835712,1,8,False,truck,2016-01-14 18:50:00,12,2,70,21,False,2,0,158,False,6,0,0,0.4709418837675351,0.8344005537120289
ABRAND00092,601,54.74,-119.51,1,4,2,120,5,30,120,8394.49568736,0,25,False,truck,2016-04-14 17:24:00,11,1,70,21,False,2,0,67,False,7,0,14,0.4729458917835671,0.8353487702231245
ABRAND00510,601,53.87,-115.69,1,4,2,120,5,30,120,4316.1619777344,0,9,False,truck,2016-01-14 18:50:00,12,9,70,21,False,2,0,158,False,8,0,0,0.4749498997995992,0.8362955965067873
ABRAND00501,601,52.85,-115.72,1,4,2,120,5,30,120,4944.8936299104,2,9,False,truck,2014-10-13 17:00:00,14,9,70,21,False,2,0,616,False,4,0,1,0.47695390781563124,0.837237720677856
ABRAND00661,351,52.92,-115.13,1,4,2,120,5,30,120,4913.586095097601,1,9,False,truck,2015-07-14 17:53:00,14,10,70,21,False,2,0,342,False,5,0,0,0.4789579158316633,0.838177682534262
ABRAND00072,601,54.84,-119.58,1,4,2,120,5,30,120,12389.177693980804,1,14,False,truck,2016-01-14 17:08:00,10,1,70,21,False,2,0,158,False,8,0,0,0.48096192384769537,0.8391164940372189
ABRAND01083,601,52.87,-111.75,1,4,2,120,5,30,120,9216.7071308064,4,15,False,truck,2015-10-12 23:00:00,14,16,70,21,False,2,0,252,False,9,0,1,0.48296593186372744,0.8400547962548389
ABRAND01077,601,52.15,-112.13,1,4,2,120,5,30,120,35517.155956675204,0,13,False,truck,2016-04-14 17:29:00,16,16,70,21,False,2,0,67,False,5,0,0,0.4849699398797595,0.8409927625758352
ABRAND00295,361,54.87,-117.13,1,4,2,120,5,30,120,4385.848266748801,0,10,False,truck,2016-01-14 17:08:00,10,6,70,21,False,2,0,158,False,5,0,2,0.48697394789579157,0.8419279282297817
ABRAND00232,351,54.26,-118.56,1,4,2,120,5,30,120,2945.9063883456,0,14,False,truck,2016-04-14 17:29:00,11,3,70,21,False,2,0,67,False,9,0,0,0.48897795591182364,0.842861172608277
ABRAND01146,506,54.99,-110.59,1,4,2,120,5,30,120,5057.8629666048,0,17,False,truck,2016-01-14 17:08:00,10,19,70,21,False,2,0,158,False,11,0,0,0.4909819639278557,0.8437931220050113
ABRAND01100,601,50.16,-111.3,1,4,2,120,5,30,120,4358.6271027936,2,11,False,truck,2015-07-14 17:53:00,20,17,70,21,False,2,3,342,False,6,1,0,0.49298597194388777,0.8447249963693338
ABRAND00222,361,54.4,-118.68,1,4,2,120,5,30,120,115005.91678755841,2,17,False,truck,2015-10-12 18:05:00,11,3,70,21,False,2,8,252,False,7,6,5,0.49498997995991983,0.8456508223231822
ABRAND01132,601,50.55,-110.71,1,4,2,120,5,30,120,67482.6024715488,0,11,False,truck,2015-10-12 18:05:00,19,19,69,21,False,2,0,252,False,8,0,0,0.4969939879759519,0.8465765538073893
ABRAND01019,601,50.42,-113.61,1,4,2,120,5,30,120,2893.8457472832006,0,13,False,truck,2016-01-15 17:23:00,19,13,69,21,False,2,0,157,False,8,0,1,0.49899799599198397,0.8475021453375464
ABRAND00560,351,53.21,-115.51,1,4,2,120,5,30,120,3562.3342797119994,2,8,False,truck,2015-01-15 17:32:00,14,9,69,21,False,2,0,522,False,5,0,0,0.501002004008016,0.8484188131434273
ABRAND00370,361,53.08,-116.08,1,4,2,120,5,30,120,1393.3646433216,1,8,False,truck,2016-01-15 17:23:00,14,8,69,21,False,2,6,157,False,4,2,1,0.503006012024048,0.8493285053323905
ABRAND00418,351,52.81,-115.94,1,4,2,120,5,30,120,4020.9718161600003,0,15,False,truck,2016-04-15 17:08:00,14,8,69,21,False,2,0,66,False,5,0,0,0.5050100200400801,0.8502372594338332
ABRAND00701,601,52.99,-114.98,1,4,2,120,5,30,120,24140.9441068704,1,9,False,truck,2016-04-15 17:08:00,14,10,69,21,False,2,0,66,False,5,0,0,0.5070140280561122,0.8511459513278965
ABRAND01079,601,51.07,-112.03,1,4,2,120,5,30,120,3065.7270100319997,2,8,False,truck,2014-10-13 17:16:00,18,16,69,21,False,2,0,616,False,3,0,1,0.5090180360721442,0.8520457603190891
ABRAND00824,361,52.1,-114.44,1,4,2,120,5,30,120,2049.0218843616003,1,12,False,truck,2016-01-15 17:23:00,16,11,69,21,False,2,1,157,False,7,0,0,0.5110220440881763,0.8529414709385529
ABRAND00932,351,52.56,-114.19,1,4,2,120,5,30,120,4622.709088656,0,13,False,truck,2016-04-15 17:08:00,15,12,69,21,False,2,0,66,False,6,0,0,0.5130260521042084,0.8538371034226568
ABRAND01120,506,55.51,-110.88,1,4,2,120,5,30,120,114894.7517499264,1,12,False,truck,2015-10-13 23:05:00,9,18,69,21,False,2,0,251,False,4,0,5,0.5150300601202404,0.854727573483077
ABRAND00114,601,55.12,-119.37,1,4,2,120,5,30,120,4341.2815542240005,2,10,False,truck,2015-01-15 17:08:00,10,1,69,21,False,2,0,522,False,7,0,0,0.5170340681362725,0.855617772192332
ABRAND00477,311,53.33,-115.79,1,4,2,120,5,30,120,2813.802704784,2,10,False,truck,2015-07-15 17:59:00,13,8,69,21,False,2,0,341,False,6,2,2,0.5190380761523046,0.8565069340657918
ABRAND00076,362,55.15,-119.57,1,4,2,120,5,30,120,10670.330934172798,1,21,False,truck,2016-04-15 17:08:00,10,1,69,21,False,2,0,66,False,9,0,0,0.5210420841683366,0.8573951438474559
ABRAND00426,311,53.07,-115.91,1,4,2,120,5,30,120,2701.3299584832002,0,10,False,truck,2015-01-16 18:37:00,14,8,69,21,False,2,0,521,False,7,0,0,0.5230460921843687,0.8582827327725866
ABRAND00379,361,54.04,-116.04,1,4,2,120,5,30,120,2374.8373989216007,0,13,False,truck,2015-10-13 23:05:00,12,8,69,21,False,2,0,251,False,5,0,0,0.5250501002004008,0.859169738543183
ABRAND00946,351,52.76,-114.16,1,4,2,120,5,30,120,4145.9475930336,0,14,False,truck,2015-10-13 23:05:00,14,12,69,21,False,2,0,251,False,8,0,0,0.5270541082164328,0.8600504801480848
ABRAND00415,311,53.4,-115.94,1,4,2,120,5,30,120,2507.434307424,1,15,False,truck,2016-01-15 17:22:00,13,8,69,21,False,2,0,157,False,7,0,0,0.5290581162324649,0.8609310607966285
ABRAND00077,601,57.41,-119.56,1,4,2,120,5,30,120,6611.140224979201,0,12,False,truck,2016-04-15 17:08:00,5,1,69,21,False,2,0,66,False,6,0,0,0.531062124248497,0.8618036484291806
ABRAND00629,621,52.99,-115.22,1,4,2,120,5,30,120,4326.291975196801,0,16,False,truck,2016-04-15 17:08:00,14,10,69,21,False,2,0,66,False,9,1,2,0.533066132264529,0.8626738653746431
ABRAND00978,361,52.74,-114.05,1,4,2,120,5,30,120,2507.8982635872,2,9,False,truck,2015-04-16 18:32:00,15,12,69,21,False,2,0,431,False,5,0,0,0.5350701402805611,0.8635413562891547
ABRAND01009,351,52.73,-113.86,1,4,2,120,5,30,120,2751.1893137376,0,12,False,truck,2016-01-16 17:29:00,15,12,68,21,False,2,0,156,False,5,0,0,0.5370741482965932,0.8644043196457561
ABRAND00669,361,53.17,-115.1,1,4,2,120,5,30,120,7024.33461672,0,13,False,truck,2015-10-14 23:41:00,14,10,68,21,False,2,0,250,False,8,0,0,0.5390781563126252,0.8652651537291538
ABRAND00637,361,53.03,-115.19,1,4,2,120,5,30,120,2193.9826929120004,1,10,False,truck,2016-01-16 17:29:00,14,10,68,21,False,2,0,156,False,5,1,0,0.5410821643286573,0.8661252301045058
ABRAND01000,322,52.84,-113.93,1,4,2,120,5,30,120,87732.16794097921,0,10,False,truck,2015-07-16 17:25:00,14,12,68,21,False,2,0,340,False,7,0,0,0.5430861723446894,0.8669824350653236
ABRAND00742,311,52.23,-114.74,1,4,2,120,5,30,120,5378.8154311584,0,11,False,truck,2016-04-16 17:55:00,16,11,68,21,False,2,0,65,False,8,0,1,0.5450901803607214,0.8678356178535772
ABRAND00294,361,54.04,-117.24,1,4,2,120,5,30,120,2575.5224729184,1,8,False,truck,2015-10-14 23:41:00,12,6,68,21,False,2,0,250,False,4,0,0,0.5470941883767535,0.8686860442973429
ABRAND00673,361,53.01,-115.08,1,4,2,120,5,30,120,3419.1280115999994,4,17,False,truck,2015-01-16 17:41:00,14,10,68,21,False,2,0,521,False,5,0,2,0.5490981963927856,0.869533722555679
ABRAND00514,601,54.13,-115.65,1,4,2,120,5,30,120,4618.7584710336005,1,14,False,truck,2016-01-16 17:40:00,12,9,68,21,False,2,0,156,False,7,0,0,0.5511022044088176,0.87037782455895
ABRAND01031,601,50.43,-113.26,1,4,2,120,5,30,120,1029.7340370144,0,8,False,truck,2016-04-16 17:10:00,19,13,68,21,False,2,0,65,False,5,0,0,0.5531062124248497,0.8712193008438808
ABRAND00263,601,53.63,-117.63,1,4,2,120,5,30,120,1409.9884457760002,2,9,False,truck,2015-07-16 17:25:00,13,5,68,21,False,2,0,340,False,5,0,0,0.5551102204408818,0.8720593075933243
ABRAND00130,601,54.61,-119.26,1,4,2,120,5,30,120,9884.8038801024,1,19,False,truck,2016-01-16 17:40:00,11,1,68,21,False,2,0,156,False,11,0,0,0.5571142284569138,0.8728923900402097
ABRAND00161,351,54.57,-119.03,1,4,2,120,5,30,120,3194.7908675328003,1,8,False,truck,2015-10-14 17:38:00,11,2,68,21,False,2,0,250,False,6,0,0,0.5591182364729459,0.8737237102077055
ABRAND00378,621,53.08,-116.04,1,4,2,120,5,30,120,2590.7234298912003,1,15,False,truck,2014-10-15 17:28:00,14,8,68,21,False,2,6,614,False,8,3,2,0.561122244488978,0.8745543756987942
ABRAND01060,601,56.07,-112.78,1,4,2,120,5,30,120,10724.988055593598,1,17,False,truck,2016-04-16 17:10:00,8,14,68,21,False,2,0,65,False,10,2,0,0.56312625250501,0.8753823081732139
ABRAND00857,311,52.55,-114.34,1,4,2,120,5,30,120,2822.0612875776,0,17,False,truck,2016-04-16 17:10:00,15,11,68,21,False,2,0,65,False,8,1,1,0.5651302605210421,0.8762041867889392
ABRAND00142,601,55.08,-119.17,1,4,2,120,5,30,120,2833.7670915264,0,10,False,truck,2015-07-16 17:28:00,10,2,68,21,False,2,0,340,False,6,3,0,0.5671342685370742,0.8770211331379035
ABRAND01136,331,54.9,-110.68,1,4,2,120,5,30,120,5345.968169894401,1,12,False,truck,2015-04-17 17:49:00,10,19,67,21,False,2,0,430,False,8,0,2,0.5691382765531062,0.8778361823094601
ABRAND01013,601,52.96,-113.85,1,4,2,120,5,30,120,5702.268098390401,0,7,False,truck,2016-01-17 17:55:00,14,12,67,21,False,2,0,155,False,4,0,1,0.5711422845691383,0.8786467634018214
ABRAND00772,601,52.24,-114.6,1,4,2,120,5,30,120,6939.182740752,2,15,False,truck,2015-07-17 17:43:00,16,11,67,21,False,2,0,339,False,6,0,1,0.5731462925851704,0.8794572418544782
ABRAND01108,601,55.65,-111.05,1,4,2,120,5,30,120,13715.7154785792,1,15,False,truck,2016-04-17 17:58:00,9,18,67,21,False,2,0,64,False,8,0,0,0.5751503006012024,0.8802637486846281
ABRAND00125,601,54.95,-119.29,1,4,2,120,5,30,120,3541.4694805536,3,10,False,truck,2014-04-16 17:29:00,10,1,67,21,False,2,0,796,False,5,1,1,0.5771543086172345,0.8810696801402295
ABRAND00109,321,54.68,-119.38,1,4,2,120,5,30,120,2816.1483084864003,0,6,False,truck,2015-07-17 17:43:00,11,1,67,21,False,2,0,339,False,3,0,0,0.5791583166332666,0.8818749479756958
ABRAND00129,601,54.66,-119.26,1,4,2,120,5,30,120,18380.788296796796,0,15,False,truck,2016-04-17 17:58:00,11,1,67,21,False,2,0,64,False,6,0,0,0.5811623246492986,0.8826787326654058
ABRAND00940,601,52.43,-114.17,1,4,2,120,5,30,120,3386.8650288671997,1,10,False,truck,2015-07-17 17:21:00,15,12,67,21,False,2,0,339,False,5,0,0,0.5831663326653307,0.883482481203633
ABRAND00813,351,52.56,-114.46,1,4,2,120,5,30,120,3958.8258752928004,0,16,False,truck,2016-01-17 17:46:00,15,11,67,21,False,2,0,155,False,7,0,2,0.5851703406813628,0.8842861364396751
ABRAND00825,361,52.32,-114.44,1,4,2,120,5,30,120,3524.103316339201,1,12,False,truck,2016-01-17 17:46:00,15,11,67,21,False,2,0,155,False,6,0,0,0.5871743486973948,0.8850885573394237
ABRAND00551,601,52.78,-115.54,1,4,2,120,5,30,120,13106.8142087328,0,11,False,truck,2015-10-15 17:15:00,14,9,67,21,False,2,0,249,False,6,0,0,0.5891783567134269,0.8858897684075947
ABRAND01071,601,56.15,-112.46,1,4,2,120,5,30,120,10439.2387499616,0,10,False,truck,2016-04-17 17:55:00,8,15,67,21,False,2,0,64,False,6,0,0,0.591182364729459,0.8866870506086509
ABRAND01081,601,51.11,-111.93,1,4,2,120,5,30,120,4933.693094457601,1,13,False,truck,2015-10-15 17:15:00,18,16,67,21,False,2,0,249,False,7,0,0,0.593186372745491,0.887481117716218
ABRAND00194,601,54.55,-118.8,1,4,2,120,5,30,120,2947.0061767104003,0,13,False,truck,2015-10-15 17:15:00,11,2,67,21,False,2,0,249,False,6,0,0,0.5951903807615231,0.8882720117212097
ABRAND00496,601,52.78,-115.73,1,4,2,120,5,30,120,4515.3159772896,2,14,False,truck,2016-01-17 17:46:00,14,9,67,21,False,2,0,155,False,10,0,0,0.5971943887775552,0.8890628225380349
ABRAND01147,503,54.93,-110.57,1,4,2,120,5,30,120,7623.8946840384015,1,11,False,truck,2016-04-17 17:55:00,10,19,67,21,False,2,0,64,False,5,0,0,0.5991983967935872,0.8898461476711607
ABRAND00548,601,52.68,-115.55,1,4,2,120,5,30,120,6766.9131275424015,1,15,False,truck,2016-04-17 17:55:00,15,9,67,21,False,2,0,64,False,10,0,0,0.6012024048096193,0.8906286979969731
ABRAND00137,311,55.32,-119.23,1,4,2,120,5,30,120,2608.780376448,0,12,False,truck,2015-10-13 18:50:00,9,2,67,21,False,2,0,251,False,8,0,0,0.6032064128256514,0.8914106822752399
ABRAND00838,361,52.57,-114.39,1,4,2,120,5,30,120,8795.1457965888,0,10,False,truck,2016-04-17 17:55:00,15,11,67,21,False,2,0,64,False,7,0,1,0.6052104208416834,0.892192011095186
ABRAND00397,601,52.95,-115.99,1,4,2,120,5,30,120,9856.8712886112,0,10,False,truck,2016-01-18 17:37:00,14,8,66,21,False,2,0,154,False,6,0,1,0.6072144288577155,0.8929732015190067
ABRAND00176,361,54.42,-118.93,1,4,2,120,5,30,120,4294.6338863808005,0,14,False,truck,2016-04-18 17:27:00,11,2,66,21,False,2,0,63,False,6,0,0,0.6092184368737475,0.8937541785053572
ABRAND00057,601,56.03,-119.68,1,4,2,120,5,30,120,1963.1534557824002,1,12,False,truck,2015-10-16 17:35:00,8,1,66,21,False,2,0,248,False,6,0,0,0.6112224448897795,0.894534669924208
ABRAND01072,601,54.17,-112.4,1,4,2,120,5,30,120,7404.1645853952,0,16,False,truck,2015-10-16 17:35:00,12,15,66,21,False,2,0,248,False,8,0,0,0.6132264529058116,0.8953144926640576
ABRAND00289,621,54.67,-117.3,1,4,2,120,5,30,120,1537.746316128,0,7,False,truck,2015-07-18 18:05:00,11,5,66,21,False,2,0,338,False,5,0,0,0.6152304609218436,0.8960920574572486
ABRAND00080,601,54.85,-119.56,1,4,2,120,5,30,120,5484.636195753601,1,11,False,truck,2016-04-18 17:27:00,10,1,66,21,False,2,0,63,False,9,0,0,0.6172344689378757,0.896867858810924
ABRAND00031,601,55.29,-119.83,1,4,2,120,5,30,120,2185.4164334112,1,9,False,truck,2015-10-16 17:04:00,9,0,66,21,False,2,0,248,False,6,0,0,0.6192384769539078,0.897641391724713
ABRAND00630,601,52.83,-115.21,1,4,2,120,5,30,120,3495.4988565887998,0,20,False,truck,2016-04-18 17:27:00,14,10,66,21,False,2,0,63,False,9,1,0,0.6212424849699398,0.8984146925467912
ABRAND00754,361,52.46,-114.66,1,4,2,120,5,30,120,8087.938325856,0,10,False,truck,2016-04-18 17:36:00,15,11,66,21,False,2,0,63,False,8,0,0,0.6232464929859719,0.8991814185567456
ABRAND00508,601,52.83,-115.7,1,4,2,120,5,30,120,4686.683384419201,1,15,False,truck,2015-10-16 17:04:00,14,9,66,21,False,2,0,248,False,8,0,1,0.625250501002004,0.8999476523934142
ABRAND00449,361,53.17,-115.87,1,4,2,120,5,30,120,9046.2590331552,1,18,False,truck,2016-04-18 17:36:00,14,8,66,21,False,2,0,63,False,10,0,0,0.627254509018036,0.9007079330596901
ABRAND00743,311,52.69,-114.74,1,4,2,120,5,30,120,4405.7163943008,5,9,False,truck,2016-01-17 17:55:00,15,11,66,21,False,2,0,155,False,5,3,0,0.6292585170340681,0.9014533570612105
ABRAND00028,601,57.69,-119.86,1,4,2,120,5,30,120,8989.1188134912,1,10,False,truck,2015-10-14 17:38:00,5,0,66,21,False,2,3,250,False,6,3,0,0.6312625250501002,0.9021983907333186
ABRAND00400,362,52.77,-115.98,1,4,2,120,5,30,120,6516.440871494401,0,9,False,truck,2016-01-17 17:55:00,14,8,66,21,False,2,0,155,False,7,0,0,0.6332665330661322,0.9029428533150239
ABRAND01129,331,55.52,-110.76,1,4,2,120,5,30,120,4507.148409984,0,16,False,truck,2016-04-19 17:00:00,9,18,65,21,False,2,0,62,False,8,0,0,0.6352705410821643,0.9036848526783046
ABRAND00747,311,52.21,-114.69,1,4,2,120,5,30,120,1004.9443728768,1,7,False,truck,2015-10-17 23:02:00,16,11,65,21,False,2,0,247,False,3,0,0,0.6372745490981964,0.9044267027549615
ABRAND01122,503,55.22,-110.85,1,4,2,120,5,30,120,3552.8452621632005,2,10,False,truck,2016-01-19 17:05:00,10,18,65,21,False,2,0,153,False,7,0,0,0.6392785571142284,0.9051658030913527
ABRAND00645,361,53.02,-115.17,1,4,2,120,5,30,120,2364.2675203968,1,12,False,truck,2015-04-20 17:58:00,14,10,65,21,False,2,0,427,False,8,0,0,0.6412825651302605,0.9059028184769655
ABRAND01056,601,54.6,-112.86,1,4,2,120,5,30,120,5704.213334428802,1,11,False,truck,2016-04-19 17:00:00,11,14,65,21,False,2,0,62,False,6,0,0,0.6432865731462926,0.9066390862679062
ABRAND00188,351,54.37,-118.85,1,4,2,120,5,30,120,4868.7324120576,0,6,False,truck,2016-01-19 17:05:00,11,2,65,21,False,2,0,153,False,4,0,0,0.6452905811623246,0.9073726501905847
ABRAND00237,621,54.5,-118.48,1,4,2,120,5,30,120,5705.881875417602,2,13,False,truck,2015-07-19 18:05:00,11,3,65,21,False,2,0,337,False,6,0,0,0.6472945891783567,0.9081020784294563
ABRAND00702,361,52.92,-114.95,1,4,2,120,5,30,120,3682.345611081601,0,9,False,truck,2016-01-19 17:05:00,14,10,65,21,False,2,0,153,False,6,0,0,0.6492985971943888,0.9088310459832484
ABRAND00081,401,55.09,-119.56,1,4,2,120,5,30,120,11690.641223395198,0,20,False,truck,2016-04-19 17:00:00,10,1,65,21,False,2,0,62,False,6,0,8,0.6513026052104208,0.9095569469585038
ABRAND00171,351,54.42,-118.95,1,4,2,120,5,30,120,4996.608848784,0,16,False,truck,2015-07-19 18:05:00,11,2,65,21,False,2,0,337,False,8,1,2,0.6533066132264529,0.910281561115083
ABRAND00829,601,52.47,-114.42,1,4,2,120,5,30,120,6532.698657542401,0,17,False,truck,2016-04-19 17:23:00,15,11,65,21,False,2,0,62,False,12,0,0,0.655310621242485,0.9110043406893852
ABRAND00169,601,54.69,-118.97,1,4,2,120,5,30,120,6415.165280419202,2,25,False,truck,2016-04-19 17:23:00,11,2,65,21,False,2,0,62,False,11,0,4,0.657314629258517,0.9117270681674141
ABRAND00994,601,52.92,-113.99,1,4,2,120,5,30,120,1930.0037786208002,1,9,False,truck,2015-07-17 17:21:00,14,12,65,21,False,2,0,339,False,6,0,0,0.6593186372745491,0.9124451390098488
ABRAND00003,601,55.25,-119.96,1,4,2,120,5,30,120,7344.5000254848,0,10,False,truck,2016-01-18 17:37:00,9,0,65,21,False,2,0,154,False,5,0,1,0.6613226452905812,0.9131606533357592
ABRAND00585,311,53.13,-115.4,1,4,2,120,5,30,120,87048.04025306879,1,9,False,truck,2014-04-17 17:19:00,14,9,65,21,False,2,0,795,False,7,0,0,0.6633266533066132,0.9138748602441912
ABRAND00666,361,52.88,-115.11,1,4,2,120,5,30,120,2833.4182117824002,3,12,False,truck,2015-07-18 17:03:00,14,10,65,21,False,2,3,338,False,7,2,0,0.6653306613226453,0.9145890624839124
ABRAND00203,621,54.37,-118.75,1,4,2,120,5,30,120,5711.229578448,1,18,False,truck,2015-04-18 17:06:00,11,2,65,21,False,2,0,429,False,8,0,0,0.6673346693386774,0.9153024133299519
ABRAND00696,351,52.58,-115,1,4,2,120,5,30,120,96303.33233426881,0,18,False,truck,2015-04-18 17:06:00,15,10,65,21,False,2,0,429,False,10,0,0,0.6693386773547094,0.9160156743649159
ABRAND00979,351,52.8,-114.04,1,4,2,120,5,30,120,1847.6649329471998,0,10,False,truck,2015-10-16 17:35:00,14,12,65,21,False,2,0,248,False,7,0,0,0.6713426853707415,0.9167288113840725
ABRAND00792,601,52.61,-114.53,1,4,2,120,5,30,120,84435.26802865918,0,14,False,truck,2016-04-19 17:23:00,15,11,65,21,False,2,0,62,False,8,0,0,0.6733466933867736,0.9174401814615792
ABRAND00961,351,52.71,-114.11,1,4,2,120,5,30,120,3194.5605944256,0,14,False,truck,2016-01-20 17:26:00,15,12,64,21,False,2,0,152,False,7,0,0,0.6753507014028056,0.9181511044664842
ABRAND00160,601,54.76,-119.04,1,4,2,120,5,30,120,2995.7829652800006,1,18,False,truck,2016-04-20 18:04:00,10,2,64,21,False,2,0,61,False,10,0,0,0.6773547094188377,0.9188605458866845
ABRAND00795,351,52.54,-114.52,1,4,2,120,5,30,120,1676.5449287616,1,9,False,truck,2015-07-20 17:37:00,15,11,64,21,False,2,0,336,False,7,0,0,0.6793587174348698,0.9195695728796052
ABRAND00133,601,54.99,-119.26,1,4,2,120,5,30,120,18278.686117353598,0,15,False,truck,2016-04-20 18:04:00,10,1,64,21,False,2,0,61,False,7,0,0,0.6813627254509018,0.9202768414863445
ABRAND00168,351,54.5,-118.98,1,4,2,120,5,30,120,3959.1712449503993,3,9,False,truck,2015-10-18 17:49:00,11,2,64,21,False,2,0,246,False,4,1,0,0.6833667334669339,0.9209827750697983
ABRAND00620,351,52.82,-115.27,1,4,2,120,5,30,120,3089.2243724352006,2,13,False,truck,2014-07-21 17:09:00,14,9,64,21,False,2,0,700,False,5,0,0,0.685370741482966,0.9216821132514154
ABRAND00502,311,53.1,-115.71,1,4,2,120,5,30,120,4209.645233577599,2,12,False,truck,2016-04-20 18:04:00,14,9,64,21,False,2,0,61,False,6,0,0,0.687374749498998,0.922381009789378
ABRAND00685,351,53.14,-115.05,1,4,2,120,5,30,120,4133.5682372352,1,16,False,truck,2016-01-20 17:26:00,14,10,64,21,False,2,0,152,False,7,0,0,0.6893787575150301,0.9230745903569689
ABRAND00962,361,52.21,-114.11,1,4,2,120,5,30,120,2031.772545216,0,8,False,truck,2014-07-19 17:51:00,16,12,64,21,False,2,0,702,False,3,1,0,0.6913827655310621,0.9237651058956989
ABRAND01141,601,55.11,-110.65,1,4,2,120,5,30,120,2043.0831188448,0,8,False,truck,2014-07-19 17:51:00,10,19,64,21,False,2,0,702,False,4,0,0,0.6933867735470942,0.9244536301747598
ABRAND00802,361,52.5,-114.5,1,4,2,120,5,30,120,4324.6388506464,3,14,False,truck,2016-04-20 17:16:00,15,11,64,21,False,2,4,61,False,5,4,1,0.6953907815631263,0.9251389871821152
ABRAND00755,621,52,-114.66,1,4,2,120,5,30,120,3429.1548459072005,1,10,False,truck,2016-01-19 18:12:00,16,11,64,21,False,2,0,153,False,7,0,0,0.6973947895791583,0.9258235149530823
ABRAND00364,351,53.14,-116.09,1,4,2,120,5,30,120,6314.745374726401,2,11,False,truck,2015-10-16 17:04:00,14,8,64,21,False,2,0,248,False,9,0,0,0.6993987975951904,0.9265078483389311
ABRAND00144,601,54.7,-119.15,1,4,2,120,5,30,120,3834.4360436928005,4,8,False,truck,2015-01-18 17:52:00,11,2,64,21,False,2,2,519,False,5,1,0,0.7014028056112225,0.92719016286636
ABRAND00665,322,52.99,-115.11,1,4,2,120,5,30,120,61002.1311411456,1,13,False,truck,2016-01-19 18:12:00,14,10,64,21,False,2,0,153,False,11,1,0,0.7034068136272545,0.9278697949127126
ABRAND00577,601,53.02,-115.43,1,4,2,120,5,30,120,7854.8527912608,0,16,False,truck,2016-04-20 17:16:00,14,9,64,21,False,2,0,61,False,8,0,0,0.7054108216432866,0.9285491575498814
ABRAND00073,601,54.72,-119.58,1,4,2,120,5,30,120,1891.7556592319997,0,13,False,truck,2016-01-19 18:12:00,11,1,64,21,False,2,0,153,False,5,1,0,0.7074148296593187,0.9292269141937832
ABRAND01062,601,50.46,-112.78,1,4,2,120,5,30,120,7232.242127558401,1,18,False,truck,2015-07-21 17:24:00,19,14,63,21,False,2,0,335,False,8,0,1,0.7094188376753507,0.9298992129575798
ABRAND00972,351,53.04,-114.08,1,4,2,120,5,30,120,4339.4445906048,0,20,False,truck,2016-04-21 17:18:00,14,12,63,21,False,2,0,60,False,8,0,1,0.7114228456913828,0.9305679004818354
ABRAND00958,361,52.83,-114.12,1,4,2,120,5,30,120,4091.2492172544007,2,12,False,truck,2015-01-19 17:06:00,14,12,63,21,False,2,0,518,False,5,0,0,0.7134268537074149,0.931234622016417
ABRAND00587,621,52.83,-115.39,1,4,2,120,5,30,120,2406.2720728032004,0,13,False,truck,2016-01-21 17:30:00,14,9,63,21,False,2,0,151,False,7,0,0,0.7154308617234469,0.931901094738291
ABRAND00944,361,52.45,-114.16,1,4,2,120,5,30,120,3052.1791365696,0,9,False,truck,2016-04-21 17:18:00,15,12,63,21,False,2,0,60,False,6,0,0,0.717434869739479,0.9325670507928947
ABRAND00600,361,53.09,-115.33,1,4,2,120,5,30,120,3801.6627019488005,1,14,False,truck,2015-10-20 23:40:00,14,9,63,21,False,2,0,244,False,6,0,2,0.7194388777555111,0.9332259565807987
ABRAND01030,601,50.11,-113.36,1,4,2,120,5,30,120,12933.8486397216,0,14,False,truck,2016-04-21 17:18:00,20,13,63,21,False,2,0,60,False,8,0,0,0.7214428857715431,0.9338810334247076
ABRAND01156,601,55.05,-110.49,1,4,2,120,5,30,120,6360.9634844064,2,13,False,truck,2016-01-21 17:30:00,10,19,63,21,False,2,0,151,False,8,1,0,0.7234468937875751,0.9345360212374222
ABRAND00056,601,54.91,-119.68,1,4,2,120,5,30,120,10567.6427849184,0,21,False,truck,2016-04-21 17:18:00,10,1,63,21,False,2,0,60,False,8,0,4,0.7254509018036072,0.9351907159213759
ABRAND00875,322,52.46,-114.31,1,4,2,120,5,30,120,5282.3255410944,4,12,False,truck,2015-01-18 17:07:00,15,11,63,21,False,2,5,519,False,8,6,0,0.7274549098196392,0.9358403998102582
ABRAND00507,311,53.23,-115.7,1,4,2,120,5,30,120,1398.172731264,0,12,False,truck,2015-10-18 18:06:00,14,9,63,21,False,2,0,246,False,5,0,0,0.7294589178356713,0.9364872943045738
ABRAND00638,402,52.89,-115.19,1,4,2,120,5,30,120,2912.4594393696007,0,14,False,truck,2015-10-18 18:06:00,14,10,63,21,False,2,0,246,False,7,0,0,0.7314629258517034,0.9371335461665783
ABRAND00408,311,53.95,-115.97,1,4,2,120,5,30,120,2132.3075583456002,1,11,False,truck,2014-10-17 17:14:00,12,8,63,21,False,2,0,612,False,6,1,0,0.7334669338677354,0.9377773900155957
ABRAND00368,311,52.98,-116.08,1,4,2,120,5,30,120,30989.0447789184,1,14,False,truck,2016-01-20 17:47:00,14,8,63,21,False,2,0,152,False,9,0,0,0.7354709418837675,0.938418913717612
ABRAND00930,351,52.81,-114.19,1,4,2,120,5,30,120,88892.4659816736,1,10,False,truck,2016-04-21 17:12:00,14,12,63,21,False,2,0,60,False,7,1,0,0.7374749498997996,0.9390600163928763
ABRAND00526,361,52.9,-115.62,1,4,2,120,5,30,120,2216.9679923232,0,15,False,truck,2016-04-21 17:12:00,14,9,63,21,False,2,0,60,False,8,0,0,0.7394789579158316,0.9397010401386696
ABRAND00604,311,53.32,-115.31,1,4,2,120,5,30,120,6662.532365049603,0,17,False,truck,2015-07-20 18:27:00,13,9,63,21,False,2,0,336,False,7,1,0,0.7414829659318637,0.9403405869652246
ABRAND00459,361,53.03,-115.84,1,4,2,120,5,30,120,14524.679787955205,0,17,False,truck,2016-04-21 17:12:00,14,8,63,21,False,2,0,60,False,9,1,2,0.7434869739478958,0.9409790413557197
ABRAND00283,361,54.11,-117.41,1,4,2,120,5,30,120,2802.767083776,2,9,False,truck,2016-01-20 17:47:00,12,5,63,21,False,2,0,152,False,5,1,0,0.7454909819639278,0.9416161580121698
ABRAND00704,601,52.81,-114.95,1,4,2,120,5,30,120,7489.3938006816,2,16,False,truck,2015-04-21 17:15:00,14,10,62,21,False,2,0,426,False,9,0,0,0.7474949899799599,0.9422527440065154
ABRAND00985,361,52.95,-114.03,1,4,2,120,5,30,120,5213.967579244801,0,10,False,truck,2016-04-22 23:46:00,14,12,62,21,False,2,0,59,False,7,0,0,0.749498997995992,0.9428868333362012
ABRAND00264,621,53.99,-117.62,1,4,2,120,5,30,120,2706.751515024,0,10,False,truck,2016-01-22 23:00:00,12,5,62,21,False,2,0,150,False,6,0,0,0.751503006012024,0.943511888146992
ABRAND00849,361,52.37,-114.36,1,4,2,120,5,30,120,3024.8531214623995,1,10,False,truck,2016-04-22 23:46:00,15,11,62,21,False,2,0,59,False,5,0,1,0.7535070140280561,0.9441361063393051
ABRAND01106,601,55.03,-111.09,1,4,2,120,5,30,120,3091.1765016383993,0,14,False,truck,2015-07-21 17:49:00,10,18,62,21,False,2,0,335,False,6,0,0,0.7555110220440882,0.944758526874313
ABRAND00345,361,53.09,-116.19,1,4,2,120,5,30,120,12951.003416659198,1,19,False,truck,2016-01-21 17:21:00,14,8,62,21,False,2,1,151,False,9,0,1,0.7575150300601202,0.9453801442256435
ABRAND00901,331,55.52,-114.25,1,4,2,120,5,30,120,3771.1920441024,0,16,False,truck,2015-07-21 17:49:00,9,11,62,21,False,2,0,335,False,9,0,2,0.7595190380761523,0.9459990892040325
ABRAND01055,601,51.75,-112.86,1,4,2,120,5,30,120,5645.3409490752,0,11,False,truck,2016-04-22 17:38:00,16,14,62,21,False,2,0,59,False,7,0,0,0.7615230460921844,0.9466177826509987
ABRAND00195,351,54.52,-118.79,1,4,2,120,5,30,120,4091.8678345152,2,11,False,truck,2015-07-21 17:24:00,11,2,62,21,False,2,0,335,False,6,0,0,0.7635270541082164,0.9472352810307623
ABRAND00153,601,54.58,-119.12,1,4,2,120,5,30,120,3731.0536534176003,3,6,False,truck,2014-10-20 18:02:00,11,2,62,21,False,2,0,609,False,4,0,0,0.7655310621242485,0.9478476480960537
ABRAND01111,601,50.19,-110.98,1,4,2,120,5,30,120,7557.6142876032,0,19,False,truck,2016-04-22 17:38:00,20,18,62,21,False,2,0,59,False,11,0,0,0.7675350701402806,0.948459955291732
ABRAND00805,361,52.5,-114.49,1,4,2,120,5,30,120,3029.3776774368002,0,8,False,truck,2015-10-19 17:59:00,15,11,62,21,False,2,0,245,False,5,0,0,0.7695390781563126,0.9490719118245158
ABRAND00949,351,52.58,-114.15,1,4,2,120,5,30,120,3152.1693710015998,1,13,False,truck,2016-04-22 17:38:00,15,12,62,21,False,2,0,59,False,8,0,1,0.7715430861723447,0.9496830523336754
ABRAND00663,321,52.4,-115.13,1,4,2,120,5,30,120,3446.929957824,1,11,False,truck,2015-04-22 17:04:00,15,10,62,21,False,2,0,425,False,5,0,0,0.7735470941883767,0.9502930133282738
ABRAND00920,351,52.44,-114.22,1,4,2,120,5,30,120,3892.294572393601,0,13,False,truck,2016-04-22 17:38:00,15,12,62,21,False,2,0,59,False,7,0,0,0.7755511022044088,0.9509023157517714
ABRAND00687,361,52.91,-115.04,1,4,2,120,5,30,120,14530.2680048256,0,19,False,truck,2016-04-22 17:38:00,14,10,62,21,False,2,0,59,False,10,0,0,0.7775551102204409,0.9515021350241473
ABRAND00015,601,54.91,-119.91,1,4,2,120,5,30,120,14210.765886009602,2,28,False,truck,2015-01-21 18:02:00,10,0,62,21,False,2,0,516,False,7,0,14,0.779559118236473,0.9521002433396439
ABRAND00438,351,53.31,-115.89,1,4,2,120,5,30,120,3674.5560798048,1,13,False,truck,2016-06-03 23:14:00,13,8,20,22,False,2,0,17,False,9,1,0,0.781563126252505,0.9526943294915876
ABRAND00601,351,53.36,-115.32,1,4,2,120,5,30,120,10785.285007948802,0,11,False,truck,2015-12-06 23:44:00,13,9,20,22,False,2,0,197,False,5,0,3,0.7835671342685371,0.9532882846225368
ABRAND00741,351,52.13,-114.74,1,4,2,120,5,30,120,2651.2884448992,1,12,False,truck,2016-06-03 23:14:00,16,11,20,22,False,2,0,17,False,8,0,0,0.7855711422845691,0.9538814501685645
ABRAND00309,311,54.43,-116.41,1,4,2,120,5,30,120,10527.837767596802,1,11,False,truck,2016-03-05 17:56:00,11,7,20,22,False,2,0,107,False,5,1,0,0.7875751503006012,0.9544724619597378
ABRAND01052,601,56.17,-112.92,1,4,2,120,5,30,120,2704.9369016160003,1,14,False,truck,2015-12-06 23:44:00,8,14,20,22,False,2,0,197,False,8,0,0,0.7895791583166333,0.9550626643385851
ABRAND01070,601,54.43,-112.55,1,4,2,120,5,30,120,1652.5715643072,0,11,False,truck,2015-03-11 17:22:00,11,15,20,22,False,2,0,467,False,8,0,0,0.7915831663326653,0.9556508587408516
ABRAND00242,401,54.28,-118.32,1,4,2,120,5,30,120,1436.5686594528004,0,11,False,truck,2016-03-05 17:56:00,11,3,20,22,False,2,0,107,False,6,0,0,0.7935871743486974,0.95623697597213
ABRAND00141,351,54.52,-119.18,1,4,2,120,5,30,120,1396.7601980544002,2,10,False,truck,2015-09-07 17:37:00,11,2,20,22,False,2,0,287,False,7,0,0,0.7955911823647295,0.9568196541860624
ABRAND00173,351,54.43,-118.94,1,4,2,120,5,30,120,4878.3846608064005,3,5,False,truck,2016-06-03 17:16:00,11,2,20,22,False,2,9,17,False,5,5,0,0.7975951903807615,0.9574001988544909
ABRAND00691,601,53.03,-115.02,1,4,2,120,5,30,120,2280.3597706464006,1,14,False,truck,2015-12-06 17:05:00,14,10,20,22,False,2,0,197,False,9,1,1,0.7995991983967936,0.9579732181877533
ABRAND00163,351,54.45,-119.02,1,4,2,120,5,30,120,5404.914456192,0,15,False,truck,2016-03-05 23:29:00,11,2,20,22,False,2,0,107,False,8,0,0,0.8016032064128257,0.9585405973103652
ABRAND01084,601,51.02,-111.72,1,4,2,120,5,30,120,3930.2248349088,0,16,False,truck,2016-03-05 23:29:00,18,17,20,22,False,2,0,107,False,8,0,1,0.8036072144288577,0.9591078714689741
ABRAND01076,601,52.95,-112.2,1,4,2,120,5,30,120,1533.6702884736,0,7,False,truck,2015-09-07 23:51:00,14,16,20,22,False,2,0,287,False,5,0,0,0.8056112224448898,0.9596741484407328
ABRAND00830,601,52.55,-114.42,1,4,2,120,5,30,120,8376.669025056,3,14,False,truck,2016-06-03 17:16:00,15,11,20,22,False,2,0,17,False,8,3,0,0.8076152304609219,0.9602375777056693
ABRAND01093,601,55.92,-111.38,1,4,2,120,5,30,120,3173.9775876576,1,9,False,truck,2014-12-12 23:41:00,8,17,19,22,False,2,0,556,False,7,0,0,0.8096192384769539,0.9607989826732699
ABRAND00906,601,52.85,-114.24,1,4,2,120,5,30,120,5880.137978592001,0,21,False,truck,2016-03-06 18:30:00,14,12,19,22,False,2,0,106,False,11,0,0,0.811623246492986,0.9613552011205312
ABRAND00155,601,54.8,-119.1,1,4,2,120,5,30,120,90551.1309528096,1,10,False,truck,2015-09-08 17:35:00,10,2,19,22,False,2,0,286,False,5,0,0,0.8136272545090181,0.9619093381097658
ABRAND00503,311,53.97,-115.71,1,4,2,120,5,30,120,2599.9048278432006,2,15,False,truck,2016-06-04 17:17:00,12,9,19,22,False,2,0,16,False,9,0,0,0.8156312625250501,0.9624618387892252
ABRAND01167,506,55.26,-110.32,1,4,2,120,5,30,120,4296.0721924512,2,12,False,truck,2016-06-04 17:17:00,9,19,19,22,False,2,0,16,False,7,1,2,0.8176352705410822,0.963011494481633
ABRAND00788,601,52.56,-114.54,1,4,2,120,5,30,120,2312.0315885088,0,14,False,truck,2016-03-06 18:30:00,15,11,19,22,False,2,0,106,False,6,0,0,0.8196392785571143,0.963557404420656
ABRAND00096,601,55.35,-119.5,1,4,2,120,5,30,120,1471.9573812096,0,6,False,truck,2015-09-08 17:35:00,9,1,19,22,False,2,0,286,False,5,0,0,0.8216432865731463,0.9641017919491515
ABRAND00346,362,53.11,-116.19,1,4,2,120,5,30,120,2282.2809433344,0,9,False,truck,2015-09-08 17:35:00,14,8,19,22,False,2,0,286,False,6,0,0,0.8236472945891784,0.964641435379729
ABRAND00706,311,52.3,-114.95,1,4,2,120,5,30,120,21496.292150601606,0,15,False,truck,2015-06-10 17:39:00,15,10,19,22,False,2,0,376,False,10,0,1,0.8256513026052105,0.9651787112251289
ABRAND00564,311,53.03,-115.49,1,4,2,120,5,30,120,2955.6961370783997,4,13,False,truck,2016-06-04 17:58:00,14,9,19,22,False,2,0,16,False,7,2,0,0.8276553106212425,0.9657148339889233
ABRAND00493,601,52.48,-115.74,1,4,2,120,5,30,120,12311.0008014528,2,12,False,truck,2015-09-08 23:51:00,15,9,19,22,False,2,0,286,False,7,0,0,0.8296593186372746,0.9662497185377981
ABRAND00058,601,55.27,-119.67,1,4,2,120,5,30,120,4125.0759202368,0,17,False,truck,2016-03-06 17:03:00,9,1,19,22,False,2,0,106,False,9,0,0,0.8316633266533067,0.9667842430878616
ABRAND00933,361,52.96,-114.18,1,4,2,120,5,30,120,4149.683420256,1,16,False,truck,2016-03-06 17:03:00,14,12,19,22,False,2,0,106,False,9,1,0,0.8336673346693386,0.9673156143636734
ABRAND00119,601,55.6,-119.32,1,4,2,120,5,30,120,2147.2937280288,2,8,False,truck,2016-06-04 17:58:00,9,1,19,22,False,2,0,16,False,5,0,1,0.8356713426853707,0.9678469148870554
ABRAND01026,601,50.76,-113.43,1,4,2,120,5,30,120,2621.8780064640005,0,14,False,truck,2016-03-06 17:03:00,18,13,19,22,False,2,0,106,False,9,0,0,0.8376753507014028,0.9683699817407573
ABRAND00101,601,54.88,-119.44,1,4,2,120,5,30,120,5209.571892585601,0,14,False,truck,2016-03-06 17:03:00,10,1,19,22,False,2,0,106,False,7,0,0,0.8396793587174348,0.9688895796432352
ABRAND00357,351,53.23,-116.12,1,4,2,120,5,30,120,5445.071733312,1,15,False,truck,2015-12-07 17:05:00,14,8,18,22,False,2,0,196,False,8,0,1,0.8416833667334669,0.969407164515837
ABRAND01058,601,56.27,-112.85,1,4,2,120,5,30,120,6180.9834335040005,1,12,False,truck,2015-06-10 17:39:00,7,14,18,22,False,2,3,376,False,8,0,0,0.843687374749499,0.9699235006758733
ABRAND00111,601,55.55,-119.38,1,4,2,120,5,30,120,8122.2186848256015,1,11,False,truck,2015-12-08 23:32:00,9,1,18,22,False,2,0,195,False,6,0,0,0.845691382765531,0.9704394021957611
ABRAND00671,311,52.95,-115.09,1,4,2,120,5,30,120,8168.117138870401,0,18,False,truck,2016-03-07 17:29:00,14,10,18,22,False,2,0,105,False,7,0,1,0.8476953907815631,0.9709478098707215
ABRAND00736,351,53.13,-114.76,1,4,2,120,5,30,120,4264.1666352864,3,15,False,truck,2016-06-05 23:29:00,14,10,18,22,False,2,0,15,False,7,0,0,0.8496993987975952,0.9714540416286669
ABRAND01150,601,50.58,-110.53,1,4,2,120,5,30,120,6474.517093843201,5,16,False,truck,2016-06-05 23:29:00,19,19,18,22,False,2,0,15,False,9,0,0,0.8517034068136272,0.9719566298699533
ABRAND00297,601,53.99,-117.09,1,4,2,120,5,30,120,4843.2846246912,0,12,False,truck,2016-03-07 17:29:00,12,6,18,22,False,2,0,105,False,7,0,0,0.8537074148296593,0.972458189830581
ABRAND00303,601,54.11,-116.81,1,4,2,120,5,30,120,2237.6180161152006,0,12,False,truck,2015-12-08 23:32:00,12,6,18,22,False,2,0,195,False,8,1,0,0.8557114228456913,0.9729545496683798
ABRAND00910,601,52.85,-114.24,1,4,2,120,5,30,120,7282.647945532801,0,17,False,truck,2016-03-07 17:29:00,14,12,18,22,False,2,0,105,False,8,0,0,0.8577154308617234,0.9734489715022052
ABRAND00296,322,53.99,-117.1,1,4,2,120,5,30,120,3126.2301343872,0,11,False,truck,2015-09-09 17:23:00,12,6,18,22,False,2,0,285,False,7,0,0,0.8597194388777555,0.9739433105320773
ABRAND00806,311,52.36,-114.49,1,4,2,120,5,30,120,1568.9198323584,2,5,False,truck,2016-03-07 17:29:00,15,11,18,22,False,2,0,105,False,3,0,0,0.8617234468937875,0.9744297727814861
ABRAND00798,311,52.61,-114.51,1,4,2,120,5,30,120,1717.3260194112006,1,7,False,truck,2016-03-07 17:30:00,15,11,18,22,False,2,1,105,False,5,0,0,0.8637274549098196,0.9749155698527182
ABRAND00636,351,52.53,-115.2,1,4,2,120,5,30,120,4610.898523152001,1,11,False,truck,2015-09-09 23:00:00,15,10,18,22,False,2,0,285,False,7,0,0,0.8657314629258517,0.9753979764994145
ABRAND00112,601,55.11,-119.38,1,4,2,120,5,30,120,20460.999092659204,0,12,False,truck,2015-12-08 17:20:00,10,1,18,22,False,2,0,195,False,6,0,0,0.8677354709418837,0.9758782188891544
ABRAND00463,601,53.61,-115.83,1,4,2,120,5,30,120,3552.6854673504004,1,9,False,truck,2016-06-05 17:07:00,13,8,18,22,False,2,0,15,False,7,0,0,0.8697394789579158,0.9763501864116682
ABRAND00010,601,55.12,-119.92,1,4,2,120,5,30,120,6037.426584432,0,16,False,truck,2015-09-09 23:00:00,10,0,18,22,False,2,0,285,False,7,0,0,0.8717434869739479,0.97682203459422
ABRAND00746,621,52.76,-114.7,1,4,2,120,5,30,120,5045.933843625599,0,17,False,truck,2016-03-07 17:30:00,14,11,18,22,False,2,0,105,False,9,0,0,0.87374749498998,0.9772915684418755
ABRAND00062,601,55.13,-119.64,1,4,2,120,5,30,120,8452.630894780801,3,16,False,truck,2016-06-05 17:07:00,10,1,18,22,False,2,0,15,False,7,1,0,0.875751503006012,0.9777592404943585
ABRAND00993,621,52.59,-113.99,1,4,2,120,5,30,120,1968.4770316128004,2,9,False,truck,2016-06-05 17:07:00,15,12,18,22,False,2,0,15,False,5,0,0,0.8777555110220441,0.9782251269486248
ABRAND00729,351,52.94,-114.81,1,4,2,120,5,30,120,2247.235885872001,1,9,False,truck,2015-09-10 17:15:00,14,10,17,22,False,2,0,284,False,5,0,1,0.8797595190380761,0.9786886913028258
ABRAND00150,351,54.71,-119.13,1,4,2,120,5,30,120,12001.718032128001,3,11,False,truck,2016-06-06 23:44:00,11,2,17,22,False,2,11,14,False,8,8,3,0.8817635270541082,0.9791509120891406
ABRAND00925,351,52.7,-114.21,1,4,2,120,5,30,120,46467.5104415232,1,5,False,truck,2015-03-14 17:16:00,15,12,17,22,False,2,0,464,False,4,0,0,0.8837675350701403,0.9796105740063679
ABRAND01162,601,50.7,-110.44,1,4,2,120,5,30,120,2859.36777432,2,11,False,truck,2015-09-10 17:15:00,19,19,17,22,False,2,0,284,False,8,0,0,0.8857715430861723,0.9800677971993117
ABRAND00751,621,52.28,-114.68,1,4,2,120,5,30,120,2075.4079138656,3,10,False,truck,2016-06-06 23:44:00,15,11,17,22,False,2,0,14,False,8,0,0,0.8877755511022044,0.9805223064267264
ABRAND00035,601,55.35,-119.82,1,4,2,120,5,30,120,17664.837525619198,0,11,False,truck,2015-12-09 23:39:00,9,0,17,22,False,2,0,194,False,5,0,0,0.8897795591182365,0.9809676485633251
ABRAND00955,503,52.89,-114.13,1,4,2,120,5,30,120,8068.314140755202,1,13,False,truck,2016-06-06 17:20:00,14,12,17,22,False,2,0,14,False,6,0,1,0.8917835671342685,0.9814117863106439
ABRAND00957,621,52.9,-114.12,1,4,2,120,5,30,120,23862.6544248288,2,13,False,truck,2016-06-06 17:20:00,14,12,17,22,False,2,0,14,False,9,0,0,0.8937875751503006,0.9818542488621956
ABRAND00871,351,52.32,-114.32,1,4,2,120,5,30,120,8195.9191051392,2,17,False,truck,2016-06-06 17:20:00,15,11,17,22,False,2,0,14,False,9,0,0,0.8957915831663327,0.9822964937072999
ABRAND00516,401,53.65,-115.64,1,4,2,120,5,30,120,2762.8331959296006,0,8,False,truck,2016-03-08 17:03:00,13,9,17,22,False,2,0,104,False,4,0,1,0.8977955911823647,0.9827366528265924
ABRAND00848,311,52.18,-114.36,1,4,2,120,5,30,120,2490.4393180416,2,10,False,truck,2016-03-08 17:03:00,16,11,17,22,False,2,0,104,False,5,0,0,0.8997995991983968,0.9831732908937941
ABRAND00265,361,54.2,-117.62,1,4,2,120,5,30,120,6372.2946095711995,1,15,False,truck,2014-12-14 17:57:00,12,5,17,22,False,2,0,554,False,8,0,1,0.9018036072144289,0.9836062516295846
ABRAND00951,362,52.7,-114.14,1,4,2,120,5,30,120,28522.7781990336,0,13,False,truck,2015-12-09 17:53:00,15,12,17,22,False,2,0,194,False,5,0,0,0.9038076152304609,0.9840344076129396
ABRAND00668,361,52.95,-115.1,1,4,2,120,5,30,120,14368.891341168004,2,27,False,truck,2016-06-06 17:20:00,14,10,17,22,False,2,0,14,False,14,1,0,0.905811623246493,0.9844623925442723
ABRAND00478,601,53,-115.79,1,4,2,120,5,30,120,7916.665341484799,3,13,False,truck,2015-06-12 18:52:00,14,8,17,22,False,2,3,374,False,6,2,0,0.9078156312625251,0.9848901173863093
ABRAND00074,601,55.13,-119.57,1,4,2,120,5,30,120,3436.9495051104,0,14,False,truck,2016-03-08 23:16:00,10,1,17,22,False,2,0,104,False,7,0,0,0.9098196392785571,0.9853174880623794
ABRAND00675,351,52.96,-115.08,1,4,2,120,5,30,120,4427.7170781024,2,13,False,truck,2016-06-07 23:19:00,14,10,16,22,False,2,0,13,False,9,1,0,0.9118236472945892,0.9857438705006442
ABRAND00676,361,52.93,-115.07,1,4,2,120,5,30,120,6150.225774815999,2,17,False,truck,2016-06-07 23:19:00,14,10,16,22,False,2,0,13,False,9,0,0,0.9138276553106213,0.986169074591061
ABRAND00189,351,54.46,-118.82,1,4,2,120,5,30,120,27950.2794916992,1,19,False,truck,2016-03-09 17:05:00,11,2,16,22,False,2,0,103,False,11,0,0,0.9158316633266533,0.9865903645869867
ABRAND00896,311,51.99,-114.27,1,4,2,120,5,30,120,2856.5272460160004,0,16,False,truck,2016-03-09 17:05:00,16,11,16,22,False,2,0,103,False,7,0,0,0.9178356713426854,0.9870083745691927
ABRAND00841,361,52.35,-114.38,1,4,2,120,5,30,120,3294.8825301216007,1,11,False,truck,2016-03-09 17:05:00,15,11,16,22,False,2,0,103,False,6,0,0,0.9198396793587175,0.9874197067255018
ABRAND00700,361,52.87,-114.98,1,4,2,120,5,30,120,5275.9055764800005,0,13,False,truck,2015-06-13 17:14:00,14,10,16,22,False,2,0,373,False,8,1,0,0.9218436873747495,0.9878239194129244
ABRAND01011,601,55.66,-113.86,1,4,2,120,5,30,120,1046.4076664352,3,7,False,truck,2016-06-07 17:14:00,9,12,16,22,False,2,0,13,False,5,0,0,0.9238476953907816,0.9882206646973082
ABRAND00431,311,52.99,-115.9,1,4,2,120,5,30,120,3805.0118817408,4,14,False,truck,2016-06-07 17:14:00,14,8,16,22,False,2,0,13,False,7,0,0,0.9258517034068137,0.9886145494452441
ABRAND00550,322,54.11,-115.54,1,4,2,120,5,30,120,5908.3369202016,0,15,False,truck,2016-03-09 17:05:00,12,9,16,22,False,2,0,103,False,9,1,0,0.9278557114228457,0.989007389974083
ABRAND00375,401,53.31,-116.05,1,4,2,120,5,30,120,3202.8999880895994,1,15,False,truck,2015-12-10 17:52:00,13,8,16,22,False,2,0,193,False,7,0,0,0.9298597194388778,0.9893961329096864
ABRAND00157,351,54.56,-119.09,1,4,2,120,5,30,120,3759.0086004768,2,13,False,truck,2016-06-07 17:14:00,11,2,16,22,False,2,0,13,False,9,0,0,0.9318637274549099,0.9897846554204592
ABRAND00519,361,52.59,-115.64,1,4,2,120,5,30,120,5341.787315107202,0,17,False,truck,2015-12-10 17:52:00,15,9,16,22,False,2,0,193,False,7,0,0,0.9338677354709419,0.990172740172713
ABRAND00269,601,54.25,-117.58,1,4,2,120,5,30,120,3257.7152245344005,0,8,False,truck,2015-12-10 17:52:00,11,5,16,22,False,2,0,193,False,5,0,0,0.935871743486974,0.9905605100294395
ABRAND01054,601,51.68,-112.88,1,4,2,120,5,30,120,2020.9930291008,0,8,False,truck,2015-12-10 17:52:00,17,14,16,22,False,2,0,193,False,3,0,0,0.9378757515030061,0.9909398063527836
ABRAND00988,621,52.69,-114.02,1,4,2,120,5,30,120,7753.6081181664,1,15,False,truck,2015-12-10 17:52:00,15,12,16,22,False,2,0,193,False,9,1,1,0.9398797595190381,0.9913136790165291
ABRAND00797,351,52.21,-114.51,1,4,2,120,5,30,120,3134.0024571168005,2,15,False,truck,2016-06-08 23:13:00,16,11,15,22,False,2,0,12,False,9,1,0,0.9418837675350702,0.9916790303207105
ABRAND00140,601,55.3,-119.19,1,4,2,120,5,30,120,3279.0852622944,0,14,False,truck,2015-12-11 23:26:00,9,2,15,22,False,2,0,192,False,8,2,0,0.9438877755511023,0.9920434171031256
ABRAND00976,311,56.07,-114.05,1,4,2,120,5,30,120,14649.1108371072,1,16,False,truck,2016-03-10 17:36:00,8,12,15,22,False,2,1,102,False,8,0,1,0.9458917835671342,0.9923983646585572
ABRAND00803,322,52.34,-114.49,1,4,2,120,5,30,120,2845.8834782976005,0,14,False,truck,2015-12-11 23:26:00,15,11,15,22,False,2,0,192,False,8,0,0,0.9478957915831663,0.9927462596143903
ABRAND00715,351,52.8,-114.88,1,4,2,120,5,30,120,6354.052085318401,0,13,False,truck,2015-06-14 23:43:00,14,10,15,22,False,2,0,372,False,8,0,0,0.9498997995991983,0.9930932324223722
ABRAND00656,601,53.43,-115.14,1,4,2,120,5,30,120,3582.8863506144003,1,14,False,truck,2015-09-12 17:09:00,13,10,15,22,False,2,0,282,False,6,0,0,0.9519038076152304,0.9934395972033881
ABRAND00903,361,52.51,-114.25,1,4,2,120,5,30,120,3156.877800864,0,14,False,truck,2016-03-10 17:36:00,15,11,15,22,False,2,0,102,False,8,0,0,0.9539078156312625,0.9937854554192093
ABRAND00513,311,53.44,-115.67,1,4,2,120,5,30,120,1892.5117340544,0,11,False,truck,2015-03-16 17:37:00,13,9,15,22,False,2,0,462,False,7,0,1,0.9559118236472945,0.9941184664905108
ABRAND00284,601,54.16,-117.41,1,4,2,120,5,30,120,2348.7383423520005,1,10,False,truck,2015-12-11 17:59:00,12,5,15,22,False,2,0,192,False,4,0,0,0.9579158316633266,0.9944475444177453
ABRAND00717,361,52.85,-114.87,1,4,2,120,5,30,120,1290.6421145568002,0,13,False,truck,2015-09-12 17:09:00,14,10,15,22,False,2,0,282,False,6,1,0,0.9599198396793587,0.9947725492544272
ABRAND00473,311,53.2,-115.8,1,4,2,120,5,30,120,5766.0516830016,1,9,False,truck,2015-12-11 17:59:00,14,8,15,22,False,2,0,192,False,7,0,0,0.9619238476953907,0.9950915406660296
ABRAND00390,361,53.88,-116.01,1,4,2,120,5,30,120,6743.8865793888,0,15,False,truck,2015-06-14 18:24:00,12,8,15,22,False,2,0,372,False,9,0,0,0.9639278557114228,0.995407858927038
ABRAND00099,601,54.69,-119.47,1,4,2,120,5,30,120,2481.4916293248007,2,12,False,truck,2016-06-08 17:11:00,11,1,15,22,False,2,0,12,False,8,1,0,0.9659318637274549,0.9957238576209156
ABRAND00323,601,53.31,-116.29,1,4,2,120,5,30,120,1152.2112696576,7,5,False,truck,2016-06-08 17:11:00,13,7,15,22,False,2,0,12,False,5,0,0,0.9679358717434869,0.9960390881150247
ABRAND00078,601,54.98,-119.56,1,4,2,120,5,30,120,76869.30574583999,0,10,False,truck,2016-03-10 23:40:00,10,1,15,22,False,2,0,102,False,6,0,0,0.969939879759519,0.9963476112386546
ABRAND00187,621,54.65,-118.85,1,4,2,120,5,30,120,3254.410747324801,0,14,False,truck,2015-12-12 23:40:00,11,2,14,22,False,2,0,191,False,7,0,0,0.9719438877755511,0.9966423063646881
ABRAND00759,311,52.56,-114.65,1,4,2,120,5,30,120,2458.5664548960003,1,12,False,truck,2016-06-09 23:42:00,15,11,14,22,False,2,0,11,False,7,0,0,0.9739478957915831,0.9969342972325774
ABRAND00158,351,54.38,-119.07,1,4,2,120,5,30,120,41583.1079411424,2,9,False,truck,2016-06-09 23:42:00,11,2,14,22,False,2,0,11,False,7,0,0,0.9759519038076152,0.997218996804935
ABRAND00980,351,52.66,-114.04,1,4,2,120,5,30,120,3920.6945465856006,4,9,False,truck,2015-06-15 23:03:00,15,12,14,22,False,2,0,371,False,6,0,2,0.9779559118236473,0.9974965088828621
ABRAND00482,351,53.76,-115.77,1,4,2,120,5,30,120,4051.8050577408,1,7,False,truck,2015-12-12 19:00:00,12,8,14,22,False,2,0,191,False,5,0,0,0.9799599198396793,0.9977585881414676
ABRAND00936,601,52.42,-114.18,1,4,2,120,5,30,120,2429.5581237024003,0,6,False,truck,2015-09-13 19:03:00,15,12,14,22,False,2,0,281,False,5,1,0,0.9819639278557114,0.9980200251535976
ABRAND00722,311,52.91,-114.83,1,4,2,120,5,30,120,2067.1785083520003,0,8,False,truck,2015-12-12 19:00:00,14,10,14,22,False,2,0,191,False,6,0,0,0.9839679358717435,0.998280697856607
ABRAND00999,601,55.62,-113.94,1,4,2,120,5,30,120,1741.0278877632,1,17,False,truck,2015-09-13 19:03:00,9,12,14,22,False,2,6,281,False,8,4,0,0.9859719438877755,0.9985237283797025
ABRAND00921,362,52.82,-114.22,1,4,2,120,5,30,120,3279.7451308896007,2,13,False,truck,2015-06-15 17:37:00,14,12,14,22,False,2,0,371,False,10,1,0,0.9879759519038076,0.9987613643933457
ABRAND00243,311,54.21,-118.16,1,4,2,120,5,30,120,84689.0860312224,0,22,False,truck,2016-03-11 23:28:00,12,4,14,22,False,2,0,101,False,13,1,0,0.9899799599198397,0.9989981004174089
ABRAND00102,601,57.45,-119.44,1,4,2,120,5,30,120,4445.590143427201,1,10,False,truck,2016-06-09 17:10:00,5,1,14,22,False,2,0,11,False,8,0,0,0.9919839679358717,0.9992310642512803
ABRAND00927,601,52.42,-114.19,1,4,2,120,5,30,120,6748.672317033601,0,14,False,truck,2015-09-13 23:46:00,15,12,14,22,False,2,0,281,False,10,0,0,0.9939879759519038,0.999458419748445
ABRAND00996,361,52.74,-113.98,1,4,2,120,5,30,120,1530.9827208288002,0,10,False,truck,2016-03-11 23:28:00,15,12,14,22,False,2,0,101,False,6,1,1,0.9959919839679359,0.9996718947620538
ABRAND00358,601,53.02,-116.12,1,4,2,120,5,30,120,3453.5870509535994,0,10,False,truck,2015-12-13 23:21:00,14,8,13,22,False,2,0,190,False,6,0,0,0.9979959919839679,0.9998601260699017
ABRAND00952,362,52.79,-114.14,1,4,2,120,5,30,120,8046.689813539199,0,16,False,truck,2016-03-12 23:54:00,14,12,13,22,False,2,0,100,False,10,1,0,1.0,1.0
